review_id,source,post_date,rating,theme,theme_name,is_question,text,tokens,token_text,sentiment,sent_band,lda_topic,rating_num,mined_theme
R0524,App Store,2025-05-03,2.0,support,客服响应慢/处理周期长,0,客观说一句，报错了找客服来回踢皮球，好几天没解决,"['报错', '客服', '来回', '踢皮球', '几天', '解决']",报错 客服 来回 踢皮球 几天 解决,0.0,负面,其他使用体验,2.0,客服与工单
R0463,App Store,2025-08-16,5.0,pricing,价格与收费争议,0,年付折扣可以，客服还帮忙申请了老客户优惠,"['年付', '折扣', '客服', '帮忙', '申请', '老客户', '优惠']",年付 折扣 客服 帮忙 申请 老客户 优惠,0.003,负面,物流同步与回传,5.0,客服与工单
R0011,华为应用市场,2025-04-24,3.0,order_sync,订单漏单/同步延迟,0,用了大半年，漏单遇到过两次，重跑同步就好，希望能自动重试,"['大半年', '漏单', '遇到', '两次', '重跑', '同步', '希望', '重试']",大半年 漏单 遇到 两次 重跑 同步 希望 重试,0.119,负面,多平台库存/超卖,3.0,订单同步与处理
R1004,官方社区,2025-05-29,3.0,logistics,物流单号同步慢/回传失败,1,物流单号一直不回传是怎么回事？要在哪里重新推送？。。。,"['物流单号', '回传', '怎么回事', '哪里', '重新', '推送']",物流单号 回传 怎么回事 哪里 重新 推送,0.027,负面,其他使用体验,3.0,物流同步与回传
R0187,小红书,2025-06-24,3.0,inventory,多平台库存不同步/超卖,1,多仓调拨在途库存算哪个仓库？可用数对不上,"['多仓', '调拨', '库存', '哪个', '仓库', '可用', '对不上']",多仓 调拨 库存 哪个 仓库 可用 对不上,0.101,负面,其他使用体验,3.0,多平台库存/超卖
R0164,小红书,2025-08-18,3.0,logistics,物流单号同步慢/回传失败,0,小卖家一枚，物流同步基本能用，就是极兔偶尔慢一点，手动刷新就好,"['一枚', '物流', '同步', '基本', '极兔', '偶尔', '一点', '刷新']",一枚 物流 同步 基本 极兔 偶尔 一点 刷新,0.807,正面,物流同步与回传,3.0,物流同步与回传
R0714,官方社区,2025-07-25,4.0,stability,系统卡顿/大促不稳定,0,求助，用了两年基本没宕过机，比之前换的那家强太多，大家注意避坑,"['两年', '基本', '没宕', '过机', '那家', '强太多']",两年 基本 没宕 过机 那家 强太多,0.002,负面,客服与工单,4.0,未分类
R0847,小红书,2025-05-02,5.0,praise,正向评价,0,说实话，多店铺多平台统一管理，Lazada扩店一点不慌😭,"['说实话', '统一', '管理', 'Lazada', '扩店', '一点']",说实话 统一 管理 Lazada 扩店 一点,0.328,负面,物流同步与回传,5.0,正向评价
R0102,App Store,2025-04-11,3.0,support,客服响应慢/处理周期长,1,工单在哪里看进度？提交了完全不知道排到哪了,"['工单', '哪里', '进度', '提交', '排到']",工单 哪里 进度 提交 排到,0.067,负面,客服与工单,3.0,客服与工单
R0404,App Store,2025-05-31,5.0,logistics,物流单号同步慢/回传失败,1,发货后虾皮后台不显示单号，有人知道怎么批量补传吗？,"['发货', '虾皮', '后台', '显示', '批量', '补传']",发货 虾皮 后台 显示 批量 补传,0.007,负面,其他使用体验,5.0,物流同步与回传
R0385,小红书,2025-08-14,1.0,logistics,物流单号同步慢/回传失败,0,老用户说句公道话，物流超时预警根本不触发，等买家投诉才知道包裹卡了,"['说句', '物流', '超时', '预警', '触发', '投诉', '包裹']",说句 物流 超时 预警 触发 投诉 包裹,0.0,负面,其他使用体验,1.0,物流同步与回传
R0764,华为应用市场,2025-06-18,3.0,onboarding,上手成本高/引导不足,1,初始化导入商品有模板吗？字段填错了怎么批量改？,"['初始化', '导入', '商品', '模板', '字段', '填错', '批量']",初始化 导入 商品 模板 字段 填错 批量,0.241,负面,其他使用体验,3.0,未分类
R0342,App Store,2025-05-22,1.0,order_sync,订单漏单/同步延迟,0,说实话，取消的订单不同步，仓库照发，货发了钱也退了！！！,"['说实话', '取消', '订单', '同步', '仓库', '照发', '货发']",说实话 取消 订单 同步 仓库 照发 货发,0.0,负面,价格与收费,1.0,订单同步与处理
R0577,小米应用商店,2025-07-14,5.0,praise,正向评价,0,多店铺多平台统一管理，亚马逊扩店一点不慌,"['统一', '管理', '亚马逊', '扩店', '一点']",统一 管理 亚马逊 扩店 一点,0.801,正面,物流同步与回传,5.0,正向评价
R0942,App Store,2025-03-18,1.0,logistics,物流单号同步慢/回传失败,0,说实话，ERP显示已发货，Lazada后台还是待发货，单号丢了三单，买家天天催发货,"['说实话', 'ERP', '显示', '发货', 'Lazada', '后台', '发货', '单号', '三单', '天天', '发货']",说实话 ERP 显示 发货 Lazada 后台 发货 单号 三单 天天 发货,0.0,负面,其他使用体验,1.0,物流同步与回传
R0629,App Store,2025-06-13,1.0,order_sync,订单漏单/同步延迟,0,旺季实测，订单备注同步不过来，买家留言的赠品要求看不到，差评警告！！！,"['订单', '备注', '同步', '过来', '留言', '赠品', '要求', '看不到', '差评', '警告']",订单 备注 同步 过来 留言 赠品 要求 看不到 差评 警告,0.006,负面,价格与收费,1.0,订单同步与处理
R0198,华为应用市场,2025-05-06,1.0,listing,刊登与商品管理问题,0,小卖家一枚，Listing监控形同虚设，跟卖提醒一点不准 有没有同款情况的卖家,"['一枚', 'Listing', '监控', '形同虚设', '提醒', '一点', '不准', '有没有']",一枚 Listing 监控 形同虚设 提醒 一点 不准 有没有,0.003,负面,其他使用体验,1.0,刊登与商品
R0440,小红书,2025-07-06,1.0,listing,刊登与商品管理问题,0,真的服了，eBay类目对不上，刊登被退回说属性缺失，半夜还在手动补，老板已经在问我了服了,"['eBay', '类目', '对不上', '刊登', '退回', '属性', '缺失']",eBay 类目 对不上 刊登 退回 属性 缺失,0.0,负面,其他使用体验,1.0,刊登与商品
R0162,华为应用市场,2025-03-30,5.0,praise,正向评价,0,小卖家一枚，打单发货一条龙，仓库效率提升明显，老板说今年再加席位,"['一枚', '打单', '发货', '一条龙', '仓库', '效率', '提升', '明显', '今年', '席位']",一枚 打单 发货 一条龙 仓库 效率 提升 明显 今年 席位,0.284,负面,其他使用体验,5.0,物流同步与回传
R0833,小红书,2025-08-26,2.0,stability,系统卡顿/大促不稳定,0,老用户说句公道话，大促当天直接崩了三个小时，订单全积压,"['说句', '三个', '订单', '积压']",说句 三个 订单 积压,0.019,负面,价格与收费,2.0,订单同步与处理
R0512,小红书,2025-03-12,1.0,support,客服响应慢/处理周期长,0,吐槽一下，售后工单解决一个问题平均要两天，期间订单发不出去，大促根本不敢放量,"['售后', '工单', '解决', '平均', '期间', '订单', '出去']",售后 工单 解决 平均 期间 订单 出去,0.0,负面,客服与工单,1.0,订单同步与处理
R0612,知乎,2025-08-13,4.0,finance,对账与财务能力弱,1,想看单个店铺的利润要在哪里筛选？,"['单个', '利润', '哪里', '筛选']",单个 利润 哪里 筛选,0.401,中性,客服与工单,4.0,财务对账
R0214,官方社区,2025-05-01,4.0,order_sync,订单漏单/同步延迟,1,多属性订单的规格映射在哪里配？发错颜色好几次了,"['属性', '订单', '规格', '映射', '哪里', '发错', '颜色', '几次']",属性 订单 规格 映射 哪里 发错 颜色 几次,0.202,负面,价格与收费,4.0,订单同步与处理
R0770,小红书,2025-03-14,1.0,order_sync,订单漏单/同步延迟,0,订单备注同步不过来，买家留言的赠品要求看不到，差评警告！！！,"['订单', '备注', '同步', '过来', '留言', '赠品', '要求', '看不到', '差评', '警告']",订单 备注 同步 过来 留言 赠品 要求 看不到 差评 警告,0.002,负面,价格与收费,1.0,订单同步与处理
R0521,App Store,2025-05-12,3.0,support,客服响应慢/处理周期长,0,求助，工作日白天响应快，晚上和周末基本只能留言,"['工作日', '白天', '响应', '周末', '基本', '留言']",工作日 白天 响应 周末 基本 留言,0.004,负面,客服与工单,3.0,客服与工单
R0985,App Store,2025-08-08,2.0,logistics,物流单号同步慢/回传失败,0,用了大半年，自定义物流渠道配了一次都不生效，文档也写不清楚，仓库白忙一场,"['大半年', '自定义', '物流', '渠道', '一次', '生效', '文档', '清楚', '仓库', '白忙', '一场']",大半年 自定义 物流 渠道 一次 生效 文档 清楚 仓库 白忙 一场,0.083,负面,其他使用体验,2.0,物流同步与回传
R0344,小红书,2025-05-03,5.0,praise,正向评价,0,求助，客户成功团队专业，季度回访还给优化建议，不像别家收钱就消失,"['客户', '回访', '还给', '不像', '别家', '收钱']",客户 回访 还给 不像 别家 收钱,0.004,负面,其他使用体验,5.0,正向评价
R0535,小红书,2025-03-10,2.0,pricing,价格与收费争议,0,老用户说句公道话，按席位收费太贵，客服仓库就用个打单也要全价席位，老板已经在问我了,"['说句', '席位', '收费', '太贵', '客服', '仓库', '用个', '打单', '全价', '席位']",说句 席位 收费 太贵 客服 仓库 用个 打单 全价 席位,0.002,负面,价格与收费,2.0,价格与收费
R0078,小红书,2025-08-01,3.0,finance,对账与财务能力弱,0,报表够用但不灵活，想要的维度得找客服定制导出,"['报表', '够用', '灵活', '想要', '维度', '客服', '定制', '导出']",报表 够用 灵活 想要 维度 客服 定制 导出,0.26,负面,其他使用体验,3.0,客服与工单
R0625,官方社区,2025-06-21,5.0,stability,系统卡顿/大促不稳定,0,老用户说句公道话，Prime Day当天单量翻五倍系统也扛住了，稳定性可以 有没有同款情况的卖家服了,"['说句', 'Prime', 'Day', '单量', '五倍', '稳定性', '有没有']",说句 Prime Day 单量 五倍 稳定性 有没有,0.017,负面,其他使用体验,5.0,正向评价
R0062,小米应用商店,2025-06-02,1.0,stability,系统卡顿/大促不稳定,0,用了大半年，页面加载慢得像拨号上网，打开库存页要等十几秒，买家天天催发货，大家注意避坑😤,"['大半年', '页面', '加载', '慢得', '拨号上网', '打开', '库存', '十几秒', '天天', '发货']",大半年 页面 加载 慢得 拨号上网 打开 库存 十几秒 天天 发货,0.0,负面,其他使用体验,1.0,多平台库存/超卖
R0036,App Store,2025-05-14,1.0,inventory,多平台库存不同步/超卖,0,老用户说句公道话，安全库存设了不提醒，断货两天才发现，大家注意避坑,"['说句', '安全库存', '提醒', '断货']",说句 安全库存 提醒 断货,0.001,负面,客服与工单,1.0,多平台库存/超卖
R0321,小红书,2025-03-16,2.0,stability,系统卡顿/大促不稳定,0,旺季实测，同步任务动不动失败，得手动重跑，晚上都不敢下班,"['同步', '任务', '动不动', '失败', '重跑', '下班']",同步 任务 动不动 失败 重跑 下班,0.088,负面,多平台库存/超卖,2.0,未分类
R0148,官方社区,2025-03-22,1.0,order_sync,订单漏单/同步延迟,0,订单备注同步不过来，买家留言的赠品要求看不到，大促根本不敢放量 有没有同款情况的卖家,"['订单', '备注', '同步', '过来', '留言', '赠品', '要求', '看不到', '有没有']",订单 备注 同步 过来 留言 赠品 要求 看不到 有没有,0.009,负面,价格与收费,1.0,订单同步与处理
R0788,知乎,2025-04-29,1.0,stability,系统卡顿/大促不稳定,0,手机端更夸张，查个订单能闪退十几次,"['夸张', '查个', '订单', '闪退', '十几次']",夸张 查个 订单 闪退 十几次,0.018,负面,价格与收费,1.0,订单同步与处理
R0644,小红书,2025-05-28,1.0,order_sync,订单漏单/同步延迟,0,老用户说句公道话，自动审单规则经常误判，正常订单被拦成异常,"['说句', '自动审单', '误判', '正常', '订单', '拦成', '异常']",说句 自动审单 误判 正常 订单 拦成 异常,0.052,负面,价格与收费,1.0,订单同步与处理
R0228,小红书,2025-07-28,3.0,logistics,物流单号同步慢/回传失败,1,回传失败的订单有列表可以批量重试吗？,"['回传失败', '订单', '列表', '批量', '重试']",回传失败 订单 列表 批量 重试,0.049,负面,多平台库存/超卖,3.0,物流同步与回传
R1008,小米应用商店,2025-06-16,2.0,logistics,物流单号同步慢/回传失败,0,物流轨迹更新延迟好几个小时，买家问货到哪了我比他还懵。。。,"['物流轨迹', '更新', '延迟', '好几个', '问货到']",物流轨迹 更新 延迟 好几个 问货到,0.056,负面,其他使用体验,2.0,物流同步与回传
R0987,小红书,2025-05-27,1.0,logistics,物流单号同步慢/回传失败,0,老用户说句公道话，批量发货后单号回传成功率不到九成，每天都要人工核，买家天天催发货！！！,"['说句', '批量', '发货', '单号回传', '成功率', '不到', '九成', '人工', '天天', '发货']",说句 批量 发货 单号回传 成功率 不到 九成 人工 天天 发货,0.006,负面,其他使用体验,1.0,物流同步与回传
R0479,App Store,2025-04-29,5.0,stability,系统卡顿/大促不稳定,0,用了大半年，Prime Day当天单量翻五倍系统也扛住了，稳定性可以,"['大半年', 'Prime', 'Day', '单量', '五倍', '稳定性']",大半年 Prime Day 单量 五倍 稳定性,0.339,负面,其他使用体验,5.0,正向评价
R0084,小米应用商店,2025-03-12,1.0,finance,对账与财务能力弱,0,利润报表算不准，头程运费和广告费分摊逻辑看不懂！！！,"['利润报表', '不准', '头程', '运费', '广告费', '分摊', '逻辑', '看不懂']",利润报表 不准 头程 运费 广告费 分摊 逻辑 看不懂,0.003,负面,其他使用体验,1.0,财务对账
R0583,官方社区,2025-04-29,1.0,pricing,价格与收费争议,0,旺季实测，旺季临时加席位比平时贵一倍，趁火打劫吗,"['临时', '席位', '平时', '一倍', '趁火打劫']",临时 席位 平时 一倍 趁火打劫,0.316,负面,多平台库存/超卖,1.0,价格与收费
R0392,小红书,2025-06-23,3.0,inventory,多平台库存不同步/超卖,0,说实话，功能有但配置复杂，研究了两天才搞懂可售和可用的区别，老板已经在问我了,"['说实话', '复杂', '搞懂', '可售', '可用', '区别']",说实话 复杂 搞懂 可售 可用 区别,0.21,负面,其他使用体验,3.0,多平台库存/超卖
R0722,官方社区,2025-05-22,1.0,order_sync,订单漏单/同步延迟,0,黑五那几天订单堆积同步不过来，手动导单导到怀疑人生，老板已经在问我了服了,"['黑五', '几天', '订单', '堆积', '同步', '过来', '导单', '导到', '怀疑', '人生']",黑五 几天 订单 堆积 同步 过来 导单 导到 怀疑 人生,0.054,负面,价格与收费,1.0,订单同步与处理
R0013,小红书,2025-04-19,5.0,praise,正向评价,0,用了大半年，从选品刊登到发货对账全链路打通，数据不用倒来倒去 有没有同款情况的卖家,"['大半年', '选品', '刊登', '发货', '对账', '链路', '打通', '数据', '不用', '倒来倒去', '有没有']",大半年 选品 刊登 发货 对账 链路 打通 数据 不用 倒来倒去 有没有,0.006,负面,价格与收费,5.0,财务对账
R0186,小红书,2025-08-14,1.0,pricing,价格与收费争议,0,吐槽一下，报价不透明，销售一个价合同一个价，各种隐藏费用，买家天天催发货，大家注意避坑,"['报价', '透明', '销售', '合同', '各种', '隐藏', '费用', '天天', '发货']",报价 透明 销售 合同 各种 隐藏 费用 天天 发货,0.001,负面,其他使用体验,1.0,价格与收费
R0449,App Store,2025-05-19,1.0,pricing,价格与收费争议,0,基础版好多功能要额外加钱，模块分开收费套路深，大促根本不敢放量,"['基础', '版好', '多功能', '额外', '模块', '分开', '收费', '套路']",基础 版好 多功能 额外 模块 分开 收费 套路,0.554,中性,其他使用体验,1.0,价格与收费
R0130,知乎,2025-07-30,3.0,order_sync,订单漏单/同步延迟,1,异常订单被拦截后怎么批量处理？,"['异常', '订单', '拦截', '批量', '处理']",异常 订单 拦截 批量 处理,0.55,中性,价格与收费,3.0,订单同步与处理
R0455,小红书,2025-06-30,3.0,order_sync,订单漏单/同步延迟,0,老用户说句公道话，同步基本及时，个别订单要手动拉一下，整体可以接受，有用点个赞,"['说句', '同步', '基本', '及时', '个别', '订单', '接受', '点个']",说句 同步 基本 及时 个别 订单 接受 点个,0.861,正面,其他使用体验,3.0,订单同步与处理
R0055,App Store,2025-04-26,1.0,logistics,物流单号同步慢/回传失败,0,求助，大促期间物流回传直接排队，早上发的货下午才显示 有没有同款情况的卖家,"['期间', '物流', '回传', '排队', '显示', '有没有']",期间 物流 回传 排队 显示 有没有,0.0,负面,其他使用体验,1.0,物流同步与回传
R0763,App Store,2025-06-08,4.0,inventory,多平台库存不同步/超卖,1,采购在途数量怎么统计？为什么和供应商发货数对不上？,"['采购', '数量', '统计', '供应商', '发货', '对不上']",采购 数量 统计 供应商 发货 对不上,0.126,负面,其他使用体验,4.0,多平台库存/超卖
R0118,小红书,2025-07-11,2.0,inventory,多平台库存不同步/超卖,0,库存同步延迟太离谱，仓库出完货前台还挂着，大家注意避坑,"['库存同步', '延迟', '离谱', '仓库', '完货', '前台']",库存同步 延迟 离谱 仓库 完货 前台,0.0,负面,价格与收费,2.0,多平台库存/超卖
R0232,官方社区,2025-07-10,3.0,onboarding,上手成本高/引导不足,0,吐槽一下，功能全但也复杂，建议找人带一下，自己摸索成本高 有没有同款情况的卖家,"['复杂', '找人带', '摸索', '成本', '有没有']",复杂 找人带 摸索 成本 有没有,0.123,负面,其他使用体验,3.0,上手与培训
R0519,小红书,2025-07-10,5.0,praise,正向评价,0,老用户说句公道话，打单发货一条龙，仓库效率提升明显，老板说今年再加席位服了,"['说句', '打单', '发货', '一条龙', '仓库', '效率', '提升', '明显', '今年', '席位']",说句 打单 发货 一条龙 仓库 效率 提升 明显 今年 席位,0.015,负面,其他使用体验,5.0,物流同步与回传
R0341,App Store,2025-06-14,2.0,onboarding,上手成本高/引导不足,0,老用户说句公道话，帮助中心像产品说明书，没有实操案例看完还是不会，半夜还在手动补 有没有同款情况的卖家,"['说句', '帮助', '中心', '产品', '说明书', '没有', '实操', '案例', '不会', '有没有']",说句 帮助 中心 产品 说明书 没有 实操 案例 不会 有没有,0.015,负面,客服与工单,2.0,上手与培训
R0608,知乎,2025-07-02,3.0,support,客服响应慢/处理周期长,0,旺季实测，客服态度还行就是专业度参差，复杂问题得等他们问技术,"['客服', '态度', '参差', '复杂', '技术']",客服 态度 参差 复杂 技术,0.07,负面,其他使用体验,3.0,客服与工单
R0419,App Store,2025-03-22,5.0,praise,正向评价,0,吐槽一下，手机端查订单看数据方便，出差也能盯店铺，有用点个赞,"['端查', '订单', '数据', '方便', '出差', '点个']",端查 订单 数据 方便 出差 点个,0.378,负面,价格与收费,5.0,订单同步与处理
R0654,官方社区,2025-05-05,5.0,support,客服响应慢/处理周期长,0,说实话，专属客户成功经理很负责，大促前主动提醒备货压测，好评，有用点个赞,"['说实话', '专属', '客户', '经理', '负责', '主动', '提醒', '备货', '压测', '好评', '点个']",说实话 专属 客户 经理 负责 主动 提醒 备货 压测 好评 点个,0.394,负面,其他使用体验,5.0,正向评价
R0014,知乎,2025-03-29,1.0,order_sync,订单漏单/同步延迟,0,旺季实测，取消的订单不同步，仓库照发，货发了钱也退了，大促根本不敢放量 有没有同款情况的卖家,"['取消', '订单', '同步', '仓库', '照发', '货发', '有没有']",取消 订单 同步 仓库 照发 货发 有没有,0.0,负面,价格与收费,1.0,订单同步与处理
R0666,小红书,2025-08-16,1.0,finance,对账与财务能力弱,0,利润报表算不准，头程运费和广告费分摊逻辑看不懂，仓库白忙一场，老板已经在问我了😭,"['利润报表', '不准', '头程', '运费', '广告费', '分摊', '逻辑', '看不懂', '仓库', '白忙', '一场']",利润报表 不准 头程 运费 广告费 分摊 逻辑 看不懂 仓库 白忙 一场,0.002,负面,其他使用体验,1.0,财务对账
R0047,知乎,2025-07-21,5.0,praise,正向评价,0,免费版就够用，小卖家福音，客服回复也及时，五星，有用点个赞,"['免费版', '够用', '福音', '客服', '回复', '及时', '五星', '点个']",免费版 够用 福音 客服 回复 及时 五星 点个,0.7,正面,其他使用体验,5.0,客服与工单
R0431,小红书,2025-03-04,1.0,order_sync,订单漏单/同步延迟,0,取消的订单不同步，仓库照发，货发了钱也退了,"['取消', '订单', '同步', '仓库', '照发', '货发']",取消 订单 同步 仓库 照发 货发,0.001,负面,价格与收费,1.0,订单同步与处理
R0709,小米应用商店,2025-06-05,1.0,pricing,价格与收费争议,0,老用户说句公道话，免费试用到期直接扣费，事先没有明显提醒，半夜还在手动补,"['说句', '免费', '试用', '到期', '扣费', '事先', '没有', '明显', '提醒']",说句 免费 试用 到期 扣费 事先 没有 明显 提醒,0.003,负面,客服与工单,1.0,未分类
R0450,知乎,2025-03-22,3.0,onboarding,上手成本高/引导不足,1,速卖通授权令牌过期了怎么重新授权？订单会漏吗？无语了,"['速卖通', '授权', '令牌', '过期', '重新', '授权', '订单', '会漏', '无语']",速卖通 授权 令牌 过期 重新 授权 订单 会漏 无语,0.002,负面,其他使用体验,3.0,订单同步与处理
R0171,App Store,2025-03-15,5.0,praise,正向评价,0,打单发货一条龙，仓库效率提升明显，老板说今年再加席位，有用点个赞😭,"['打单', '发货', '一条龙', '仓库', '效率', '提升', '明显', '今年', '席位', '点个']",打单 发货 一条龙 仓库 效率 提升 明显 今年 席位 点个,0.5,中性,其他使用体验,5.0,物流同步与回传
R0441,官方社区,2025-03-04,2.0,pricing,价格与收费争议,0,求助，旺季临时加席位比平时贵一倍，趁火打劫吗，有用点个赞,"['临时', '席位', '平时', '一倍', '趁火打劫', '点个']",临时 席位 平时 一倍 趁火打劫 点个,0.237,负面,多平台库存/超卖,2.0,价格与收费
R0712,华为应用市场,2025-06-20,1.0,support,客服响应慢/处理周期长,0,老用户说句公道话，报错了找客服来回踢皮球，半天没解决！！！,"['说句', '报错', '客服', '来回', '踢皮球', '解决']",说句 报错 客服 来回 踢皮球 解决,0.0,负面,其他使用体验,1.0,客服与工单
R0096,App Store,2025-08-23,3.0,inventory,多平台库存不同步/超卖,1,两个店铺共用一个仓库，库存怎么设置才能同步扣减？🤦,"['两个', '共用', '仓库', '库存', '设置', '才能', '同步', '扣减']",两个 共用 仓库 库存 设置 才能 同步 扣减,0.047,负面,其他使用体验,3.0,多平台库存/超卖
R1005,App Store,2025-08-24,5.0,praise,正向评价,0,多店铺多平台统一管理，TikTok Shop扩店一点不慌，同意楼上,"['统一', '管理', 'TikTok', 'Shop', '扩店', '一点', '同意', '楼上']",统一 管理 TikTok Shop 扩店 一点 同意 楼上,0.145,负面,物流同步与回传,5.0,正向评价
R0487,官方社区,2025-07-04,5.0,support,客服响应慢/处理周期长,0,旺季实测，专属客户成功经理很负责，大促前主动提醒备货压测，好评,"['专属', '客户', '经理', '负责', '主动', '提醒', '备货', '压测', '好评']",专属 客户 经理 负责 主动 提醒 备货 压测 好评,0.245,负面,其他使用体验,5.0,正向评价
R0297,App Store,2025-08-22,4.0,inventory,多平台库存不同步/超卖,0,用了大半年，库存同步基本准，但大促那几分钟会延迟，建议留点缓冲，有用点个赞,"['大半年', '库存同步', '基本', '几分钟', '延迟', '留点', '缓冲', '点个']",大半年 库存同步 基本 几分钟 延迟 留点 缓冲 点个,0.918,正面,其他使用体验,4.0,多平台库存/超卖
R0725,华为应用市场,2025-08-10,5.0,logistics,物流单号同步慢/回传失败,0,云帆对接的物流渠道是真的全，燕文一键下单打单很顺,"['云帆', '对接', '物流', '渠道', '燕文', '一键', '单打']",云帆 对接 物流 渠道 燕文 一键 单打,0.754,正面,其他使用体验,5.0,物流同步与回传
R0448,小红书,2025-03-01,5.0,praise,正向评价,0,真的服了，系统稳定功能扎实，换了三家ERP最后在云帆安家,"['稳定', '扎实', '三家', 'ERP', '最后', '云帆', '安家']",稳定 扎实 三家 ERP 最后 云帆 安家,0.957,正面,客服与工单,5.0,正向评价
R0106,官方社区,2025-08-02,1.0,onboarding,上手成本高/引导不足,0,上手太难了，功能入口藏得深，新运营培训一周还是懵，大家注意避坑,"['上手', '太难', '入口', '藏得', '运营', '培训', '一周']",上手 太难 入口 藏得 运营 培训 一周,0.836,正面,客服与工单,1.0,上手与培训
R0849,小米应用商店,2025-08-31,3.0,finance,对账与财务能力弱,1,Wish平台扣费怎么和订单逐单对账？求操作教程,"['Wish', '扣费', '订单', '逐单', '对账', '操作', '教程']",Wish 扣费 订单 逐单 对账 操作 教程,0.096,负面,多平台库存/超卖,3.0,订单同步与处理
R0305,知乎,2025-07-18,5.0,support,客服响应慢/处理周期长,0,客观说一句，技术支持凌晨还在帮我处理面单问题，确实被感动到，大家注意避坑,"['技术支持', '处理', '面单', '感动']",技术支持 处理 面单 感动,0.221,负面,物流同步与回传,5.0,物流同步与回传
R0791,华为应用市场,2025-03-09,2.0,support,客服响应慢/处理周期长,0,小卖家一枚，续费之前天天嘘寒问暖，出问题人都找不到，有用点个赞,"['一枚', '续费', '天天', '嘘寒问暖', '不到', '点个']",一枚 续费 天天 嘘寒问暖 不到 点个,0.96,正面,其他使用体验,2.0,未分类
R0767,官方社区,2025-06-14,1.0,pricing,价格与收费争议,0,求助，旺季临时加席位比平时贵一倍，趁火打劫吗，老板已经在问我了,"['临时', '席位', '平时', '一倍', '趁火打劫']",临时 席位 平时 一倍 趁火打劫,0.008,负面,多平台库存/超卖,1.0,价格与收费
R0158,小米应用商店,2025-08-19,3.0,stability,系统卡顿/大促不稳定,1,同步任务失败后在哪里手动重跑？找不到入口,"['同步', '任务', '失败', '哪里', '重跑', '不到', '入口']",同步 任务 失败 哪里 重跑 不到 入口,0.08,负面,多平台库存/超卖,3.0,系统稳定性
R0578,App Store,2025-07-19,2.0,order_sync,订单漏单/同步延迟,0,旺季实测，合单拆单逻辑乱，同一买家两单合了之后库存扣错，买家天天催发货 有没有同款情况的卖家,"['合单', '拆单', '逻辑', '同一', '单合', '库存', '扣错', '天天', '发货', '有没有']",合单 拆单 逻辑 同一 单合 库存 扣错 天天 发货 有没有,0.0,负面,其他使用体验,2.0,订单同步与处理
R0299,华为应用市场,2025-03-10,5.0,stability,系统卡顿/大促不稳定,0,老用户说句公道话，Prime Day当天单量翻五倍系统也扛住了，稳定性可以,"['说句', 'Prime', 'Day', '单量', '五倍', '稳定性']",说句 Prime Day 单量 五倍 稳定性,0.193,负面,其他使用体验,5.0,正向评价
R0836,小米应用商店,2025-07-20,2.0,inventory,多平台库存不同步/超卖,0,真的服了，盘点功能难用，盘完差异一大把也不知道哪笔单扣错,"['盘点', '差异', '一大', '哪笔', '单扣']",盘点 差异 一大 哪笔 单扣,0.258,负面,其他使用体验,2.0,多平台库存/超卖
R0246,华为应用市场,2025-04-25,2.0,onboarding,上手成本高/引导不足,0,用了大半年，帮助中心像产品说明书，没有实操案例看完还是不会，光这个每月损失不少钱,"['大半年', '帮助', '中心', '产品', '说明书', '没有', '实操', '案例', '不会']",大半年 帮助 中心 产品 说明书 没有 实操 案例 不会,0.045,负面,客服与工单,2.0,上手与培训
R0411,App Store,2025-08-13,3.0,inventory,多平台库存不同步/超卖,0,真的服了，库存同步基本准，但大促那几分钟会延迟，建议留点缓冲！！！,"['库存同步', '基本', '几分钟', '延迟', '留点', '缓冲']",库存同步 基本 几分钟 延迟 留点 缓冲,0.12,负面,其他使用体验,3.0,多平台库存/超卖
R0064,官方社区,2025-08-29,3.0,inventory,多平台库存不同步/超卖,1,盘点单审核后差异会自动调整库存吗？,"['盘点', '审核', '差异', '调整', '库存']",盘点 审核 差异 调整 库存,0.006,负面,其他使用体验,3.0,多平台库存/超卖
R0230,官方社区,2025-07-21,1.0,listing,刊登与商品管理问题,0,小卖家一枚，小语种翻译机翻味太重，还得自己重新润色，退款退到麻木,"['一枚', '语种', '翻译机', '翻味', '太重', '重新', '润色', '退款', '麻木']",一枚 语种 翻译机 翻味 太重 重新 润色 退款 麻木,0.519,中性,其他使用体验,1.0,刊登与商品
R0632,小红书,2025-04-28,1.0,support,客服响应慢/处理周期长,0,客观说一句，客服只会让清缓存重启，明显是bug也不承认，仓库白忙一场，有用点个赞,"['客服', '只会', '缓存', '重启', '明显', 'bug', '承认', '仓库', '白忙', '一场', '点个']",客服 只会 缓存 重启 明显 bug 承认 仓库 白忙 一场 点个,0.013,负面,其他使用体验,1.0,系统稳定性
R0163,小红书,2025-06-03,3.0,inventory,多平台库存不同步/超卖,1,库存同步频率在哪里调？能不能按店铺分别设置？😤,"['库存同步', '频率', '哪里', '不能', '分别', '设置']",库存同步 频率 哪里 不能 分别 设置,0.07,负面,其他使用体验,3.0,多平台库存/超卖
R0360,官方社区,2025-07-29,3.0,listing,刊登与商品管理问题,0,用了大半年，刊登够用但谈不上多好用，批量功能再强点就好 有没有同款情况的卖家,"['大半年', '刊登', '够用', '谈不上', '多好', '批量', '强点', '有没有']",大半年 刊登 够用 谈不上 多好 批量 强点 有没有,0.037,负面,其他使用体验,3.0,刊登与商品
R0983,知乎,2025-09-04,3.0,support,客服响应慢/处理周期长,1,能不能加急处理？店铺因为同步问题已经停发半天了,"['不能', '加急', '处理', '因为', '同步', '停发']",不能 加急 处理 因为 同步 停发,0.16,负面,其他使用体验,3.0,未分类
R1018,小红书,2025-05-26,1.0,onboarding,上手成本高/引导不足,0,新手引导基本等于没有，全靠自己摸和问客服 吧,"['新手', '引导', '基本', '等于', '没有', '全靠', '客服']",新手 引导 基本 等于 没有 全靠 客服,0.109,负面,客服与工单,1.0,上手与培训
R0008,小米应用商店,2025-05-07,2.0,support,客服响应慢/处理周期长,0,说实话，报错了找客服来回踢皮球，一天没解决,"['说实话', '报错', '客服', '来回', '踢皮球', '一天', '解决']",说实话 报错 客服 来回 踢皮球 一天 解决,0.0,负面,其他使用体验,2.0,客服与工单
R0069,华为应用市场,2025-03-02,4.0,praise,正向评价,0,仓库从纸单换到PDA拣货，错发率基本归零，大家注意避坑,"['仓库', '从纸', '单换', 'PDA', '错发率', '基本', '归零']",仓库 从纸 单换 PDA 错发率 基本 归零,0.001,负面,客服与工单,4.0,正向评价
R0839,小红书,2025-07-29,5.0,onboarding,上手成本高/引导不足,0,老用户说句公道话，实施顾问很耐心，七天陪跑首单就跑通了，比想象顺利,"['说句', '实施', '顾问', '耐心', '七天', '首单', '想象', '顺利']",说句 实施 顾问 耐心 七天 首单 想象 顺利,0.931,正面,其他使用体验,5.0,上手与培训
R0617,知乎,2025-07-09,5.0,finance,对账与财务能力弱,0,吐槽一下，以前对账要三天现在半天搞定，财务再也不加班了,"['以前', '对账', '三天', '搞定', '财务', '再也', '加班']",以前 对账 三天 搞定 财务 再也 加班,0.014,负面,物流同步与回传,5.0,财务对账
R1011,App Store,2025-06-25,5.0,praise,正向评价,0,求助，打单发货一条龙，仓库效率提升明显，老板说今年再加席位 我也遇到了,"['打单', '发货', '一条龙', '仓库', '效率', '提升', '明显', '今年', '席位', '遇到']",打单 发货 一条龙 仓库 效率 提升 明显 今年 席位 遇到,0.027,负面,其他使用体验,5.0,物流同步与回传
R0969,App Store,2025-08-20,5.0,praise,正向评价,0,仓库从纸单换到PDA拣货，错发率基本归零,"['仓库', '从纸', '单换', 'PDA', '错发率', '基本', '归零']",仓库 从纸 单换 PDA 错发率 基本 归零,0.009,负面,客服与工单,5.0,正向评价
R0249,App Store,2025-04-28,4.0,order_sync,订单漏单/同步延迟,1,自动合单规则在哪里配置？为什么有的合了有的没合？,"['合单', '哪里', '没合']",合单 哪里 没合,0.204,负面,其他使用体验,4.0,订单同步与处理
R0400,官方社区,2025-07-24,4.0,logistics,物流单号同步慢/回传失败,1,请问物流轨迹多久同步一次？为什么买家说查不到？,"['物流轨迹', '多久', '同步', '一次', '查不到']",物流轨迹 多久 同步 一次 查不到,0.011,负面,多平台库存/超卖,4.0,物流同步与回传
R0744,App Store,2025-08-04,1.0,inventory,多平台库存不同步/超卖,0,小卖家一枚，可售库存和可用库存两个口径把新运营绕晕了，半夜还在手动补,"['一枚', '可售', '库存', '可用', '库存', '两个', '口径', '运营', '绕晕']",一枚 可售 库存 可用 库存 两个 口径 运营 绕晕,0.057,负面,客服与工单,1.0,多平台库存/超卖
R1006,App Store,2025-05-03,2.0,support,客服响应慢/处理周期长,0,客观说一句，报错了找客服来回踢皮球，好几天没解决，同意楼上,"['报错', '客服', '来回', '踢皮球', '几天', '解决', '同意', '楼上']",报错 客服 来回 踢皮球 几天 解决 同意 楼上,0.0,负面,其他使用体验,2.0,客服与工单
R0115,App Store,2025-07-26,5.0,inventory,多平台库存不同步/超卖,0,小卖家一枚，超卖预警救了我好几次，库存一到阈值自动下架，Shopee评分稳了,"['一枚', '超卖', '预警', '几次', '库存', '一到', '阈值', '下架', 'Shopee', '评分']",一枚 超卖 预警 几次 库存 一到 阈值 下架 Shopee 评分,0.715,正面,多平台库存/超卖,5.0,多平台库存/超卖
R0194,官方社区,2025-08-06,5.0,inventory,多平台库存不同步/超卖,0,旺季实测，超卖预警救了我好几次，库存一到阈值自动下架，TikTok Shop评分稳了，老板已经在问我了,"['超卖', '预警', '几次', '库存', '一到', '阈值', '下架', 'TikTok', 'Shop', '评分']",超卖 预警 几次 库存 一到 阈值 下架 TikTok Shop 评分,0.331,负面,多平台库存/超卖,5.0,多平台库存/超卖
R0984,App Store,2025-05-21,3.0,onboarding,上手成本高/引导不足,0,客观说一句，刚用觉得乱用顺了还好，前两周劝退期挺过去就行,"['刚用', '乱用', '还好', '两周', '劝退', '期挺', '过去', '就行']",刚用 乱用 还好 两周 劝退 期挺 过去 就行,0.185,负面,多平台库存/超卖,3.0,上手与培训
R0315,App Store,2025-05-15,1.0,finance,对账与财务能力弱,0,吐槽一下，物流费只能对总金额，单号维度对不了，差异查不到！！！,"['物流', '总金额', '维度', '不了', '差异', '查不到']",物流 总金额 维度 不了 差异 查不到,0.001,负面,多平台库存/超卖,1.0,物流同步与回传
R0734,知乎,2025-07-16,1.0,order_sync,订单漏单/同步延迟,0,异常订单不标红不提醒，混在正常单里差点发错,"['异常', '订单', '不标', '提醒', '混在', '正常', '单里', '差点', '发错']",异常 订单 不标 提醒 混在 正常 单里 差点 发错,0.025,负面,价格与收费,1.0,订单同步与处理
R0257,知乎,2025-06-20,5.0,praise,正向评价,0,说实话，手机端查订单看数据方便，出差也能盯店铺,"['说实话', '端查', '订单', '数据', '方便', '出差']",说实话 端查 订单 数据 方便 出差,0.052,负面,价格与收费,5.0,订单同步与处理
R0619,官方社区,2025-08-06,3.0,inventory,多平台库存不同步/超卖,1,安全库存预警的通知在哪里开？一直收不到提醒,"['安全', '库存预警', '通知', '哪里', '收不到', '提醒']",安全 库存预警 通知 哪里 收不到 提醒,0.023,负面,其他使用体验,3.0,多平台库存/超卖
R0153,华为应用市场,2025-08-23,1.0,stability,系统卡顿/大促不稳定,0,页面加载慢得像拨号上网，打开库存页要等十几秒,"['页面', '加载', '慢得', '拨号上网', '打开', '库存', '十几秒']",页面 加载 慢得 拨号上网 打开 库存 十几秒,0.001,负面,其他使用体验,1.0,多平台库存/超卖
R0700,App Store,2025-03-05,1.0,order_sync,订单漏单/同步延迟,0,老用户说句公道话，虾皮订单同步漏单！月底对账发现少了十几单，细思极恐，差评警告，大家注意避坑,"['说句', '虾皮', '订单同步', '漏单', '月底', '对账', '十几', '细思极', '差评', '警告']",说句 虾皮 订单同步 漏单 月底 对账 十几 细思极 差评 警告,0.0,负面,多平台库存/超卖,1.0,订单同步与处理
R0396,App Store,2025-04-18,5.0,praise,正向评价,0,真的服了，用了三年的老用户，功能全更新快，Temu生意做大一半靠它，真心推荐 无语了,"['三年', '更新快', 'Temu', '生意', '做大', '一半', '真心', '推荐', '无语']",三年 更新快 Temu 生意 做大 一半 真心 推荐 无语,0.238,负面,物流同步与回传,5.0,正向评价
R0994,小红书,2025-08-02,3.0,support,客服响应慢/处理周期长,1,客服远程协助怎么申请？需要开什么权限？,"['客服', '远程', '协助', '申请', '需要', '权限']",客服 远程 协助 申请 需要 权限,0.005,负面,物流同步与回传,3.0,客服与工单
R0128,小红书,2025-07-12,5.0,stability,系统卡顿/大促不稳定,0,真的服了，用了两年基本没宕过机，比之前换的那家强太多，有用点个赞,"['两年', '基本', '没宕', '过机', '那家', '强太多', '点个']",两年 基本 没宕 过机 那家 强太多 点个,0.277,负面,客服与工单,5.0,正向评价
R0951,App Store,2025-05-02,3.0,listing,刊登与商品管理问题,0,说实话，刊登够用但谈不上多好用，批量功能再强点就好！！！,"['说实话', '刊登', '够用', '谈不上', '多好', '批量', '强点']",说实话 刊登 够用 谈不上 多好 批量 强点,0.028,负面,其他使用体验,3.0,刊登与商品
R0285,App Store,2025-05-17,5.0,logistics,物流单号同步慢/回传失败,0,批量打单加自动回传，旺季一天三千单也没出错,"['批量', '打单', '回传', '一天', '三千', '出错']",批量 打单 回传 一天 三千 出错,0.118,负面,其他使用体验,5.0,物流同步与回传
R0551,小米应用商店,2025-08-01,2.0,onboarding,上手成本高/引导不足,0,求助，帮助中心像产品说明书，没有实操案例看完还是不会，买家天天催发货 有没有同款情况的卖家,"['帮助', '中心', '产品', '说明书', '没有', '实操', '案例', '不会', '天天', '发货', '有没有']",帮助 中心 产品 说明书 没有 实操 案例 不会 天天 发货 有没有,0.006,负面,客服与工单,2.0,上手与培训
R0835,官方社区,2025-08-06,1.0,order_sync,订单漏单/同步延迟,0,说实话，订单同步延迟十几小时以上，发货时效被拉垮,"['说实话', '订单同步', '延迟', '十几', '以上', '发货', '时效']",说实话 订单同步 延迟 十几 以上 发货 时效,0.025,负面,其他使用体验,1.0,订单同步与处理
R0255,官方社区,2025-07-04,5.0,praise,正向评价,0,小卖家一枚，从选品刊登到发货对账全链路打通，数据不用倒来倒去,"['一枚', '选品', '刊登', '发货', '对账', '链路', '打通', '数据', '不用', '倒来倒去']",一枚 选品 刊登 发货 对账 链路 打通 数据 不用 倒来倒去,0.09,负面,价格与收费,5.0,财务对账
R0066,华为应用市场,2025-04-06,1.0,inventory,多平台库存不同步/超卖,0,求助，可售库存和可用库存两个口径把新运营绕晕了，退款退到麻木,"['可售', '库存', '可用', '库存', '两个', '口径', '运营', '绕晕', '退款', '麻木']",可售 库存 可用 库存 两个 口径 运营 绕晕 退款 麻木,0.009,负面,客服与工单,1.0,多平台库存/超卖
R0552,小米应用商店,2025-08-02,2.0,pricing,价格与收费争议,0,客观说一句，旺季临时加席位比平时贵一倍，趁火打劫吗,"['临时', '席位', '平时', '一倍', '趁火打劫']",临时 席位 平时 一倍 趁火打劫,0.065,负面,多平台库存/超卖,2.0,价格与收费
R1016,App Store,2025-06-28,3.0,stability,系统卡顿/大促不稳定,0,求助，卡顿有但能接受，希望继续优化服务器。。。,"['卡顿', '接受', '希望', '服务器']",卡顿 接受 希望 服务器,0.195,负面,其他使用体验,3.0,系统稳定性
R1001,App Store,2025-04-22,4.0,praise,正向评价,0,中规中矩不出错，跨境工具里算第一梯队,"['中规中矩', '出错', '跨境', '工具', '里算', '第一', '梯队']",中规中矩 出错 跨境 工具 里算 第一 梯队,0.993,正面,其他使用体验,4.0,正向评价
R0717,官方社区,2025-07-22,3.0,order_sync,订单漏单/同步延迟,1,Shopee有订单系统里没同步过来，怎么手动拉取？,"['Shopee', '订单', '同步', '过来', '拉取']",Shopee 订单 同步 过来 拉取,0.105,负面,价格与收费,3.0,订单同步与处理
R0754,App Store,2025-06-21,4.0,listing,刊登与商品管理问题,0,真的服了，采集搬家加批量刊登效率很高，上新品速度快一倍，老板已经在问我了,"['采集', '搬家', '批量', '刊登', '效率', '新品', '速度', '一倍']",采集 搬家 批量 刊登 效率 新品 速度 一倍,0.088,负面,多平台库存/超卖,4.0,刊登与商品
R0060,小红书,2025-08-27,3.0,logistics,物流单号同步慢/回传失败,0,求助，单号回传有延迟但能接受，希望加个回传失败自动重试,"['单号回传', '延迟', '接受', '希望', '加个', '回传失败', '重试']",单号回传 延迟 接受 希望 加个 回传失败 重试,0.003,负面,其他使用体验,3.0,物流同步与回传
R0749,华为应用市场,2025-03-09,1.0,inventory,多平台库存不同步/超卖,0,虾皮活动锁库存不同步，活动结束就超卖了,"['虾皮', '库存', '同步', '结束', '超卖']",虾皮 库存 同步 结束 超卖,0.052,负面,其他使用体验,1.0,多平台库存/超卖
R1024,小红书,2025-07-22,1.0,logistics,物流单号同步慢/回传失败,0,说实话，Temu订单换了跟踪号之后系统里不同步，轨迹直接断掉 ，同意楼上,"['说实话', 'Temu', '订单', '跟踪', '同步', '轨迹', '断掉', '同意', '楼上']",说实话 Temu 订单 跟踪 同步 轨迹 断掉 同意 楼上,0.006,负面,价格与收费,1.0,物流同步与回传
R0323,App Store,2025-04-08,1.0,onboarding,上手成本高/引导不足,0,吐槽一下，培训约了十几次都改期，最后只能看录播自学 有没有同款情况的卖家,"['培训', '十几次', '改期', '最后', '录播', '自学', '有没有']",培训 十几次 改期 最后 录播 自学 有没有,0.709,正面,客服与工单,1.0,上手与培训
R0761,小红书,2025-04-23,5.0,praise,正向评价,0,吐槽一下，客户成功团队专业，季度回访还给优化建议，不像别家收钱就消失 有没有同款情况的卖家,"['客户', '回访', '还给', '不像', '别家', '收钱', '有没有']",客户 回访 还给 不像 别家 收钱 有没有,0.003,负面,其他使用体验,5.0,正向评价
R1012,知乎,2025-04-25,4.0,support,客服响应慢/处理周期长,1,工单在哪里看进度？提交了完全不知道排到哪了，同意楼上,"['工单', '哪里', '进度', '提交', '排到', '同意', '楼上']",工单 哪里 进度 提交 排到 同意 楼上,0.017,负面,其他使用体验,4.0,客服与工单
R0667,知乎,2025-06-14,3.0,pricing,价格与收费争议,1,年付和月付差多少钱？有没有老客户续费优惠？,"['年付', '付差', '多少', '有没有', '老客户', '续费', '优惠']",年付 付差 多少 有没有 老客户 续费 优惠,0.003,负面,物流同步与回传,3.0,价格与收费
R0332,华为应用市场,2025-05-14,1.0,logistics,物流单号同步慢/回传失败,0,求助，物流轨迹更新延迟十几个小时，买家问货到哪了我比他还懵,"['物流轨迹', '更新', '延迟', '十几个', '问货到']",物流轨迹 更新 延迟 十几个 问货到,0.023,负面,其他使用体验,1.0,物流同步与回传
R0422,App Store,2025-03-11,1.0,finance,对账与财务能力弱,0,客观说一句，物流费只能对总金额，单号维度对不了，差异查不到，老板已经在问我了,"['物流', '总金额', '维度', '不了', '差异', '查不到']",物流 总金额 维度 不了 差异 查不到,0.0,负面,多平台库存/超卖,1.0,物流同步与回传
R0223,小红书,2025-07-22,2.0,inventory,多平台库存不同步/超卖,0,小卖家一枚，多平台库存根本不同步，Wish卖超了系统里还有货 有没有同款情况的卖家,"['一枚', '多平台库存', '同步', 'Wish', '卖超', '还有', '有没有']",一枚 多平台库存 同步 Wish 卖超 还有 有没有,0.096,负面,物流同步与回传,2.0,多平台库存/超卖
R0797,小米应用商店,2025-07-06,1.0,inventory,多平台库存不同步/超卖,0,用了大半年，多平台库存根本不同步，Temu卖超了系统里还有货，平台扣分扣到肉疼,"['大半年', '多平台库存', '同步', 'Temu', '卖超', '还有']",大半年 多平台库存 同步 Temu 卖超 还有,0.021,负面,物流同步与回传,1.0,多平台库存/超卖
R0660,小红书,2025-03-10,3.0,support,客服响应慢/处理周期长,0,真的服了，客服态度还行就是专业度参差，复杂问题得等他们问技术,"['客服', '态度', '参差', '复杂', '技术']",客服 态度 参差 复杂 技术,0.011,负面,其他使用体验,3.0,客服与工单
R0225,小米应用商店,2025-04-14,1.0,order_sync,订单漏单/同步延迟,0,吐槽一下，Temu多属性订单同步过来规格全乱，发错颜色一次，大家注意避坑,"['Temu', '属性', '订单同步', '过来', '规格', '全乱', '发错', '颜色', '一次']",Temu 属性 订单同步 过来 规格 全乱 发错 颜色 一次,0.03,负面,客服与工单,1.0,订单同步与处理
R0436,华为应用市场,2025-07-29,1.0,inventory,多平台库存不同步/超卖,0,旺季实测，TikTok和虾皮共用一个仓库库存，两边对不上只能手动分,"['TikTok', '虾皮', '共用', '仓库', '库存', '两边', '对不上']",TikTok 虾皮 共用 仓库 库存 两边 对不上,0.003,负面,其他使用体验,1.0,多平台库存/超卖
R0580,官方社区,2025-06-20,3.0,pricing,价格与收费争议,0,客观说一句，价格中等，主要看旺季能不能撑住，撑住就值,"['价格', '中等', '主要', '不能', '撑住', '撑住', '就值']",价格 中等 主要 不能 撑住 撑住 就值,0.66,正面,其他使用体验,3.0,价格与收费
R0293,App Store,2025-06-30,3.0,inventory,多平台库存不同步/超卖,1,为什么系统库存和实际盘点对不上？应该从哪里排查？,"['库存', '实际', '盘点', '对不上', '哪里', '排查']",库存 实际 盘点 对不上 哪里 排查,0.084,负面,其他使用体验,3.0,多平台库存/超卖
R0664,官方社区,2025-05-15,1.0,inventory,多平台库存不同步/超卖,0,客观说一句，虾皮活动锁库存不同步，活动结束就超卖了！！！😤,"['虾皮', '库存', '同步', '结束', '超卖']",虾皮 库存 同步 结束 超卖,0.022,负面,其他使用体验,1.0,多平台库存/超卖
R0546,App Store,2025-06-27,1.0,logistics,物流单号同步慢/回传失败,0,旺季实测，自定义物流渠道配了两次都不生效，文档也写不清楚，有用点个赞,"['自定义', '物流', '渠道', '两次', '生效', '文档', '清楚', '点个']",自定义 物流 渠道 两次 生效 文档 清楚 点个,0.748,正面,其他使用体验,1.0,物流同步与回传
R0437,App Store,2025-04-08,3.0,stability,系统卡顿/大促不稳定,1,订单页一直转圈加载不出来是什么原因？清缓存也没用,"['订单', '转圈', '加载', '原因', '缓存', '没用']",订单 转圈 加载 原因 缓存 没用,0.009,负面,其他使用体验,3.0,系统稳定性
R0652,官方社区,2025-05-12,5.0,praise,正向评价,0,系统稳定功能扎实，换了三家ERP最后在云帆安家😤,"['稳定', '扎实', '三家', 'ERP', '最后', '云帆', '安家']",稳定 扎实 三家 ERP 最后 云帆 安家,0.979,正面,客服与工单,5.0,正向评价
R0446,官方社区,2025-03-01,3.0,order_sync,订单漏单/同步延迟,0,漏单遇到过两次，重跑同步就好，希望能自动重试，大家注意避坑,"['漏单', '遇到', '两次', '重跑', '同步', '希望', '重试']",漏单 遇到 两次 重跑 同步 希望 重试,0.016,负面,多平台库存/超卖,3.0,订单同步与处理
R0083,知乎,2025-07-19,1.0,onboarding,上手成本高/引导不足,0,小卖家一枚，培训约了半次都改期，最后只能看录播自学,"['一枚', '培训', '半次', '改期', '最后', '录播', '自学']",一枚 培训 半次 改期 最后 录播 自学,0.975,正面,客服与工单,1.0,上手与培训
R0023,小红书,2025-05-10,1.0,logistics,物流单号同步慢/回传失败,0,旺季实测，ERP显示已发货，亚马逊后台还是待发货，单号丢了半单！！！,"['ERP', '显示', '发货', '亚马逊', '后台', '发货', '单号', '半单']",ERP 显示 发货 亚马逊 后台 发货 单号 半单,0.003,负面,其他使用体验,1.0,物流同步与回传
R0248,小米应用商店,2025-03-14,5.0,praise,正向评价,0,老用户说句公道话，手机端查订单看数据方便，出差也能盯店铺,"['说句', '端查', '订单', '数据', '方便', '出差']",说句 端查 订单 数据 方便 出差,0.033,负面,价格与收费,5.0,订单同步与处理
R0790,官方社区,2025-08-23,1.0,pricing,价格与收费争议,0,求助，年费比去年贵了将近三成，功能还是那些功能，退款退到麻木,"['年费', '去年', '近三成', '那些', '退款', '麻木']",年费 去年 近三成 那些 退款 麻木,0.372,负面,其他使用体验,1.0,价格与收费
R0413,App Store,2025-04-01,5.0,praise,正向评价,0,旺季实测，手机端查订单看数据方便，出差也能盯店铺！！！,"['端查', '订单', '数据', '方便', '出差']",端查 订单 数据 方便 出差,0.055,负面,价格与收费,5.0,订单同步与处理
R0041,App Store,2025-08-26,5.0,inventory,多平台库存不同步/超卖,0,求助，多平台多仓统一管库存之后，再没出现超卖纠纷,"['多仓', '统一', '库存', '出现', '超卖', '纠纷']",多仓 统一 库存 出现 超卖 纠纷,0.055,负面,其他使用体验,5.0,多平台库存/超卖
R0773,小红书,2025-03-30,4.0,logistics,物流单号同步慢/回传失败,0,物流同步基本能用，就是邮政小包偶尔慢一点，手动刷新就好 有没有同款情况的卖家,"['物流', '同步', '基本', '邮政', '小包', '偶尔', '一点', '刷新', '有没有']",物流 同步 基本 邮政 小包 偶尔 一点 刷新 有没有,0.013,负面,物流同步与回传,4.0,物流同步与回传
R0684,华为应用市场,2025-05-28,5.0,logistics,物流单号同步慢/回传失败,0,批量打单加自动回传，旺季一天三千单也没出错，有用点个赞,"['批量', '打单', '回传', '一天', '三千', '出错', '点个']",批量 打单 回传 一天 三千 出错 点个,0.548,中性,其他使用体验,5.0,物流同步与回传
R0941,小红书,2025-08-03,5.0,praise,正向评价,0,小卖家一枚，仓库从纸单换到PDA拣货，错发率基本归零,"['一枚', '仓库', '从纸', '单换', 'PDA', '错发率', '基本', '归零']",一枚 仓库 从纸 单换 PDA 错发率 基本 归零,0.03,负面,客服与工单,5.0,正向评价
R0073,App Store,2025-04-13,4.0,inventory,多平台库存不同步/超卖,0,用了大半年，超卖预警救了我好几次，库存一到阈值自动下架，亚马逊评分稳了,"['大半年', '超卖', '预警', '几次', '库存', '一到', '阈值', '下架', '亚马逊', '评分']",大半年 超卖 预警 几次 库存 一到 阈值 下架 亚马逊 评分,0.777,正面,多平台库存/超卖,4.0,多平台库存/超卖
R0189,小红书,2025-06-02,5.0,pricing,价格与收费争议,0,客观说一句，算下来比雇两个录入的人便宜多了，ROI还是划算的，老板已经在问我了,"['算下来', '比雇', '两个', '录入', '便宜', 'ROI', '划算']",算下来 比雇 两个 录入 便宜 ROI 划算,0.645,正面,物流同步与回传,5.0,正向评价
R0367,小米应用商店,2025-08-26,2.0,pricing,价格与收费争议,0,旺季实测，免费试用到期直接扣费，事先没有明显提醒，仓库白忙一场，大家注意避坑,"['免费', '试用', '到期', '扣费', '事先', '没有', '明显', '提醒', '仓库', '白忙', '一场']",免费 试用 到期 扣费 事先 没有 明显 提醒 仓库 白忙 一场,0.009,负面,客服与工单,2.0,未分类
R0039,App Store,2025-07-24,2.0,order_sync,订单漏单/同步延迟,0,客观说一句，自动审单规则经常误判，正常订单被拦成异常，差评警告,"['自动审单', '误判', '正常', '订单', '拦成', '异常', '差评', '警告']",自动审单 误判 正常 订单 拦成 异常 差评 警告,0.004,负面,价格与收费,2.0,订单同步与处理
R0618,官方社区,2025-03-23,2.0,order_sync,订单漏单/同步延迟,0,小卖家一枚，黑五那几天订单堆积同步不过来，手动导单导到怀疑人生🤦,"['一枚', '黑五', '几天', '订单', '堆积', '同步', '过来', '导单', '导到', '怀疑', '人生']",一枚 黑五 几天 订单 堆积 同步 过来 导单 导到 怀疑 人生,0.443,中性,价格与收费,2.0,订单同步与处理
R0167,华为应用市场,2025-08-25,2.0,finance,对账与财务能力弱,0,真的服了，物流费只能对总金额，单号维度对不了，差异查不到 有没有同款情况的卖家,"['物流', '总金额', '维度', '不了', '差异', '查不到', '有没有']",物流 总金额 维度 不了 差异 查不到 有没有,0.0,负面,多平台库存/超卖,2.0,物流同步与回传
R0944,华为应用市场,2025-08-12,5.0,onboarding,上手成本高/引导不足,1,SKU和平台商品怎么映射？导入模板怎么填？,"['SKU', '商品', '映射', '导入', '模板']",SKU 商品 映射 导入 模板,0.524,中性,其他使用体验,5.0,正向评价
R0087,官方社区,2025-03-11,3.0,order_sync,订单漏单/同步延迟,1,买家取消的订单为什么仓库还能看到？怎么拦截？,"['取消', '订单', '仓库', '拦截']",取消 订单 仓库 拦截,0.012,负面,价格与收费,3.0,订单同步与处理
R0798,App Store,2025-07-27,1.0,finance,对账与财务能力弱,0,小卖家一枚，对账功能太弱，速卖通扣费明细对不上，最后还是得做Excel，差评警告，有用点个赞,"['一枚', '对账', '太弱', '速卖通', '扣费', '明细', '对不上', '最后', 'Excel', '差评', '警告', '点个']",一枚 对账 太弱 速卖通 扣费 明细 对不上 最后 Excel 差评 警告 点个,0.501,中性,客服与工单,1.0,财务对账
R0325,App Store,2025-05-03,2.0,order_sync,订单漏单/同步延迟,0,旺季实测，订单同步延迟三小时以上，发货时效被拉垮，仓库白忙一场,"['订单同步', '延迟', '以上', '发货', '时效', '仓库', '白忙', '一场']",订单同步 延迟 以上 发货 时效 仓库 白忙 一场,0.045,负面,客服与工单,2.0,订单同步与处理
R0274,小红书,2025-08-11,5.0,order_sync,订单漏单/同步延迟,1,订单备注和买家留言能同步到拣货单上吗？,"['订单', '备注', '留言', '同步', '货单']",订单 备注 留言 同步 货单,0.094,负面,价格与收费,5.0,订单同步与处理
R0815,小红书,2025-06-15,5.0,praise,正向评价,0,求助，用了三年的老用户，功能全更新快，eBay生意做大一半靠它，真心推荐，大家注意避坑,"['三年', '更新快', 'eBay', '生意', '做大', '一半', '真心', '推荐']",三年 更新快 eBay 生意 做大 一半 真心 推荐,0.033,负面,物流同步与回传,5.0,正向评价
R0710,App Store,2025-06-25,4.0,praise,正向评价,0,用了大半年，系统稳定功能扎实，换了三家ERP最后在云帆安家，老板已经在问我了😭,"['大半年', '稳定', '扎实', '三家', 'ERP', '最后', '云帆', '安家']",大半年 稳定 扎实 三家 ERP 最后 云帆 安家,0.907,正面,客服与工单,4.0,正向评价
R0765,官方社区,2025-05-05,1.0,logistics,物流单号同步慢/回传失败,0,客观说一句，批量发货后单号回传成功率不到九成，每天都要人工核，老板已经在问我了,"['批量', '发货', '单号回传', '成功率', '不到', '九成', '人工']",批量 发货 单号回传 成功率 不到 九成 人工,0.039,负面,其他使用体验,1.0,物流同步与回传
R0589,App Store,2025-07-14,3.0,logistics,物流单号同步慢/回传失败,0,小卖家一枚，物流轨迹比物流商官网慢两个小时，凑合吧,"['一枚', '物流轨迹', '物流', '商官', '网慢', '两个', '凑合']",一枚 物流轨迹 物流 商官 网慢 两个 凑合,0.812,正面,物流同步与回传,3.0,物流同步与回传
R0012,小米应用商店,2025-08-22,2.0,order_sync,订单漏单/同步延迟,0,真的服了，合单拆单逻辑乱，同一买家两单合了之后库存扣错，差评警告,"['合单', '拆单', '逻辑', '同一', '单合', '库存', '扣错', '差评', '警告']",合单 拆单 逻辑 同一 单合 库存 扣错 差评 警告,0.0,负面,其他使用体验,2.0,订单同步与处理
R0743,小红书,2025-04-29,4.0,order_sync,订单漏单/同步延迟,0,客观说一句，漏单遇到过两次，重跑同步就好，希望能自动重试,"['漏单', '遇到', '两次', '重跑', '同步', '希望', '重试']",漏单 遇到 两次 重跑 同步 希望 重试,0.064,负面,多平台库存/超卖,4.0,订单同步与处理
R0379,小米应用商店,2025-08-01,5.0,praise,正向评价,0,用了大半年，打单发货一条龙，仓库效率提升明显，老板说今年再加席位,"['大半年', '打单', '发货', '一条龙', '仓库', '效率', '提升', '明显', '今年', '席位']",大半年 打单 发货 一条龙 仓库 效率 提升 明显 今年 席位,0.099,负面,其他使用体验,5.0,物流同步与回传
R0752,App Store,2025-08-28,5.0,pricing,价格与收费争议,0,老用户说句公道话，年付折扣可以，客服还帮忙申请了老客户优惠,"['说句', '年付', '折扣', '客服', '帮忙', '申请', '老客户', '优惠']",说句 年付 折扣 客服 帮忙 申请 老客户 优惠,0.001,负面,物流同步与回传,5.0,客服与工单
R0676,小红书,2025-06-16,5.0,praise,正向评价,0,旺季实测，自动化规则省了一个运营人力，光这个年费就回本，大家注意避坑,"['自动化', '运营', '人力', '年费', '回本']",自动化 运营 人力 年费 回本,0.351,负面,其他使用体验,5.0,价格与收费
R0621,知乎,2025-06-29,1.0,stability,系统卡顿/大促不稳定,0,导出报表经常超时，数据量一大就报错,"['导出', '报表', '超时', '数据量', '一大', '报错']",导出 报表 超时 数据量 一大 报错,0.108,负面,其他使用体验,1.0,系统稳定性
R0528,小米应用商店,2025-08-10,3.0,order_sync,订单漏单/同步延迟,1,为什么有的订单显示同步失败？失败的单在哪里看？,"['订单', '显示', '同步', '失败', '失败', '哪里']",订单 显示 同步 失败 失败 哪里,0.1,负面,其他使用体验,3.0,订单同步与处理
R0777,App Store,2025-08-01,4.0,praise,正向评价,0,用了大半年，客户成功团队专业，季度回访还给优化建议，不像别家收钱就消失 有没有同款情况的卖家,"['大半年', '客户', '回访', '还给', '不像', '别家', '收钱', '有没有']",大半年 客户 回访 还给 不像 别家 收钱 有没有,0.003,负面,其他使用体验,4.0,正向评价
R0053,官方社区,2025-04-24,5.0,praise,正向评价,0,老用户说句公道话，免费版就够用，小卖家福音，客服回复也及时，五星,"['说句', '免费版', '够用', '福音', '客服', '回复', '及时', '五星']",说句 免费版 够用 福音 客服 回复 及时 五星,0.098,负面,其他使用体验,5.0,客服与工单
R0757,官方社区,2025-04-18,1.0,stability,系统卡顿/大促不稳定,0,导出报表经常超时，数据量一大就报错，有用点个赞,"['导出', '报表', '超时', '数据量', '一大', '报错', '点个']",导出 报表 超时 数据量 一大 报错 点个,0.524,中性,其他使用体验,1.0,系统稳定性
R0180,App Store,2025-05-08,5.0,inventory,多平台库存不同步/超卖,0,多平台多仓统一管库存之后，再没出现超卖纠纷 有没有同款情况的卖家,"['多仓', '统一', '库存', '出现', '超卖', '纠纷', '有没有']",多仓 统一 库存 出现 超卖 纠纷 有没有,0.057,负面,其他使用体验,5.0,多平台库存/超卖
R0165,App Store,2025-06-25,5.0,praise,正向评价,0,求助，打单发货一条龙，仓库效率提升明显，老板说今年再加席位,"['打单', '发货', '一条龙', '仓库', '效率', '提升', '明显', '今年', '席位']",打单 发货 一条龙 仓库 效率 提升 明显 今年 席位,0.027,负面,其他使用体验,5.0,物流同步与回传
R0184,官方社区,2025-05-08,5.0,praise,正向评价,0,求助，仓库从纸单换到PDA拣货，错发率基本归零！！！,"['仓库', '从纸', '单换', 'PDA', '错发率', '基本', '归零']",仓库 从纸 单换 PDA 错发率 基本 归零,0.001,负面,客服与工单,5.0,正向评价
R0678,官方社区,2025-03-16,5.0,inventory,多平台库存不同步/超卖,0,真的服了，多平台多仓统一管库存之后，再没出现超卖纠纷，有用点个赞,"['多仓', '统一', '库存', '出现', '超卖', '纠纷', '点个']",多仓 统一 库存 出现 超卖 纠纷 点个,0.501,中性,其他使用体验,5.0,多平台库存/超卖
R0424,App Store,2025-03-23,5.0,praise,正向评价,0,小卖家一枚，多店铺多平台统一管理，Lazada扩店一点不慌,"['一枚', '统一', '管理', 'Lazada', '扩店', '一点']",一枚 统一 管理 Lazada 扩店 一点,0.723,正面,物流同步与回传,5.0,正向评价
R0561,官方社区,2025-05-19,3.0,onboarding,上手成本高/引导不足,1,亚马逊授权令牌过期了怎么重新授权？订单会漏吗？,"['亚马逊', '授权', '令牌', '过期', '重新', '授权', '订单', '会漏']",亚马逊 授权 令牌 过期 重新 授权 订单 会漏,0.078,负面,其他使用体验,3.0,订单同步与处理
R0058,小米应用商店,2025-06-22,2.0,stability,系统卡顿/大促不稳定,0,吐槽一下，页面加载慢得像拨号上网，打开库存页要等十几秒,"['页面', '加载', '慢得', '拨号上网', '打开', '库存', '十几秒']",页面 加载 慢得 拨号上网 打开 库存 十几秒,0.001,负面,其他使用体验,2.0,多平台库存/超卖
R0527,华为应用市场,2025-07-22,4.0,order_sync,订单漏单/同步延迟,0,老用户说句公道话，漏单遇到过两次，重跑同步就好，希望能自动重试！！！,"['说句', '漏单', '遇到', '两次', '重跑', '同步', '希望', '重试']",说句 漏单 遇到 两次 重跑 同步 希望 重试,0.014,负面,多平台库存/超卖,4.0,订单同步与处理
R0485,App Store,2025-06-29,4.0,stability,系统卡顿/大促不稳定,0,小卖家一枚，卡顿有但能接受，希望继续优化服务器！！！,"['一枚', '卡顿', '接受', '希望', '服务器']",一枚 卡顿 接受 希望 服务器,0.492,中性,其他使用体验,4.0,系统稳定性
R0175,小米应用商店,2025-05-03,4.0,onboarding,上手成本高/引导不足,0,客观说一句，实施顾问很耐心，七天陪跑首单就跑通了，比想象顺利无语了,"['实施', '顾问', '耐心', '七天', '首单', '想象', '顺利', '无语']",实施 顾问 耐心 七天 首单 想象 顺利 无语,0.885,正面,客服与工单,4.0,上手与培训
R0026,官方社区,2025-08-26,5.0,praise,正向评价,0,旺季实测，客户成功团队专业，季度回访还给优化建议，不像别家收钱就消失，有用点个赞,"['客户', '回访', '还给', '不像', '别家', '收钱', '点个']",客户 回访 还给 不像 别家 收钱 点个,0.309,负面,其他使用体验,5.0,正向评价
R0141,知乎,2025-08-23,3.0,pricing,价格与收费争议,0,客观说一句，功能确实多但用不上的也打包收费，希望模块化自选，老板已经在问我了,"['用不上', '打包', '收费', '希望', '模块化', '自选']",用不上 打包 收费 希望 模块化 自选,0.102,负面,多平台库存/超卖,3.0,价格与收费
R0720,小红书,2025-03-31,5.0,praise,正向评价,0,客观说一句，客户成功团队专业，季度回访还给优化建议，不像别家收钱就消失，大家注意避坑,"['客户', '回访', '还给', '不像', '别家', '收钱']",客户 回访 还给 不像 别家 收钱,0.001,负面,其他使用体验,5.0,正向评价
R0025,小红书,2025-08-18,5.0,praise,正向评价,0,说实话，用了三年的老用户，功能全更新快，虾皮生意做大一半靠它，真心推荐,"['说实话', '三年', '更新快', '虾皮', '生意', '做大', '一半', '真心', '推荐']",说实话 三年 更新快 虾皮 生意 做大 一半 真心 推荐,0.486,中性,物流同步与回传,5.0,正向评价
R0475,小米应用商店,2025-05-21,3.0,stability,系统卡顿/大促不稳定,1,升级之后频繁闪退是什么情况？要回退版本吗？,"['升级', '频繁', '闪退', '回退', '版本']",升级 频繁 闪退 回退 版本,0.015,负面,物流同步与回传,3.0,系统稳定性
R0263,小红书,2025-03-18,3.0,support,客服响应慢/处理周期长,0,老用户说句公道话，客服态度还行就是专业度参差，复杂问题得等他们问技术,"['说句', '客服', '态度', '参差', '复杂', '技术']",说句 客服 态度 参差 复杂 技术,0.01,负面,其他使用体验,3.0,客服与工单
R0540,知乎,2025-07-25,2.0,pricing,价格与收费争议,0,求助，按席位收费太贵，客服仓库就用个打单也要全价席位，大促根本不敢放量,"['席位', '收费', '太贵', '客服', '仓库', '用个', '打单', '全价', '席位']",席位 收费 太贵 客服 仓库 用个 打单 全价 席位,0.001,负面,价格与收费,2.0,价格与收费
R0482,小红书,2025-08-25,4.0,inventory,多平台库存不同步/超卖,0,用了大半年，超卖预警救了我好几次，库存一到阈值自动下架，Wish评分稳了,"['大半年', '超卖', '预警', '几次', '库存', '一到', '阈值', '下架', 'Wish', '评分']",大半年 超卖 预警 几次 库存 一到 阈值 下架 Wish 评分,0.411,中性,多平台库存/超卖,4.0,多平台库存/超卖
R0766,华为应用市场,2025-06-06,4.0,praise,正向评价,0,老用户说句公道话，手机端查订单看数据方便，出差也能盯店铺，大家注意避坑,"['说句', '端查', '订单', '数据', '方便', '出差']",说句 端查 订单 数据 方便 出差,0.004,负面,价格与收费,4.0,订单同步与处理
R0035,App Store,2025-04-04,2.0,pricing,价格与收费争议,0,老用户说句公道话，报价不透明，销售一个价合同一个价，各种隐藏费用,"['说句', '报价', '透明', '销售', '合同', '各种', '隐藏', '费用']",说句 报价 透明 销售 合同 各种 隐藏 费用,0.024,负面,其他使用体验,2.0,价格与收费
R0432,华为应用市场,2025-03-07,5.0,praise,正向评价,0,求助，免费版就够用，小卖家福音，客服回复也及时，五星,"['免费版', '够用', '福音', '客服', '回复', '及时', '五星']",免费版 够用 福音 客服 回复 及时 五星,0.055,负面,其他使用体验,5.0,客服与工单
R0172,小米应用商店,2025-08-18,2.0,onboarding,上手成本高/引导不足,0,老用户说句公道话，第一步店铺授权就卡住，操作指引和实际页面对不上,"['说句', '第一步', '授权', '卡住', '操作', '指引', '实际', '页面', '对不上']",说句 第一步 授权 卡住 操作 指引 实际 页面 对不上,0.203,负面,其他使用体验,2.0,上手与培训
R0291,App Store,2025-08-21,1.0,order_sync,订单漏单/同步延迟,0,求助，黑五那几天订单堆积同步不过来，手动导单导到怀疑人生，仓库白忙一场,"['黑五', '几天', '订单', '堆积', '同步', '过来', '导单', '导到', '怀疑', '人生', '仓库', '白忙', '一场']",黑五 几天 订单 堆积 同步 过来 导单 导到 怀疑 人生 仓库 白忙 一场,0.041,负面,价格与收费,1.0,订单同步与处理
R0611,官方社区,2025-07-20,2.0,stability,系统卡顿/大促不稳定,0,真的服了，大促当天直接崩了两个小时，订单全积压，大促根本不敢放量 有没有同款情况的卖家,"['两个', '订单', '积压', '有没有']",两个 订单 积压 有没有,0.001,负面,价格与收费,2.0,订单同步与处理
R0090,知乎,2025-04-28,1.0,order_sync,订单漏单/同步延迟,0,用了大半年，异常订单不标红不提醒，混在正常单里差点发错,"['大半年', '异常', '订单', '不标', '提醒', '混在', '正常', '单里', '差点', '发错']",大半年 异常 订单 不标 提醒 混在 正常 单里 差点 发错,0.023,负面,价格与收费,1.0,订单同步与处理
R0409,华为应用市场,2025-03-31,3.0,logistics,物流单号同步慢/回传失败,0,物流轨迹比物流商官网慢三个小时，凑合吧,"['物流轨迹', '物流', '商官', '网慢', '三个', '凑合']",物流轨迹 物流 商官 网慢 三个 凑合,0.56,中性,物流同步与回传,3.0,物流同步与回传
R0421,知乎,2025-04-27,4.0,praise,正向评价,0,吐槽一下，多店铺多平台统一管理，亚马逊扩店一点不慌,"['统一', '管理', '亚马逊', '扩店', '一点']",统一 管理 亚马逊 扩店 一点,0.769,正面,物流同步与回传,4.0,正向评价
R0076,小红书,2025-07-25,1.0,stability,系统卡顿/大促不稳定,0,批量操作必卡死，一次审五百单要加载十分钟，平台扣分扣到肉疼,"['批量', '操作', '卡死', '一次', '五百', '单要', '加载', '十分钟']",批量 操作 卡死 一次 五百 单要 加载 十分钟,0.004,负面,多平台库存/超卖,1.0,系统稳定性
R0775,官方社区,2025-07-21,1.0,pricing,价格与收费争议,0,老用户说句公道话，旺季临时加席位比平时贵一倍，趁火打劫吗！！！,"['说句', '临时', '席位', '平时', '一倍', '趁火打劫']",说句 临时 席位 平时 一倍 趁火打劫,0.015,负面,多平台库存/超卖,1.0,价格与收费
R0590,小红书,2025-08-01,5.0,logistics,物流单号同步慢/回传失败,0,老用户说句公道话，批量打单加自动回传，旺季一天三千单也没出错,"['说句', '批量', '打单', '回传', '一天', '三千', '出错']",说句 批量 打单 回传 一天 三千 出错,0.053,负面,其他使用体验,5.0,物流同步与回传
R0597,知乎,2025-07-26,4.0,onboarding,上手成本高/引导不足,0,老用户说句公道话，刚用觉得乱用顺了还好，前两周劝退期挺过去就行，老板已经在问我了,"['说句', '刚用', '乱用', '还好', '两周', '劝退', '期挺', '过去', '就行']",说句 刚用 乱用 还好 两周 劝退 期挺 过去 就行,0.046,负面,多平台库存/超卖,4.0,上手与培训
R0812,App Store,2025-05-31,1.0,pricing,价格与收费争议,0,老用户说句公道话，基础版好多功能要额外加钱，模块分开收费套路深，半夜还在手动补，大家注意避坑,"['说句', '基础', '版好', '多功能', '额外', '模块', '分开', '收费', '套路']",说句 基础 版好 多功能 额外 模块 分开 收费 套路,0.04,负面,其他使用体验,1.0,价格与收费
R0501,App Store,2025-04-13,5.0,pricing,价格与收费争议,0,年付折扣可以，客服还帮忙申请了老客户优惠，大家注意避坑,"['年付', '折扣', '客服', '帮忙', '申请', '老客户', '优惠']",年付 折扣 客服 帮忙 申请 老客户 优惠,0.0,负面,物流同步与回传,5.0,客服与工单
R0177,小红书,2025-05-25,4.0,stability,系统卡顿/大促不稳定,0,客观说一句，卡顿有但能接受，希望继续优化服务器，有用点个赞,"['卡顿', '接受', '希望', '服务器', '点个']",卡顿 接受 希望 服务器 点个,0.841,正面,其他使用体验,4.0,系统稳定性
R0731,App Store,2025-07-06,3.0,logistics,物流单号同步慢/回传失败,0,求助，单号回传有延迟但能接受，希望加个回传失败自动重试，有用点个赞,"['单号回传', '延迟', '接受', '希望', '加个', '回传失败', '重试', '点个']",单号回传 延迟 接受 希望 加个 回传失败 重试 点个,0.027,负面,其他使用体验,3.0,物流同步与回传
R0322,知乎,2025-06-13,5.0,praise,正向评价,0,求助，用了三年的老用户，功能全更新快，TikTok Shop生意做大一半靠它，真心推荐,"['三年', '更新快', 'TikTok', 'Shop', '生意', '做大', '一半', '真心', '推荐']",三年 更新快 TikTok Shop 生意 做大 一半 真心 推荐,0.222,负面,物流同步与回传,5.0,正向评价
R0986,App Store,2025-07-10,5.0,praise,正向评价,0,吐槽一下，用了三年的老用户，功能全更新快，亚马逊生意做大一半靠它，真心推荐，老板已经在问我了,"['三年', '更新快', '亚马逊', '生意', '做大', '一半', '真心', '推荐']",三年 更新快 亚马逊 生意 做大 一半 真心 推荐,0.575,中性,物流同步与回传,5.0,正向评价
R0277,App Store,2025-08-30,5.0,onboarding,上手成本高/引导不足,0,用了大半年，每周直播培训加实操任务，新人第三天就能独立打单,"['大半年', '每周', '直播', '培训', '加实', '任务', '新人', '第三天', '独立', '打单']",大半年 每周 直播 培训 加实 任务 新人 第三天 独立 打单,0.153,负面,其他使用体验,5.0,上手与培训
R0824,小红书,2025-03-23,4.0,praise,正向评价,0,小卖家一枚，自动化规则省了一个运营人力，光这个年费就回本,"['一枚', '自动化', '运营', '人力', '年费', '回本']",一枚 自动化 运营 人力 年费 回本,0.842,正面,其他使用体验,4.0,价格与收费
R0374,App Store,2025-08-27,3.0,pricing,价格与收费争议,0,说实话，功能确实多但用不上的也打包收费，希望模块化自选,"['说实话', '用不上', '打包', '收费', '希望', '模块化', '自选']",说实话 用不上 打包 收费 希望 模块化 自选,0.419,中性,多平台库存/超卖,3.0,价格与收费
R1033,小红书,2025-07-28,3.0,logistics,物流单号同步慢/回传失败,1,回传失败的订单有列表可以批量重试吗？ 我也遇到了,"['回传失败', '订单', '列表', '批量', '重试', '遇到']",回传失败 订单 列表 批量 重试 遇到,0.049,负面,多平台库存/超卖,3.0,物流同步与回传
R0471,官方社区,2025-07-31,2.0,finance,对账与财务能力弱,0,求助，财务模块学习成本高，会计研究一周说不如手工表，买家天天催发货,"['财务', '模块', '学习', '成本', '会计', '一周', '不如', '手工', '天天', '发货']",财务 模块 学习 成本 会计 一周 不如 手工 天天 发货,0.329,负面,物流同步与回传,2.0,财务对账
R0119,App Store,2025-07-23,2.0,pricing,价格与收费争议,0,年费比去年贵了将近三成，功能还是那些功能，大促根本不敢放量无语了,"['年费', '去年', '近三成', '那些', '无语']",年费 去年 近三成 那些 无语,0.458,中性,其他使用体验,2.0,价格与收费
R0428,知乎,2025-05-12,2.0,stability,系统卡顿/大促不稳定,0,旺季实测，大促当天直接崩了几十个小时，订单全积压,"['几十个', '订单', '积压']",几十个 订单 积压,0.142,负面,价格与收费,2.0,订单同步与处理
R0318,小米应用商店,2025-03-18,1.0,onboarding,上手成本高/引导不足,0,上手太难了，功能入口藏得深，新运营培训一周还是懵，光这个每月损失不少钱,"['上手', '太难', '入口', '藏得', '运营', '培训', '一周']",上手 太难 入口 藏得 运营 培训 一周,0.749,正面,客服与工单,1.0,上手与培训
R0488,官方社区,2025-07-23,3.0,logistics,物流单号同步慢/回传失败,0,用了大半年，物流轨迹比物流商官网慢半个小时，凑合吧，老板已经在问我了,"['大半年', '物流轨迹', '物流', '商官', '网慢', '半个', '凑合']",大半年 物流轨迹 物流 商官 网慢 半个 凑合,0.153,负面,物流同步与回传,3.0,物流同步与回传
R0366,App Store,2025-08-07,2.0,stability,系统卡顿/大促不稳定,0,说实话，大促当天直接崩了好几个小时，订单全积压，买家天天催发货,"['说实话', '好几个', '订单', '积压', '天天', '发货']",说实话 好几个 订单 积压 天天 发货,0.005,负面,价格与收费,2.0,订单同步与处理
R0828,小米应用商店,2025-05-27,1.0,logistics,物流单号同步慢/回传失败,0,小卖家一枚，物流单号同步慢死了，CNE揽收三天了平台还没回传，平台扣分扣到肉疼,"['一枚', '物流单号', '同步', '慢死', 'CNE', '揽收', '三天', '回传']",一枚 物流单号 同步 慢死 CNE 揽收 三天 回传,0.003,负面,客服与工单,1.0,物流同步与回传
R0571,小米应用商店,2025-08-13,2.0,logistics,物流单号同步慢/回传失败,0,老用户说句公道话，eBay订单换了跟踪号之后系统里不同步，轨迹直接断掉，差评警告，老板已经在问我了,"['说句', 'eBay', '订单', '跟踪', '同步', '轨迹', '断掉', '差评', '警告']",说句 eBay 订单 跟踪 同步 轨迹 断掉 差评 警告,0.0,负面,客服与工单,2.0,物流同步与回传
R0311,App Store,2025-06-16,2.0,finance,对账与财务能力弱,0,物流费只能对总金额，单号维度对不了，差异查不到,"['物流', '总金额', '维度', '不了', '差异', '查不到']",物流 总金额 维度 不了 差异 查不到,0.003,负面,多平台库存/超卖,2.0,物流同步与回传
R0370,App Store,2025-03-11,4.0,stability,系统卡顿/大促不稳定,0,Prime Day当天单量翻五倍系统也扛住了，稳定性可以，有用点个赞😭,"['Prime', 'Day', '单量', '五倍', '稳定性', '点个']",Prime Day 单量 五倍 稳定性 点个,0.823,正面,其他使用体验,4.0,未分类
R0692,App Store,2025-03-26,5.0,inventory,多平台库存不同步/超卖,0,旺季实测，超卖预警救了我好几次，库存一到阈值自动下架，亚马逊评分稳了！！！,"['超卖', '预警', '几次', '库存', '一到', '阈值', '下架', '亚马逊', '评分']",超卖 预警 几次 库存 一到 阈值 下架 亚马逊 评分,0.734,正面,多平台库存/超卖,5.0,多平台库存/超卖
R0169,小红书,2025-04-23,1.0,order_sync,订单漏单/同步延迟,0,小卖家一枚，合单拆单逻辑乱，同一买家两单合了之后库存扣错，大家注意避坑,"['一枚', '合单', '拆单', '逻辑', '同一', '单合', '库存', '扣错']",一枚 合单 拆单 逻辑 同一 单合 库存 扣错,0.001,负面,其他使用体验,1.0,订单同步与处理
R0780,华为应用市场,2025-03-30,5.0,praise,正向评价,0,老用户说句公道话，客户成功团队专业，季度回访还给优化建议，不像别家收钱就消失,"['说句', '客户', '回访', '还给', '不像', '别家', '收钱']",说句 客户 回访 还给 不像 别家 收钱,0.007,负面,其他使用体验,5.0,正向评价
R0781,官方社区,2025-05-26,1.0,logistics,物流单号同步慢/回传失败,0,说实话，批量发货后单号回传成功率不到九成，每天都要人工核，退款退到麻木,"['说实话', '批量', '发货', '单号回传', '成功率', '不到', '九成', '人工', '退款', '麻木']",说实话 批量 发货 单号回传 成功率 不到 九成 人工 退款 麻木,0.1,负面,其他使用体验,1.0,物流同步与回传
R1035,华为应用市场,2025-07-18,5.0,listing,刊登与商品管理问题,0,说实话，采集搬家加批量刊登效率很高，上新品速度快一倍 吧,"['说实话', '采集', '搬家', '批量', '刊登', '效率', '新品', '速度', '一倍']",说实话 采集 搬家 批量 刊登 效率 新品 速度 一倍,0.395,负面,多平台库存/超卖,5.0,刊登与商品
R0016,华为应用市场,2025-08-26,1.0,logistics,物流单号同步慢/回传失败,0,用了大半年，面单打出来了单号没同步到虾皮后台，订单状态一直卡着，差评警告,"['大半年', '单打', '单号', '同步', '虾皮', '后台', '订单', '状态', '卡着', '差评', '警告']",大半年 单打 单号 同步 虾皮 后台 订单 状态 卡着 差评 警告,0.0,负面,其他使用体验,1.0,物流同步与回传
R0443,App Store,2025-07-01,3.0,stability,系统卡顿/大促不稳定,1,页面提示服务器繁忙错误码503要等多久？,"['页面', '提示', '服务器', '繁忙', '错误码', '多久']",页面 提示 服务器 繁忙 错误码 多久,0.031,负面,其他使用体验,3.0,系统稳定性
R0253,App Store,2025-08-22,3.0,order_sync,订单漏单/同步延迟,0,小卖家一枚，漏单遇到过两次，重跑同步就好，希望能自动重试，老板已经在问我了,"['一枚', '漏单', '遇到', '两次', '重跑', '同步', '希望', '重试']",一枚 漏单 遇到 两次 重跑 同步 希望 重试,0.102,负面,多平台库存/超卖,3.0,订单同步与处理
R0459,小红书,2025-05-21,1.0,order_sync,订单漏单/同步延迟,0,求助，合单拆单逻辑乱，同一买家两单合了之后库存扣错，半夜还在手动补，大家注意避坑,"['合单', '拆单', '逻辑', '同一', '单合', '库存', '扣错']",合单 拆单 逻辑 同一 单合 库存 扣错,0.0,负面,其他使用体验,1.0,订单同步与处理
R0295,App Store,2025-03-20,3.0,praise,正向评价,0,吐槽一下，中规中矩不出错，跨境工具里算第一梯队,"['中规中矩', '出错', '跨境', '工具', '里算', '第一', '梯队']",中规中矩 出错 跨境 工具 里算 第一 梯队,0.991,正面,其他使用体验,3.0,正向评价
R0702,小红书,2025-05-14,2.0,inventory,多平台库存不同步/超卖,0,吐槽一下，TikTok和Temu共用一个仓库库存，两边对不上只能手动分，大家注意避坑,"['TikTok', 'Temu', '共用', '仓库', '库存', '两边', '对不上']",TikTok Temu 共用 仓库 库存 两边 对不上,0.001,负面,其他使用体验,2.0,多平台库存/超卖
R0452,官方社区,2025-08-11,2.0,order_sync,订单漏单/同步延迟,0,真的服了，黑五那几天订单堆积同步不过来，手动导单导到怀疑人生,"['黑五', '几天', '订单', '堆积', '同步', '过来', '导单', '导到', '怀疑', '人生']",黑五 几天 订单 堆积 同步 过来 导单 导到 怀疑 人生,0.104,负面,价格与收费,2.0,订单同步与处理
R0576,华为应用市场,2025-08-16,3.0,logistics,物流单号同步慢/回传失败,1,跟踪号换单号了要在哪个页面更新？,"['跟踪', '单号', '哪个', '页面', '更新']",跟踪 单号 哪个 页面 更新,0.002,负面,其他使用体验,3.0,物流同步与回传
R0390,官方社区,2025-05-17,5.0,support,客服响应慢/处理周期长,0,客观说一句，技术支持凌晨还在帮我处理面单问题，确实被感动到,"['技术支持', '处理', '面单', '感动']",技术支持 处理 面单 感动,0.723,正面,物流同步与回传,5.0,物流同步与回传
R0094,小红书,2025-08-13,5.0,praise,正向评价,0,客观说一句，手机端查订单看数据方便，出差也能盯店铺,"['端查', '订单', '数据', '方便', '出差']",端查 订单 数据 方便 出差,0.036,负面,价格与收费,5.0,订单同步与处理
R0462,小红书,2025-08-21,1.0,logistics,物流单号同步慢/回传失败,0,吐槽一下，发货了轨迹不更新，问就是物流商接口问题，买家天天催发货无语了,"['发货', '轨迹', '更新', '物流', '接口', '天天', '发货', '无语']",发货 轨迹 更新 物流 接口 天天 发货 无语,0.09,负面,其他使用体验,1.0,物流同步与回传
R0553,官方社区,2025-03-07,3.0,pricing,价格与收费争议,0,旺季实测，功能确实多但用不上的也打包收费，希望模块化自选,"['用不上', '打包', '收费', '希望', '模块化', '自选']",用不上 打包 收费 希望 模块化 自选,0.765,正面,多平台库存/超卖,3.0,价格与收费
R0718,官方社区,2025-03-01,5.0,praise,正向评价,0,吐槽一下，客户成功团队专业，季度回访还给优化建议，不像别家收钱就消失😤,"['客户', '回访', '还给', '不像', '别家', '收钱']",客户 回访 还给 不像 别家 收钱,0.012,负面,其他使用体验,5.0,正向评价
R0634,小米应用商店,2025-05-22,4.0,logistics,物流单号同步慢/回传失败,1,发货后Temu后台不显示单号，有人知道怎么批量补传吗？,"['发货', 'Temu', '后台', '显示', '批量', '补传']",发货 Temu 后台 显示 批量 补传,0.07,负面,其他使用体验,4.0,物流同步与回传
R0992,小红书,2025-07-15,2.0,logistics,物流单号同步慢/回传失败,0,旺季实测，亚马逊订单换了跟踪号之后系统里不同步，轨迹直接断掉，仓库白忙一场,"['亚马逊', '订单', '跟踪', '同步', '轨迹', '断掉', '仓库', '白忙', '一场']",亚马逊 订单 跟踪 同步 轨迹 断掉 仓库 白忙 一场,0.294,负面,客服与工单,2.0,物流同步与回传
R0328,华为应用市场,2025-06-07,5.0,praise,正向评价,0,小卖家一枚，手机端查订单看数据方便，出差也能盯店铺,"['一枚', '端查', '订单', '数据', '方便', '出差']",一枚 端查 订单 数据 方便 出差,0.209,负面,价格与收费,5.0,订单同步与处理
R0616,App Store,2025-03-23,2.0,stability,系统卡顿/大促不稳定,0,吐槽一下，页面加载慢得像拨号上网，打开库存页要等十几秒，仓库白忙一场,"['页面', '加载', '慢得', '拨号上网', '打开', '库存', '十几秒', '仓库', '白忙', '一场']",页面 加载 慢得 拨号上网 打开 库存 十几秒 仓库 白忙 一场,0.001,负面,其他使用体验,2.0,多平台库存/超卖
R0133,小米应用商店,2025-04-04,1.0,order_sync,订单漏单/同步延迟,0,黑五那几天订单堆积同步不过来，手动导单导到怀疑人生，大促根本不敢放量 有没有同款情况的卖家,"['黑五', '几天', '订单', '堆积', '同步', '过来', '导单', '导到', '怀疑', '人生', '有没有']",黑五 几天 订单 堆积 同步 过来 导单 导到 怀疑 人生 有没有,0.017,负面,价格与收费,1.0,订单同步与处理
R0260,官方社区,2025-07-21,3.0,onboarding,上手成本高/引导不足,1,新员工培训课程在哪里报名？有录播可以回看吗？,"['员工', '培训', '课程', '哪里', '报名', '录播', '回看']",员工 培训 课程 哪里 报名 录播 回看,0.74,正面,客服与工单,3.0,上手与培训
R0219,小米应用商店,2025-03-16,3.0,praise,正向评价,0,中规中矩不出错，跨境工具里算第一梯队，老板已经在问我了,"['中规中矩', '出错', '跨境', '工具', '里算', '第一', '梯队']",中规中矩 出错 跨境 工具 里算 第一 梯队,0.969,正面,其他使用体验,3.0,正向评价
R0808,App Store,2025-06-04,5.0,praise,正向评价,0,客观说一句，免费版就够用，小卖家福音，客服回复也及时，五星，老板已经在问我了,"['免费版', '够用', '福音', '客服', '回复', '及时', '五星']",免费版 够用 福音 客服 回复 及时 五星,0.027,负面,其他使用体验,5.0,客服与工单
R0275,官方社区,2025-05-28,2.0,support,客服响应慢/处理周期长,0,吐槽一下，客服响应是真的慢，工单提交一天没人理，退款退到麻木,"['客服', '响应', '工单', '提交', '一天', '人理', '退款', '麻木']",客服 响应 工单 提交 一天 人理 退款 麻木,0.0,负面,客服与工单,2.0,客服与工单
R0143,华为应用市场,2025-03-26,1.0,inventory,多平台库存不同步/超卖,0,旺季实测，eBay活动锁库存不同步，活动结束就超卖了 有没有同款情况的卖家,"['eBay', '库存', '同步', '结束', '超卖', '有没有']",eBay 库存 同步 结束 超卖 有没有,0.287,负面,其他使用体验,1.0,多平台库存/超卖
R1017,知乎,2025-08-11,2.0,stability,系统卡顿/大促不稳定,0,真的服了，批量操作必卡死，一次审五百单要加载十分钟 我也遇到了,"['批量', '操作', '卡死', '一次', '五百', '单要', '加载', '十分钟', '遇到']",批量 操作 卡死 一次 五百 单要 加载 十分钟 遇到,0.011,负面,多平台库存/超卖,2.0,系统稳定性
R0474,App Store,2025-06-01,5.0,support,客服响应慢/处理周期长,0,小卖家一枚，技术支持凌晨还在帮我处理面单问题，确实被感动到,"['一枚', '技术支持', '处理', '面单', '感动']",一枚 技术支持 处理 面单 感动,0.949,正面,物流同步与回传,5.0,物流同步与回传
R0751,App Store,2025-07-11,1.0,listing,刊登与商品管理问题,0,客观说一句，Listing监控形同虚设，跟卖提醒一点不准 有没有同款情况的卖家,"['Listing', '监控', '形同虚设', '提醒', '一点', '不准', '有没有']",Listing 监控 形同虚设 提醒 一点 不准 有没有,0.0,负面,其他使用体验,1.0,刊登与商品
R0121,App Store,2025-03-03,1.0,order_sync,订单漏单/同步延迟,0,老用户说句公道话，异常订单不标红不提醒，混在正常单里差点发错，大家注意避坑,"['说句', '异常', '订单', '不标', '提醒', '混在', '正常', '单里', '差点', '发错']",说句 异常 订单 不标 提醒 混在 正常 单里 差点 发错,0.001,负面,价格与收费,1.0,订单同步与处理
R0142,华为应用市场,2025-06-24,1.0,listing,刊登与商品管理问题,0,老用户说句公道话，多平台铺货不能一键转，每个平台都要重新编辑,"['说句', '铺货', '不能', '一键', '每个', '重新', '编辑']",说句 铺货 不能 一键 每个 重新 编辑,0.286,负面,其他使用体验,1.0,刊登与商品
R0579,小红书,2025-07-29,1.0,logistics,物流单号同步慢/回传失败,0,发货了轨迹不更新，问就是物流商接口问题，有用点个赞,"['发货', '轨迹', '更新', '物流', '接口', '点个']",发货 轨迹 更新 物流 接口 点个,0.933,正面,其他使用体验,1.0,物流同步与回传
R0661,小米应用商店,2025-07-17,1.0,support,客服响应慢/处理周期长,0,求助，客服只会让清缓存重启，明显是bug也不承认,"['客服', '只会', '缓存', '重启', '明显', 'bug', '承认']",客服 只会 缓存 重启 明显 bug 承认,0.001,负面,其他使用体验,1.0,系统稳定性
R0262,官方社区,2025-05-05,2.0,logistics,物流单号同步慢/回传失败,0,换极兔之后单号经常回传失败，要手动一个个补，退款退到麻木 有没有同款情况的卖家😭,"['换极', '回传失败', '一个个', '退款', '麻木', '有没有']",换极 回传失败 一个个 退款 麻木 有没有,0.191,负面,客服与工单,2.0,物流同步与回传
R0406,华为应用市场,2025-08-19,2.0,stability,系统卡顿/大促不稳定,0,小卖家一枚，大促当天直接崩了一个小时，订单全积压,"['一枚', '订单', '积压']",一枚 订单 积压,0.16,负面,价格与收费,2.0,订单同步与处理
R0690,华为应用市场,2025-06-28,5.0,inventory,多平台库存不同步/超卖,0,超卖预警救了我好几次，库存一到阈值自动下架，速卖通评分稳了,"['超卖', '预警', '几次', '库存', '一到', '阈值', '下架', '速卖通', '评分']",超卖 预警 几次 库存 一到 阈值 下架 速卖通 评分,0.127,负面,多平台库存/超卖,5.0,多平台库存/超卖
R0145,App Store,2025-04-16,1.0,onboarding,上手成本高/引导不足,0,第一步店铺授权就卡住，操作指引和实际页面对不上，光这个每月损失不少钱，大家注意避坑,"['第一步', '授权', '卡住', '操作', '指引', '实际', '页面', '对不上']",第一步 授权 卡住 操作 指引 实际 页面 对不上,0.004,负面,其他使用体验,1.0,上手与培训
R0312,小米应用商店,2025-04-28,1.0,finance,对账与财务能力弱,0,用了大半年，财务模块学习成本高，会计研究一周说不如手工表，光这个每月损失不少钱，老板已经在问我了,"['大半年', '财务', '模块', '学习', '成本', '会计', '一周', '不如', '手工']",大半年 财务 模块 学习 成本 会计 一周 不如 手工,0.161,负面,物流同步与回传,1.0,财务对账
R0995,App Store,2025-03-17,1.0,support,客服响应慢/处理周期长,0,用了大半年，客服只会让清缓存重启，明显是bug也不承认,"['大半年', '客服', '只会', '缓存', '重启', '明显', 'bug', '承认']",大半年 客服 只会 缓存 重启 明显 bug 承认,0.004,负面,其他使用体验,1.0,系统稳定性
R0946,小米应用商店,2025-04-30,5.0,praise,正向评价,0,免费版就够用，小卖家福音，客服回复也及时，五星 有没有同款情况的卖家,"['免费版', '够用', '福音', '客服', '回复', '及时', '五星', '有没有']",免费版 够用 福音 客服 回复 及时 五星 有没有,0.057,负面,其他使用体验,5.0,客服与工单
R0953,小红书,2025-09-10,2.0,finance,对账与财务能力弱,0,小卖家一枚，多店铺成本混在一起，想算单店利润得自己拼数据，差评警告，大家注意避坑,"['一枚', '成本', '混在', '一起', '想算', '单店', '利润', '数据', '差评', '警告']",一枚 成本 混在 一起 想算 单店 利润 数据 差评 警告,0.0,负面,客服与工单,2.0,财务对账
R0793,App Store,2025-07-15,3.0,onboarding,上手成本高/引导不足,0,刚用觉得乱用顺了还好，前两周劝退期挺过去就行,"['刚用', '乱用', '还好', '两周', '劝退', '期挺', '过去', '就行']",刚用 乱用 还好 两周 劝退 期挺 过去 就行,0.332,负面,多平台库存/超卖,3.0,上手与培训
R0496,华为应用市场,2025-04-26,1.0,order_sync,订单漏单/同步延迟,0,吐槽一下，订单备注同步不过来，买家留言的赠品要求看不到，平台扣分扣到肉疼,"['订单', '备注', '同步', '过来', '留言', '赠品', '要求', '看不到']",订单 备注 同步 过来 留言 赠品 要求 看不到,0.02,负面,价格与收费,1.0,订单同步与处理
R0570,官方社区,2025-07-25,4.0,order_sync,订单漏单/同步延迟,0,旺季实测，自动审单规则真香，八成订单不用人工碰 有没有同款情况的卖家,"['自动审单', '真香', '八成', '订单', '不用', '人工', '有没有']",自动审单 真香 八成 订单 不用 人工 有没有,0.016,负面,其他使用体验,4.0,订单同步与处理
R0637,小米应用商店,2025-06-28,5.0,praise,正向评价,0,手机端查订单看数据方便，出差也能盯店铺 有没有同款情况的卖家,"['端查', '订单', '数据', '方便', '出差', '有没有']",端查 订单 数据 方便 出差 有没有,0.019,负面,价格与收费,5.0,订单同步与处理
R0952,知乎,2025-04-21,1.0,stability,系统卡顿/大促不稳定,0,导出报表经常超时，数据量一大就报错，差评警告,"['导出', '报表', '超时', '数据量', '一大', '报错', '差评', '警告']",导出 报表 超时 数据量 一大 报错 差评 警告,0.007,负面,其他使用体验,1.0,系统稳定性
R0838,知乎,2025-03-20,1.0,logistics,物流单号同步慢/回传失败,0,小卖家一枚，批量发货后单号回传成功率不到九成，每天都要人工核，有用点个赞,"['一枚', '批量', '发货', '单号回传', '成功率', '不到', '九成', '人工', '点个']",一枚 批量 发货 单号回传 成功率 不到 九成 人工 点个,0.919,正面,其他使用体验,1.0,物流同步与回传
R0593,App Store,2025-03-18,1.0,finance,对账与财务能力弱,0,求助，利润报表算不准，头程运费和广告费分摊逻辑看不懂，半夜还在手动补,"['利润报表', '不准', '头程', '运费', '广告费', '分摊', '逻辑', '看不懂']",利润报表 不准 头程 运费 广告费 分摊 逻辑 看不懂,0.001,负面,其他使用体验,1.0,财务对账
R0210,App Store,2025-04-15,1.0,pricing,价格与收费争议,0,真的服了，报价不透明，销售一个价合同一个价，各种隐藏费用，半夜还在手动补 有没有同款情况的卖家服了,"['报价', '透明', '销售', '合同', '各种', '隐藏', '费用', '有没有']",报价 透明 销售 合同 各种 隐藏 费用 有没有,0.0,负面,价格与收费,1.0,价格与收费
R0168,知乎,2025-07-09,2.0,inventory,多平台库存不同步/超卖,0,用了大半年，库存同步延迟太离谱，仓库出完货前台还挂着，半夜还在手动补,"['大半年', '库存同步', '延迟', '离谱', '仓库', '完货', '前台']",大半年 库存同步 延迟 离谱 仓库 完货 前台,0.0,负面,价格与收费,2.0,多平台库存/超卖
R0445,官方社区,2025-07-19,1.0,logistics,物流单号同步慢/回传失败,0,吐槽一下，换CNE之后单号经常回传失败，要手动一个个补，仓库白忙一场,"['CNE', '回传失败', '一个个', '仓库', '白忙', '一场']",CNE 回传失败 一个个 仓库 白忙 一场,0.024,负面,客服与工单,1.0,物流同步与回传
R0022,知乎,2025-07-01,1.0,order_sync,订单漏单/同步延迟,0,求助，异常订单不标红不提醒，混在正常单里差点发错，有用点个赞,"['异常', '订单', '不标', '提醒', '混在', '正常', '单里', '差点', '发错', '点个']",异常 订单 不标 提醒 混在 正常 单里 差点 发错 点个,0.05,负面,价格与收费,1.0,订单同步与处理
R0116,App Store,2025-04-11,2.0,pricing,价格与收费争议,0,免费试用到期直接扣费，事先没有明显提醒，大家注意避坑🤦,"['免费', '试用', '到期', '扣费', '事先', '没有', '明显', '提醒']",免费 试用 到期 扣费 事先 没有 明显 提醒,0.004,负面,客服与工单,2.0,未分类
R0550,App Store,2025-05-24,3.0,finance,对账与财务能力弱,0,真的服了，对账能处理大部分，长尾差异单还得人工，省了七八成时间，有用点个赞,"['对账', '处理', '大部分', '长尾', '差异', '人工', '七八成', '时间', '点个']",对账 处理 大部分 长尾 差异 人工 七八成 时间 点个,0.864,正面,其他使用体验,3.0,财务对账
R0091,华为应用市场,2025-08-08,5.0,support,客服响应慢/处理周期长,1,请问人工客服几点下班？晚上发的工单第二天会处理吗？,"['人工', '客服', '几点', '下班', '工单', '第二天', '处理']",人工 客服 几点 下班 工单 第二天 处理,0.001,负面,其他使用体验,5.0,客服与工单
R0466,App Store,2025-06-23,2.0,inventory,多平台库存不同步/超卖,0,真的服了，TikTok和eBay共用一个仓库库存，两边对不上只能手动分,"['TikTok', 'eBay', '共用', '仓库', '库存', '两边', '对不上']",TikTok eBay 共用 仓库 库存 两边 对不上,0.004,负面,其他使用体验,2.0,多平台库存/超卖
R0948,官方社区,2025-05-04,3.0,finance,对账与财务能力弱,1,虾皮平台扣费怎么和订单逐单对账？求操作教程,"['虾皮', '扣费', '订单', '逐单', '对账', '操作', '教程']",虾皮 扣费 订单 逐单 对账 操作 教程,0.01,负面,多平台库存/超卖,3.0,订单同步与处理
R0451,小米应用商店,2025-03-23,3.0,inventory,多平台库存不同步/超卖,0,老用户说句公道话，功能有但配置复杂，研究了两天才搞懂可售和可用的区别,"['说句', '复杂', '搞懂', '可售', '可用', '区别']",说句 复杂 搞懂 可售 可用 区别,0.416,中性,其他使用体验,3.0,多平台库存/超卖
R0363,小红书,2025-07-28,1.0,logistics,物流单号同步慢/回传失败,0,发货了轨迹不更新，问就是物流商接口问题，平台扣分扣到肉疼！！！,"['发货', '轨迹', '更新', '物流', '接口']",发货 轨迹 更新 物流 接口,0.058,负面,其他使用体验,1.0,物流同步与回传
R0453,小米应用商店,2025-04-05,2.0,listing,刊登与商品管理问题,0,亚马逊类目对不上，刊登被退回说属性缺失,"['亚马逊', '类目', '对不上', '刊登', '退回', '属性', '缺失']",亚马逊 类目 对不上 刊登 退回 属性 缺失,0.016,负面,其他使用体验,2.0,刊登与商品
R0352,知乎,2025-06-14,2.0,inventory,多平台库存不同步/超卖,0,多平台库存根本不同步，TikTok Shop卖超了系统里还有货，老板已经在问我了,"['多平台库存', '同步', 'TikTok', 'Shop', '卖超', '还有']",多平台库存 同步 TikTok Shop 卖超 还有,0.029,负面,物流同步与回传,2.0,多平台库存/超卖
R0533,官方社区,2025-04-21,3.0,order_sync,订单漏单/同步延迟,1,自动审单规则的优先级怎么排？两条规则冲突怎么办？,"['自动审单', '优先级', '两条', '冲突', '怎么办']",自动审单 优先级 两条 冲突 怎么办,0.02,负面,其他使用体验,3.0,订单同步与处理
R0687,App Store,2025-08-04,4.0,inventory,多平台库存不同步/超卖,0,客观说一句，多平台多仓统一管库存之后，再没出现超卖纠纷,"['多仓', '统一', '库存', '出现', '超卖', '纠纷']",多仓 统一 库存 出现 超卖 纠纷,0.106,负面,其他使用体验,4.0,多平台库存/超卖
R0447,小红书,2025-05-07,1.0,stability,系统卡顿/大促不稳定,0,真的服了，页面加载慢得像拨号上网，打开库存页要等十几秒,"['页面', '加载', '慢得', '拨号上网', '打开', '库存', '十几秒']",页面 加载 慢得 拨号上网 打开 库存 十几秒,0.0,负面,其他使用体验,1.0,多平台库存/超卖
R0138,官方社区,2025-05-22,2.0,pricing,价格与收费争议,0,客观说一句，基础版好多功能要额外加钱，模块分开收费套路深，有用点个赞,"['基础', '版好', '多功能', '额外', '模块', '分开', '收费', '套路', '点个']",基础 版好 多功能 额外 模块 分开 收费 套路 点个,0.951,正面,其他使用体验,2.0,价格与收费
R0345,知乎,2025-05-05,4.0,listing,刊登与商品管理问题,1,怎么把Temu的listing一键搬到另一个店铺？,"['Temu', 'listing', '一键', '搬到']",Temu listing 一键 搬到,0.211,负面,其他使用体验,4.0,刊登与商品
R0029,华为应用市场,2025-03-19,1.0,logistics,物流单号同步慢/回传失败,0,老用户说句公道话，面单打出来了单号没同步到Lazada后台，订单状态一直卡着，半夜还在手动补，大家注意避坑,"['说句', '单打', '单号', '同步', 'Lazada', '后台', '订单', '状态', '卡着']",说句 单打 单号 同步 Lazada 后台 订单 状态 卡着,0.0,负面,其他使用体验,1.0,物流同步与回传
R0525,小米应用商店,2025-07-08,1.0,support,客服响应慢/处理周期长,0,说实话，续费之前天天嘘寒问暖，出问题人都找不到！！！,"['说实话', '续费', '天天', '嘘寒问暖', '不到']",说实话 续费 天天 嘘寒问暖 不到,0.113,负面,其他使用体验,1.0,未分类
R1021,知乎,2025-08-21,2.0,stability,系统卡顿/大促不稳定,0,更新之后bug更多，筛选器失灵数字错位，越更新越难用，有用点个赞 我也遇到了,"['更新', 'bug', '筛选', '失灵', '数字', '错位', '更新', '越难用', '点个', '遇到']",更新 bug 筛选 失灵 数字 错位 更新 越难用 点个 遇到,0.768,正面,其他使用体验,2.0,系统稳定性
R0691,小红书,2025-08-29,5.0,praise,正向评价,0,老用户说句公道话，用了三年的老用户，功能全更新快，Shopee生意做大一半靠它，真心推荐！！！,"['说句', '三年', '更新快', 'Shopee', '生意', '做大', '一半', '真心', '推荐']",说句 三年 更新快 Shopee 生意 做大 一半 真心 推荐,0.122,负面,物流同步与回传,5.0,正向评价
R0415,知乎,2025-06-06,4.0,praise,正向评价,0,用了大半年，免费版就够用，小卖家福音，客服回复也及时，五星！！！,"['大半年', '免费版', '够用', '福音', '客服', '回复', '及时', '五星']",大半年 免费版 够用 福音 客服 回复 及时 五星,0.052,负面,其他使用体验,4.0,客服与工单
R0470,官方社区,2025-08-15,3.0,logistics,物流单号同步慢/回传失败,0,物流轨迹比物流商官网慢两个小时，凑合吧 有没有同款情况的卖家🤦,"['物流轨迹', '物流', '商官', '网慢', '两个', '凑合', '有没有']",物流轨迹 物流 商官 网慢 两个 凑合 有没有,0.219,负面,物流同步与回传,3.0,物流同步与回传
R0503,官方社区,2025-04-11,3.0,inventory,多平台库存不同步/超卖,0,功能有但配置复杂，研究了两天才搞懂可售和可用的区别 有没有同款情况的卖家,"['复杂', '搞懂', '可售', '可用', '区别', '有没有']",复杂 搞懂 可售 可用 区别 有没有,0.284,负面,其他使用体验,3.0,多平台库存/超卖
R0795,知乎,2025-07-22,5.0,praise,正向评价,0,吐槽一下，自动化规则省了一个运营人力，光这个年费就回本，有用点个赞,"['自动化', '运营', '人力', '年费', '回本', '点个']",自动化 运营 人力 年费 回本 点个,0.925,正面,其他使用体验,5.0,价格与收费
R0068,小红书,2025-07-18,3.0,inventory,多平台库存不同步/超卖,1,组合商品库存扣减规则有人讲一下吗？套装总是负库存,"['组合', '商品', '库存', '扣减', '套装', '总是', '库存']",组合 商品 库存 扣减 套装 总是 库存,0.652,正面,其他使用体验,3.0,多平台库存/超卖
R0122,知乎,2025-08-18,3.0,praise,正向评价,0,用了大半年，中规中矩不出错，跨境工具里算第一梯队,"['大半年', '中规中矩', '出错', '跨境', '工具', '里算', '第一', '梯队']",大半年 中规中矩 出错 跨境 工具 里算 第一 梯队,0.992,正面,其他使用体验,3.0,正向评价
R0161,官方社区,2025-03-16,3.0,logistics,物流单号同步慢/回传失败,0,求助，物流同步基本能用，就是燕文偶尔慢一点，手动刷新就好,"['物流', '同步', '基本', '燕文', '偶尔', '一点', '刷新']",物流 同步 基本 燕文 偶尔 一点 刷新,0.035,负面,物流同步与回传,3.0,物流同步与回传
R0688,小红书,2025-08-15,2.0,inventory,多平台库存不同步/超卖,0,求助，TikTok和Lazada共用一个仓库库存，两边对不上只能手动分，差评警告,"['TikTok', 'Lazada', '共用', '仓库', '库存', '两边', '对不上', '差评', '警告']",TikTok Lazada 共用 仓库 库存 两边 对不上 差评 警告,0.0,负面,其他使用体验,2.0,多平台库存/超卖
R0746,华为应用市场,2025-07-07,2.0,pricing,价格与收费争议,0,旺季实测，基础版好多功能要额外加钱，模块分开收费套路深，有用点个赞,"['基础', '版好', '多功能', '额外', '模块', '分开', '收费', '套路', '点个']",基础 版好 多功能 额外 模块 分开 收费 套路 点个,0.992,正面,其他使用体验,2.0,价格与收费
R0651,官方社区,2025-06-09,2.0,listing,刊登与商品管理问题,0,老用户说句公道话，多平台铺货不能一键转，每个平台都要重新编辑，光这个每月损失不少钱,"['说句', '铺货', '不能', '一键', '每个', '重新', '编辑']",说句 铺货 不能 一键 每个 重新 编辑,0.025,负面,其他使用体验,2.0,刊登与商品
R0140,华为应用市场,2025-05-13,1.0,finance,对账与财务能力弱,0,小卖家一枚，月结账单导出来格式乱七八糟，还要二次整理，大促根本不敢放量，大家注意避坑,"['一枚', '结账', '导出来', '格式', '乱七八糟', '还要', '二次', '整理']",一枚 结账 导出来 格式 乱七八糟 还要 二次 整理,0.0,负面,其他使用体验,1.0,财务对账
R0819,App Store,2025-05-09,2.0,finance,对账与财务能力弱,0,旺季实测，物流费只能对总金额，单号维度对不了，差异查不到,"['物流', '总金额', '维度', '不了', '差异', '查不到']",物流 总金额 维度 不了 差异 查不到,0.009,负面,多平台库存/超卖,2.0,物流同步与回传
R0247,App Store,2025-04-12,1.0,logistics,物流单号同步慢/回传失败,0,求助，自定义物流渠道配了好几次都不生效，文档也写不清楚,"['自定义', '物流', '渠道', '几次', '生效', '文档', '清楚']",自定义 物流 渠道 几次 生效 文档 清楚,0.026,负面,其他使用体验,1.0,物流同步与回传
R0478,小红书,2025-08-20,4.0,praise,正向评价,0,吐槽一下，自动化规则省了一个运营人力，光这个年费就回本,"['自动化', '运营', '人力', '年费', '回本']",自动化 运营 人力 年费 回本,0.575,中性,其他使用体验,4.0,价格与收费
R0292,官方社区,2025-05-01,2.0,logistics,物流单号同步慢/回传失败,0,旺季实测，Temu订单换了跟踪号之后系统里不同步，轨迹直接断掉！！！无语了,"['Temu', '订单', '跟踪', '同步', '轨迹', '断掉', '无语']",Temu 订单 跟踪 同步 轨迹 断掉 无语,0.014,负面,客服与工单,2.0,物流同步与回传
R0229,知乎,2025-07-29,5.0,praise,正向评价,0,吐槽一下，从选品刊登到发货对账全链路打通，数据不用倒来倒去,"['选品', '刊登', '发货', '对账', '链路', '打通', '数据', '不用', '倒来倒去']",选品 刊登 发货 对账 链路 打通 数据 不用 倒来倒去,0.025,负面,价格与收费,5.0,财务对账
R0100,App Store,2025-08-10,3.0,pricing,价格与收费争议,0,吐槽一下，价格中等，主要看旺季能不能撑住，撑住就值，有用点个赞,"['价格', '中等', '主要', '不能', '撑住', '撑住', '就值', '点个']",价格 中等 主要 不能 撑住 撑住 就值 点个,0.969,正面,其他使用体验,3.0,价格与收费
R0104,华为应用市场,2025-04-05,2.0,onboarding,上手成本高/引导不足,0,上手太难了，功能入口藏得深，新运营培训一周还是懵,"['上手', '太难', '入口', '藏得', '运营', '培训', '一周']",上手 太难 入口 藏得 运营 培训 一周,0.979,正面,客服与工单,2.0,上手与培训
R0337,App Store,2025-07-04,2.0,stability,系统卡顿/大促不稳定,0,系统三天两头卡顿，订单工作台转圈半天才打开，大家注意避坑,"['三天两头', '卡顿', '订单', '工作台', '转圈', '打开']",三天两头 卡顿 订单 工作台 转圈 打开,0.001,负面,其他使用体验,2.0,系统稳定性
R0626,App Store,2025-04-23,5.0,praise,正向评价,0,自动化规则省了一个运营人力，光这个年费就回本！！！,"['自动化', '运营', '人力', '年费', '回本']",自动化 运营 人力 年费 回本,0.278,负面,其他使用体验,5.0,价格与收费
R0841,华为应用市场,2025-06-29,1.0,pricing,价格与收费争议,0,老用户说句公道话，按席位收费太贵，客服仓库就用个打单也要全价席位，买家天天催发货,"['说句', '席位', '收费', '太贵', '客服', '仓库', '用个', '打单', '全价', '席位', '天天', '发货']",说句 席位 收费 太贵 客服 仓库 用个 打单 全价 席位 天天 发货,0.001,负面,价格与收费,1.0,价格与收费
R0677,App Store,2025-03-14,3.0,order_sync,订单漏单/同步延迟,0,真的服了，漏单遇到过两次，重跑同步就好，希望能自动重试！！！,"['漏单', '遇到', '两次', '重跑', '同步', '希望', '重试']",漏单 遇到 两次 重跑 同步 希望 重试,0.015,负面,多平台库存/超卖,3.0,订单同步与处理
R0278,小红书,2025-08-05,3.0,pricing,价格与收费争议,0,功能确实多但用不上的也打包收费，希望模块化自选,"['用不上', '打包', '收费', '希望', '模块化', '自选']",用不上 打包 收费 希望 模块化 自选,0.517,中性,多平台库存/超卖,3.0,价格与收费
R0051,App Store,2025-07-07,3.0,order_sync,订单漏单/同步延迟,0,同步基本及时，个别订单要手动拉一下，整体可以接受,"['同步', '基本', '及时', '个别', '订单', '接受']",同步 基本 及时 个别 订单 接受,0.619,正面,价格与收费,3.0,订单同步与处理
R0745,小红书,2025-08-11,4.0,inventory,多平台库存不同步/超卖,0,超卖预警救了我好几次，库存一到阈值自动下架，Shopee评分稳了 有没有同款情况的卖家,"['超卖', '预警', '几次', '库存', '一到', '阈值', '下架', 'Shopee', '评分', '有没有']",超卖 预警 几次 库存 一到 阈值 下架 Shopee 评分 有没有,0.153,负面,多平台库存/超卖,4.0,多平台库存/超卖
R0719,App Store,2025-06-13,5.0,logistics,物流单号同步慢/回传失败,0,真的服了，云帆对接的物流渠道是真的全，极兔一键下单打单很顺,"['云帆', '对接', '物流', '渠道', '极兔', '一键', '单打']",云帆 对接 物流 渠道 极兔 一键 单打,0.913,正面,其他使用体验,5.0,物流同步与回传
R0075,华为应用市场,2025-04-16,4.0,logistics,物流单号同步慢/回传失败,0,小卖家一枚，单号回传有延迟但能接受，希望加个回传失败自动重试，大家注意避坑,"['一枚', '单号回传', '延迟', '接受', '希望', '加个', '回传失败', '重试']",一枚 单号回传 延迟 接受 希望 加个 回传失败 重试,0.005,负面,其他使用体验,4.0,物流同步与回传
R0388,App Store,2025-05-31,3.0,finance,对账与财务能力弱,0,真的服了，对账能处理大部分，长尾差异单还得人工，省了七八成时间 有没有同款情况的卖家,"['对账', '处理', '大部分', '长尾', '差异', '人工', '七八成', '时间', '有没有']",对账 处理 大部分 长尾 差异 人工 七八成 时间 有没有,0.14,负面,其他使用体验,3.0,财务对账
R1034,知乎,2025-08-11,2.0,stability,系统卡顿/大促不稳定,0,真的服了，批量操作必卡死，一次审五百单要加载十分钟,"['批量', '操作', '卡死', '一次', '五百', '单要', '加载', '十分钟']",批量 操作 卡死 一次 五百 单要 加载 十分钟,0.011,负面,多平台库存/超卖,2.0,系统稳定性
R0772,官方社区,2025-03-03,2.0,inventory,多平台库存不同步/超卖,0,求助，多平台库存根本不同步，速卖通卖超了系统里还有货，老板已经在问我了,"['多平台库存', '同步', '速卖通', '卖超', '还有']",多平台库存 同步 速卖通 卖超 还有,0.001,负面,物流同步与回传,2.0,多平台库存/超卖
R0498,知乎,2025-07-06,5.0,inventory,多平台库存不同步/超卖,0,多平台多仓统一管库存之后，再没出现超卖纠纷！！！😭,"['多仓', '统一', '库存', '出现', '超卖', '纠纷']",多仓 统一 库存 出现 超卖 纠纷,0.19,负面,其他使用体验,5.0,多平台库存/超卖
R0414,华为应用市场,2025-07-13,5.0,listing,刊登与商品管理问题,0,吐槽一下，采集搬家加批量刊登效率很高，上新品速度快一倍！！！,"['采集', '搬家', '批量', '刊登', '效率', '新品', '速度', '一倍']",采集 搬家 批量 刊登 效率 新品 速度 一倍,0.158,负面,多平台库存/超卖,5.0,刊登与商品
R0375,App Store,2025-07-24,5.0,order_sync,订单漏单/同步延迟,0,旺季实测，全平台订单一个工作台处理，不用来回切后台，效率翻倍,"['订单', '工作台', '处理', '不用', '来回', '后台', '效率', '翻倍']",订单 工作台 处理 不用 来回 后台 效率 翻倍,0.422,中性,其他使用体验,5.0,订单同步与处理
R0464,小红书,2025-03-12,5.0,praise,正向评价,0,真的服了，多店铺多平台统一管理，TikTok Shop扩店一点不慌,"['统一', '管理', 'TikTok', 'Shop', '扩店', '一点']",统一 管理 TikTok Shop 扩店 一点,0.237,负面,物流同步与回传,5.0,正向评价
R0736,小红书,2025-05-07,1.0,stability,系统卡顿/大促不稳定,0,客观说一句，闪退频繁，打单打到一半闪退，面单号都浪费了，平台扣分扣到肉疼,"['闪退', '频繁', '单打', '一半', '闪退', '面单', '浪费']",闪退 频繁 单打 一半 闪退 面单 浪费,0.0,负面,物流同步与回传,1.0,物流同步与回传
R0435,App Store,2025-08-24,5.0,praise,正向评价,0,多店铺多平台统一管理，TikTok Shop扩店一点不慌,"['统一', '管理', 'TikTok', 'Shop', '扩店', '一点']",统一 管理 TikTok Shop 扩店 一点,0.421,中性,物流同步与回传,5.0,正向评价
R0806,小米应用商店,2025-08-02,4.0,praise,正向评价,0,真的服了，仓库从纸单换到PDA拣货，错发率基本归零，有用点个赞,"['仓库', '从纸', '单换', 'PDA', '错发率', '基本', '归零', '点个']",仓库 从纸 单换 PDA 错发率 基本 归零 点个,0.035,负面,客服与工单,4.0,正向评价
R0155,App Store,2025-08-10,1.0,onboarding,上手成本高/引导不足,0,真的服了，培训约了三次都改期，最后只能看录播自学 有没有同款情况的卖家,"['培训', '三次', '改期', '最后', '录播', '自学', '有没有']",培训 三次 改期 最后 录播 自学 有没有,0.428,中性,客服与工单,1.0,上手与培训
R0615,官方社区,2025-05-16,3.0,inventory,多平台库存不同步/超卖,0,旺季实测，功能有但配置复杂，研究了两天才搞懂可售和可用的区别,"['复杂', '搞懂', '可售', '可用', '区别']",复杂 搞懂 可售 可用 区别,0.837,正面,其他使用体验,3.0,多平台库存/超卖
R0517,小红书,2025-07-04,1.0,order_sync,订单漏单/同步延迟,0,小卖家一枚，异常订单不标红不提醒，混在正常单里差点发错 有没有同款情况的卖家,"['一枚', '异常', '订单', '不标', '提醒', '混在', '正常', '单里', '差点', '发错', '有没有']",一枚 异常 订单 不标 提醒 混在 正常 单里 差点 发错 有没有,0.019,负面,价格与收费,1.0,订单同步与处理
R0063,小米应用商店,2025-05-02,4.0,listing,刊登与商品管理问题,0,刊登够用但谈不上多好用，批量功能再强点就好,"['刊登', '够用', '谈不上', '多好', '批量', '强点']",刊登 够用 谈不上 多好 批量 强点,0.154,负面,其他使用体验,4.0,刊登与商品
R0351,小红书,2025-05-05,1.0,listing,刊登与商品管理问题,0,吐槽一下，Lazada类目对不上，刊登被退回说属性缺失，大家注意避坑,"['Lazada', '类目', '对不上', '刊登', '退回', '属性', '缺失']",Lazada 类目 对不上 刊登 退回 属性 缺失,0.0,负面,其他使用体验,1.0,刊登与商品
R0252,官方社区,2025-08-12,2.0,logistics,物流单号同步慢/回传失败,0,真的服了，Wish订单换了跟踪号之后系统里不同步，轨迹直接断掉，平台扣分扣到肉疼，老板已经在问我了服了,"['Wish', '订单', '跟踪', '同步', '轨迹', '断掉']",Wish 订单 跟踪 同步 轨迹 断掉,0.001,负面,客服与工单,2.0,物流同步与回传
R0105,华为应用市场,2025-08-11,5.0,praise,正向评价,0,小卖家一枚，免费版就够用，小卖家福音，客服回复也及时，五星，老板已经在问我了,"['一枚', '免费版', '够用', '福音', '客服', '回复', '及时', '五星']",一枚 免费版 够用 福音 客服 回复 及时 五星,0.163,负面,其他使用体验,5.0,客服与工单
R0326,App Store,2025-07-12,1.0,order_sync,订单漏单/同步延迟,0,求助，订单备注同步不过来，买家留言的赠品要求看不到，差评警告,"['订单', '备注', '同步', '过来', '留言', '赠品', '要求', '看不到', '差评', '警告']",订单 备注 同步 过来 留言 赠品 要求 看不到 差评 警告,0.002,负面,价格与收费,1.0,订单同步与处理
R0642,官方社区,2025-07-29,3.0,praise,正向评价,0,求助，中规中矩不出错，跨境工具里算第一梯队,"['中规中矩', '出错', '跨境', '工具', '里算', '第一', '梯队']",中规中矩 出错 跨境 工具 里算 第一 梯队,0.968,正面,其他使用体验,3.0,正向评价
R0965,小红书,2025-08-19,2.0,support,客服响应慢/处理周期长,0,老用户说句公道话，售后工单解决一个问题平均要两天，期间订单发不出去,"['说句', '售后', '工单', '解决', '平均', '期间', '订单', '出去']",说句 售后 工单 解决 平均 期间 订单 出去,0.001,负面,价格与收费,2.0,订单同步与处理
R0454,官方社区,2025-06-10,4.0,finance,对账与财务能力弱,0,客观说一句，报表够用但不灵活，想要的维度得找客服定制导出！！！,"['报表', '够用', '灵活', '想要', '维度', '客服', '定制', '导出']",报表 够用 灵活 想要 维度 客服 定制 导出,0.036,负面,其他使用体验,4.0,客服与工单
R0235,App Store,2025-03-09,4.0,listing,刊登与商品管理问题,0,真的服了，采集搬家加批量刊登效率很高，上新品速度快一倍 有没有同款情况的卖家,"['采集', '搬家', '批量', '刊登', '效率', '新品', '速度', '一倍', '有没有']",采集 搬家 批量 刊登 效率 新品 速度 一倍 有没有,0.088,负面,多平台库存/超卖,4.0,刊登与商品
R0680,小红书,2025-08-22,1.0,inventory,多平台库存不同步/超卖,0,小卖家一枚，安全库存设了不提醒，断货两天才发现，大家注意避坑,"['一枚', '安全库存', '提醒', '断货']",一枚 安全库存 提醒 断货,0.006,负面,客服与工单,1.0,多平台库存/超卖
R0203,小米应用商店,2025-04-11,1.0,stability,系统卡顿/大促不稳定,0,说实话，闪退频繁，打单打到一半闪退，面单号都浪费了，大家注意避坑,"['说实话', '闪退', '频繁', '单打', '一半', '闪退', '面单', '浪费']",说实话 闪退 频繁 单打 一半 闪退 面单 浪费,0.0,负面,物流同步与回传,1.0,物流同步与回传
R0548,官方社区,2025-07-17,5.0,logistics,物流单号同步慢/回传失败,0,求助，批量打单加自动回传，旺季一天三千单也没出错，大家注意避坑,"['批量', '打单', '回传', '一天', '三千', '出错']",批量 打单 回传 一天 三千 出错,0.003,负面,其他使用体验,5.0,物流同步与回传
R0789,知乎,2025-06-04,5.0,praise,正向评价,0,说实话，多店铺多平台统一管理，TikTok Shop扩店一点不慌,"['说实话', '统一', '管理', 'TikTok', 'Shop', '扩店', '一点']",说实话 统一 管理 TikTok Shop 扩店 一点,0.328,负面,物流同步与回传,5.0,正向评价
R0693,知乎,2025-07-24,2.0,logistics,物流单号同步慢/回传失败,0,说实话，换邮政小包之后单号经常回传失败，要手动一个个补,"['说实话', '邮政', '小包', '回传失败', '一个个']",说实话 邮政 小包 回传失败 一个个,0.01,负面,客服与工单,2.0,物流同步与回传
R0052,小红书,2025-03-31,1.0,finance,对账与财务能力弱,0,吐槽一下，物流费只能对总金额，单号维度对不了，差异查不到，半夜还在手动补，老板已经在问我了,"['物流', '总金额', '维度', '不了', '差异', '查不到']",物流 总金额 维度 不了 差异 查不到,0.0,负面,多平台库存/超卖,1.0,物流同步与回传
R0154,知乎,2025-05-03,5.0,praise,正向评价,0,小卖家一枚，手机端查订单看数据方便，出差也能盯店铺，大家注意避坑,"['一枚', '端查', '订单', '数据', '方便', '出差']",一枚 端查 订单 数据 方便 出差,0.028,负面,价格与收费,5.0,订单同步与处理
R0782,知乎,2025-05-03,2.0,inventory,多平台库存不同步/超卖,0,吐槽一下，FBA仓和自营仓库存分开看，每次都要自己加总，大家注意避坑🤦,"['FBA', '自营', '仓库', '分开', '每次', '加总']",FBA 自营 仓库 分开 每次 加总,0.022,负面,客服与工单,2.0,多平台库存/超卖
R0703,小红书,2025-08-27,2.0,onboarding,上手成本高/引导不足,0,吐槽一下，开通几十周了订单都没跑通，也没人主动跟进,"['开通', '几十', '订单', '没人', '主动', '跟进']",开通 几十 订单 没人 主动 跟进,0.016,负面,价格与收费,2.0,订单同步与处理
R0329,华为应用市场,2025-08-11,3.0,logistics,物流单号同步慢/回传失败,0,客观说一句，物流同步基本能用，就是4PX偶尔慢一点，手动刷新就好，老板已经在问我了,"['物流', '同步', '基本', '4PX', '偶尔', '一点', '刷新']",物流 同步 基本 4PX 偶尔 一点 刷新,0.017,负面,其他使用体验,3.0,物流同步与回传
R0340,华为应用市场,2025-04-11,3.0,inventory,多平台库存不同步/超卖,0,小卖家一枚，功能有但配置复杂，研究了两天才搞懂可售和可用的区别，大家注意避坑,"['一枚', '复杂', '搞懂', '可售', '可用', '区别']",一枚 复杂 搞懂 可售 可用 区别,0.374,负面,其他使用体验,3.0,多平台库存/超卖
R0595,官方社区,2025-04-14,2.0,inventory,多平台库存不同步/超卖,0,用了大半年，多平台库存根本不同步，TikTok Shop卖超了系统里还有货，有用点个赞,"['大半年', '多平台库存', '同步', 'TikTok', 'Shop', '卖超', '还有', '点个']",大半年 多平台库存 同步 TikTok Shop 卖超 还有 点个,0.507,中性,物流同步与回传,2.0,多平台库存/超卖
R0656,知乎,2025-06-14,3.0,pricing,价格与收费争议,0,功能确实多但用不上的也打包收费，希望模块化自选，老板已经在问我了,"['用不上', '打包', '收费', '希望', '模块化', '自选']",用不上 打包 收费 希望 模块化 自选,0.2,负面,多平台库存/超卖,3.0,价格与收费
R0242,知乎,2025-04-28,3.0,listing,刊登与商品管理问题,0,说实话，小语种翻译质量一般，还得自己润色,"['说实话', '语种', '翻译', '质量', '一般', '润色']",说实话 语种 翻译 质量 一般 润色,0.74,正面,其他使用体验,3.0,刊登与商品
R0182,小米应用商店,2025-08-13,1.0,support,客服响应慢/处理周期长,0,求助，报错了找客服来回踢皮球，十几天没解决，平台扣分扣到肉疼,"['报错', '客服', '来回', '踢皮球', '十几天', '解决']",报错 客服 来回 踢皮球 十几天 解决,0.0,负面,其他使用体验,1.0,客服与工单
R0526,App Store,2025-03-11,3.0,pricing,价格与收费争议,0,功能确实多但用不上的也打包收费，希望模块化自选，有用点个赞,"['用不上', '打包', '收费', '希望', '模块化', '自选', '点个']",用不上 打包 收费 希望 模块化 自选 点个,0.907,正面,多平台库存/超卖,3.0,价格与收费
R0964,官方社区,2025-05-17,3.0,praise,正向评价,0,真的服了，中规中矩不出错，跨境工具里算第一梯队 有没有同款情况的卖家,"['中规中矩', '出错', '跨境', '工具', '里算', '第一', '梯队', '有没有']",中规中矩 出错 跨境 工具 里算 第一 梯队 有没有,0.93,正面,其他使用体验,3.0,正向评价
R0638,App Store,2025-04-01,1.0,pricing,价格与收费争议,0,求助，旺季临时加席位比平时贵一倍，趁火打劫吗，退款退到麻木,"['临时', '席位', '平时', '一倍', '趁火打劫', '退款', '麻木']",临时 席位 平时 一倍 趁火打劫 退款 麻木,0.014,负面,多平台库存/超卖,1.0,价格与收费
R0801,小红书,2025-04-13,5.0,logistics,物流单号同步慢/回传失败,0,旺季实测，批量打单加自动回传，旺季一天三千单也没出错😭,"['批量', '打单', '回传', '一天', '三千', '出错']",批量 打单 回传 一天 三千 出错,0.268,负面,其他使用体验,5.0,物流同步与回传
R0268,小米应用商店,2025-08-23,1.0,inventory,多平台库存不同步/超卖,0,用了大半年，多平台库存根本不同步，虾皮卖超了系统里还有货，半夜还在手动补，大家注意避坑,"['大半年', '多平台库存', '同步', '虾皮', '卖超', '还有']",大半年 多平台库存 同步 虾皮 卖超 还有,0.0,负面,物流同步与回传,1.0,多平台库存/超卖
R0001,官方社区,2025-05-29,5.0,logistics,物流单号同步慢/回传失败,0,云帆对接的物流渠道是真的全，CNE一键下单打单很顺！！！😤,"['云帆', '对接', '物流', '渠道', 'CNE', '一键', '单打']",云帆 对接 物流 渠道 CNE 一键 单打,0.734,正面,其他使用体验,5.0,物流同步与回传
R0813,官方社区,2025-07-15,1.0,order_sync,订单漏单/同步延迟,0,小卖家一枚，亚马逊多属性订单同步过来规格全乱，发错颜色十几次，老板已经在问我了,"['一枚', '亚马逊', '属性', '订单同步', '过来', '规格', '全乱', '发错', '颜色', '十几次']",一枚 亚马逊 属性 订单同步 过来 规格 全乱 发错 颜色 十几次,0.606,正面,客服与工单,1.0,订单同步与处理
R1022,App Store,2025-07-16,4.0,inventory,多平台库存不同步/超卖,0,用了大半年，超卖预警救了我好几次，库存一到阈值自动下架，Lazada评分稳了 啊,"['大半年', '超卖', '预警', '几次', '库存', '一到', '阈值', '下架', 'Lazada', '评分']",大半年 超卖 预警 几次 库存 一到 阈值 下架 Lazada 评分,0.411,中性,多平台库存/超卖,4.0,多平台库存/超卖
R0296,官方社区,2025-06-01,5.0,stability,系统卡顿/大促不稳定,0,求助，Prime Day当天单量翻五倍系统也扛住了，稳定性可以，老板已经在问我了,"['Prime', 'Day', '单量', '五倍', '稳定性']",Prime Day 单量 五倍 稳定性,0.029,负面,其他使用体验,5.0,正向评价
R0303,小米应用商店,2025-05-01,3.0,stability,系统卡顿/大促不稳定,1,导出几万行报表总是超时，有分批导出的办法吗？,"['导出', '几万', '报表', '总是', '超时', '分批', '导出', '办法']",导出 几万 报表 总是 超时 分批 导出 办法,0.016,负面,其他使用体验,3.0,系统稳定性
R0715,App Store,2025-05-28,1.0,finance,对账与财务能力弱,0,小卖家一枚，物流费只能对总金额，单号维度对不了，差异查不到，平台扣分扣到肉疼,"['一枚', '物流', '总金额', '维度', '不了', '差异', '查不到']",一枚 物流 总金额 维度 不了 差异 查不到,0.002,负面,多平台库存/超卖,1.0,物流同步与回传
R0662,小米应用商店,2025-03-06,4.0,stability,系统卡顿/大促不稳定,0,真的服了，用了两年基本没宕过机，比之前换的那家强太多无语了,"['两年', '基本', '没宕', '过机', '那家', '强太多', '无语']",两年 基本 没宕 过机 那家 强太多 无语,0.022,负面,客服与工单,4.0,未分类
R0768,小红书,2025-07-26,2.0,pricing,价格与收费争议,0,用了大半年，按席位收费太贵，客服仓库就用个打单也要全价席位，平台扣分扣到肉疼 有没有同款情况的卖家,"['大半年', '席位', '收费', '太贵', '客服', '仓库', '用个', '打单', '全价', '席位', '有没有']",大半年 席位 收费 太贵 客服 仓库 用个 打单 全价 席位 有没有,0.001,负面,价格与收费,2.0,价格与收费
R0258,小红书,2025-07-21,1.0,inventory,多平台库存不同步/超卖,0,安全库存设了不提醒，断货半天才发现 有没有同款情况的卖家,"['安全库存', '提醒', '断货', '有没有']",安全库存 提醒 断货 有没有,0.003,负面,客服与工单,1.0,多平台库存/超卖
R0224,知乎,2025-08-22,3.0,finance,对账与财务能力弱,1,利润报表的广告费从哪取数？为什么和手动算的有差？,"['利润报表', '广告费', '取数']",利润报表 广告费 取数,0.014,负面,其他使用体验,3.0,财务对账
R0733,官方社区,2025-07-08,2.0,order_sync,订单漏单/同步延迟,0,黑五那几天订单堆积同步不过来，手动导单导到怀疑人生，半夜还在手动补，大家注意避坑无语了,"['黑五', '几天', '订单', '堆积', '同步', '过来', '导单', '导到', '怀疑', '人生', '无语']",黑五 几天 订单 堆积 同步 过来 导单 导到 怀疑 人生 无语,0.003,负面,价格与收费,2.0,订单同步与处理
R0796,小米应用商店,2025-05-13,4.0,support,客服响应慢/处理周期长,0,用了大半年，客服态度还行就是专业度参差，复杂问题得等他们问技术,"['大半年', '客服', '态度', '参差', '复杂', '技术']",大半年 客服 态度 参差 复杂 技术,0.022,负面,其他使用体验,4.0,客服与工单
R0316,知乎,2025-06-01,3.0,pricing,价格与收费争议,0,吐槽一下，功能确实多但用不上的也打包收费，希望模块化自选 有没有同款情况的卖家,"['用不上', '打包', '收费', '希望', '模块化', '自选', '有没有']",用不上 打包 收费 希望 模块化 自选 有没有,0.171,负面,多平台库存/超卖,3.0,价格与收费
R0270,知乎,2025-06-19,1.0,listing,刊登与商品管理问题,0,小语种翻译机翻味太重，还得自己重新润色，仓库白忙一场，大家注意避坑,"['语种', '翻译机', '翻味', '太重', '重新', '润色', '仓库', '白忙', '一场']",语种 翻译机 翻味 太重 重新 润色 仓库 白忙 一场,0.055,负面,其他使用体验,1.0,刊登与商品
R0844,华为应用市场,2025-07-26,5.0,pricing,价格与收费争议,0,年付折扣可以，客服还帮忙申请了老客户优惠，老板已经在问我了,"['年付', '折扣', '客服', '帮忙', '申请', '老客户', '优惠']",年付 折扣 客服 帮忙 申请 老客户 优惠,0.001,负面,物流同步与回传,5.0,客服与工单
R0530,官方社区,2025-03-01,5.0,praise,正向评价,0,用了大半年，客户成功团队专业，季度回访还给优化建议，不像别家收钱就消失，大家注意避坑,"['大半年', '客户', '回访', '还给', '不像', '别家', '收钱']",大半年 客户 回访 还给 不像 别家 收钱,0.002,负面,其他使用体验,5.0,正向评价
R0346,小红书,2025-06-10,2.0,order_sync,订单漏单/同步延迟,0,说实话，合单拆单逻辑乱，同一买家两单合了之后库存扣错,"['说实话', '合单', '拆单', '逻辑', '同一', '单合', '库存', '扣错']",说实话 合单 拆单 逻辑 同一 单合 库存 扣错,0.001,负面,其他使用体验,2.0,订单同步与处理
R0645,小红书,2025-03-09,4.0,pricing,价格与收费争议,1,席位可以按月增减吗？旺季想临时加几个,"['席位', '增减', '临时', '几个']",席位 增减 临时 几个,0.229,负面,多平台库存/超卖,4.0,价格与收费
R0042,App Store,2025-07-19,2.0,onboarding,上手成本高/引导不足,0,用了大半年，上手太难了，功能入口藏得深，新运营培训一周还是懵，差评警告,"['大半年', '上手', '太难', '入口', '藏得', '运营', '培训', '一周', '差评', '警告']",大半年 上手 太难 入口 藏得 运营 培训 一周 差评 警告,0.714,正面,客服与工单,2.0,上手与培训
R0681,官方社区,2025-07-16,5.0,finance,对账与财务能力弱,1,多店铺共用一个支付账户能分开核算利润吗？,"['共用', '支付', '账户', '分开', '核算', '利润']",共用 支付 账户 分开 核算 利润,0.005,负面,客服与工单,5.0,财务对账
R0523,知乎,2025-07-20,1.0,stability,系统卡顿/大促不稳定,0,客观说一句，导出报表经常超时，数据量一大就报错，半夜还在手动补！！！,"['导出', '报表', '超时', '数据量', '一大', '报错']",导出 报表 超时 数据量 一大 报错,0.003,负面,其他使用体验,1.0,系统稳定性
R0759,知乎,2025-05-09,1.0,listing,刊登与商品管理问题,0,老用户说句公道话，小语种翻译机翻味太重，还得自己重新润色！！！,"['说句', '语种', '翻译机', '翻味', '太重', '重新', '润色']",说句 语种 翻译机 翻味 太重 重新 润色,0.071,负面,其他使用体验,1.0,刊登与商品
R0264,App Store,2025-06-23,1.0,listing,刊登与商品管理问题,0,真的服了，eBay类目对不上，刊登被退回说属性缺失,"['eBay', '类目', '对不上', '刊登', '退回', '属性', '缺失']",eBay 类目 对不上 刊登 退回 属性 缺失,0.001,负面,其他使用体验,1.0,刊登与商品
R0117,官方社区,2025-05-06,5.0,inventory,多平台库存不同步/超卖,0,超卖预警救了我好几次，库存一到阈值自动下架，虾皮评分稳了,"['超卖', '预警', '几次', '库存', '一到', '阈值', '下架', '虾皮', '评分']",超卖 预警 几次 库存 一到 阈值 下架 虾皮 评分,0.069,负面,多平台库存/超卖,5.0,多平台库存/超卖
R0159,知乎,2025-08-13,2.0,logistics,物流单号同步慢/回传失败,0,物流轨迹更新延迟一个小时，买家问货到哪了我比他还懵服了,"['物流轨迹', '更新', '延迟', '问货到', '懵服']",物流轨迹 更新 延迟 问货到 懵服,0.029,负面,其他使用体验,2.0,物流同步与回传
R0603,小米应用商店,2025-05-23,2.0,stability,系统卡顿/大促不稳定,0,同步任务动不动失败，得手动重跑，晚上都不敢下班服了,"['同步', '任务', '动不动', '失败', '重跑', '下班']",同步 任务 动不动 失败 重跑 下班,0.009,负面,多平台库存/超卖,2.0,未分类
R0095,知乎,2025-07-26,1.0,logistics,物流单号同步慢/回传失败,0,用了大半年，ERP显示已发货，Shopee后台还是待发货，单号丢了十几单，买家天天催发货，老板已经在问我了,"['大半年', 'ERP', '显示', '发货', 'Shopee', '后台', '发货', '单号', '十几', '天天', '发货']",大半年 ERP 显示 发货 Shopee 后台 发货 单号 十几 天天 发货,0.0,负面,其他使用体验,1.0,物流同步与回传
R0129,官方社区,2025-05-19,4.0,order_sync,订单漏单/同步延迟,0,真的服了，全平台订单一个工作台处理，不用来回切后台，效率翻倍！！！,"['订单', '工作台', '处理', '不用', '来回', '后台', '效率', '翻倍']",订单 工作台 处理 不用 来回 后台 效率 翻倍,0.024,负面,其他使用体验,4.0,订单同步与处理
R0968,App Store,2025-07-15,1.0,logistics,物流单号同步慢/回传失败,0,客观说一句，换极兔之后单号经常回传失败，要手动一个个补，退款退到麻木,"['换极', '回传失败', '一个个', '退款', '麻木']",换极 回传失败 一个个 退款 麻木,0.339,负面,客服与工单,1.0,物流同步与回传
R0170,小红书,2025-03-27,2.0,pricing,价格与收费争议,0,用了大半年，年费比去年贵了将近三成，功能还是那些功能，买家天天催发货！！！,"['大半年', '年费', '去年', '近三成', '那些', '天天', '发货']",大半年 年费 去年 近三成 那些 天天 发货,0.164,负面,其他使用体验,2.0,价格与收费
R1025,App Store,2025-05-19,5.0,logistics,物流单号同步慢/回传失败,0,用了大半年，云帆对接的物流渠道是真的全，云途一键下单打单很顺 。。。,"['大半年', '云帆', '对接', '物流', '渠道', '云途', '一键', '单打']",大半年 云帆 对接 物流 渠道 云途 一键 单打,0.7,正面,其他使用体验,5.0,物流同步与回传
R1039,App Store,2025-04-28,1.0,logistics,物流单号同步慢/回传失败,0,小卖家一枚，换4PX之后单号经常回传失败，要手动一个个补，平台扣分扣到肉疼，老板已经在问我了。。。,"['一枚', '4PX', '回传失败', '一个个']",一枚 4PX 回传失败 一个个,0.005,负面,客服与工单,1.0,物流同步与回传
R0030,华为应用市场,2025-04-08,1.0,finance,对账与财务能力弱,0,老用户说句公道话，对账功能太弱，TikTok Shop扣费明细对不上，最后还是得做Excel，大促根本不敢放量，有用点个赞,"['说句', '对账', '太弱', 'TikTok', 'Shop', '扣费', '明细', '对不上', '最后', 'Excel', '点个']",说句 对账 太弱 TikTok Shop 扣费 明细 对不上 最后 Excel 点个,0.616,正面,客服与工单,1.0,财务对账
R0216,知乎,2025-08-22,5.0,onboarding,上手成本高/引导不足,1,Shopee授权令牌过期了怎么重新授权？订单会漏吗？,"['Shopee', '授权', '令牌', '过期', '重新', '授权', '订单', '会漏']",Shopee 授权 令牌 过期 重新 授权 订单 会漏,0.017,负面,其他使用体验,5.0,订单同步与处理
R0111,华为应用市场,2025-05-19,1.0,finance,对账与财务能力弱,0,月结账单导出来格式乱七八糟，还要二次整理，仓库白忙一场，大家注意避坑🤦,"['结账', '导出来', '格式', '乱七八糟', '还要', '二次', '整理', '仓库', '白忙', '一场']",结账 导出来 格式 乱七八糟 还要 二次 整理 仓库 白忙 一场,0.0,负面,客服与工单,1.0,财务对账
R0108,App Store,2025-04-17,2.0,support,客服响应慢/处理周期长,0,客观说一句，承诺的回电等了半天没人联系我，有用点个赞,"['承诺', '回电', '联系', '点个']",承诺 回电 联系 点个,0.189,负面,其他使用体验,2.0,客服与工单
R0350,小米应用商店,2025-05-09,5.0,onboarding,上手成本高/引导不足,0,小卖家一枚，实施顾问很耐心，七天陪跑首单就跑通了，比想象顺利,"['一枚', '实施', '顾问', '耐心', '七天', '首单', '想象', '顺利']",一枚 实施 顾问 耐心 七天 首单 想象 顺利,0.991,正面,客服与工单,5.0,上手与培训
R0542,官方社区,2025-07-12,1.0,inventory,多平台库存不同步/超卖,0,说实话，安全库存设了不提醒，断货三天才发现,"['说实话', '安全库存', '提醒', '断货', '三天']",说实话 安全库存 提醒 断货 三天,0.011,负面,客服与工单,1.0,多平台库存/超卖
R0380,官方社区,2025-06-19,2.0,inventory,多平台库存不同步/超卖,0,采购在途数量经常算错，备货多备了一倍资金全压货上,"['采购', '数量', '算错', '备货', '多备', '一倍', '资金', '压货']",采购 数量 算错 备货 多备 一倍 资金 压货,0.052,负面,多平台库存/超卖,2.0,多平台库存/超卖
R0110,App Store,2025-08-21,2.0,stability,系统卡顿/大促不稳定,0,客观说一句，手机端更夸张，查个订单能闪退十几次，买家天天催发货！！！,"['夸张', '查个', '订单', '闪退', '十几次', '天天', '发货']",夸张 查个 订单 闪退 十几次 天天 发货,0.0,负面,价格与收费,2.0,订单同步与处理
R0544,华为应用市场,2025-06-27,4.0,onboarding,上手成本高/引导不足,0,功能全但也复杂，建议找人带一下，自己摸索成本高,"['复杂', '找人带', '摸索', '成本']",复杂 找人带 摸索 成本,0.422,中性,其他使用体验,4.0,上手与培训
R0631,官方社区,2025-04-23,1.0,finance,对账与财务能力弱,0,旺季实测，退款和赔付没有单独核算，利润总是差一截 有没有同款情况的卖家,"['退款', '赔付', '没有', '单独', '核算', '利润', '总是', '差一截', '有没有']",退款 赔付 没有 单独 核算 利润 总是 差一截 有没有,0.001,负面,客服与工单,1.0,财务对账
R0349,App Store,2025-06-02,2.0,onboarding,上手成本高/引导不足,0,求助，帮助中心像产品说明书，没有实操案例看完还是不会,"['帮助', '中心', '产品', '说明书', '没有', '实操', '案例', '不会']",帮助 中心 产品 说明书 没有 实操 案例 不会,0.156,负面,客服与工单,2.0,上手与培训
R0282,App Store,2025-07-22,3.0,praise,正向评价,0,用了大半年，整体满意，小毛病有但迭代能看到在改，继续加油，老板已经在问我了无语了,"['大半年', '无语']",大半年 无语,0.818,正面,客服与工单,3.0,正向评价
R0301,小红书,2025-08-12,3.0,order_sync,订单漏单/同步延迟,0,小卖家一枚，漏单遇到过两次，重跑同步就好，希望能自动重试,"['一枚', '漏单', '遇到', '两次', '重跑', '同步', '希望', '重试']",一枚 漏单 遇到 两次 重跑 同步 希望 重试,0.326,负面,多平台库存/超卖,3.0,订单同步与处理
R0065,App Store,2025-04-25,5.0,logistics,物流单号同步慢/回传失败,0,求助，批量打单加自动回传，旺季一天三千单也没出错 有没有同款情况的卖家,"['批量', '打单', '回传', '一天', '三千', '出错', '有没有']",批量 打单 回传 一天 三千 出错 有没有,0.007,负面,其他使用体验,5.0,物流同步与回传
R0086,知乎,2025-05-16,1.0,inventory,多平台库存不同步/超卖,0,客观说一句，可售库存和可用库存两个口径把新运营绕晕了，半夜还在手动补 有没有同款情况的卖家,"['可售', '库存', '可用', '库存', '两个', '口径', '运营', '绕晕', '有没有']",可售 库存 可用 库存 两个 口径 运营 绕晕 有没有,0.002,负面,客服与工单,1.0,多平台库存/超卖
R0207,小红书,2025-05-15,2.0,logistics,物流单号同步慢/回传失败,0,真的服了，自定义物流渠道配了几十次都不生效，文档也写不清楚，退款退到麻木，大家注意避坑,"['自定义', '物流', '渠道', '几十次', '生效', '文档', '清楚', '退款', '麻木']",自定义 物流 渠道 几十次 生效 文档 清楚 退款 麻木,0.002,负面,其他使用体验,2.0,物流同步与回传
R0650,小米应用商店,2025-05-09,1.0,support,客服响应慢/处理周期长,0,客观说一句，报错了找客服来回踢皮球，两天没解决，买家天天催发货！！！,"['报错', '客服', '来回', '踢皮球', '解决', '天天', '发货']",报错 客服 来回 踢皮球 解决 天天 发货,0.0,负面,其他使用体验,1.0,客服与工单
R0320,小红书,2025-03-16,2.0,support,客服响应慢/处理周期长,0,说实话，续费之前天天嘘寒问暖，出问题人都找不到，老板已经在问我了,"['说实话', '续费', '天天', '嘘寒问暖', '不到']",说实话 续费 天天 嘘寒问暖 不到,0.112,负面,其他使用体验,2.0,未分类
R0271,小米应用商店,2025-03-28,1.0,onboarding,上手成本高/引导不足,0,真的服了，字段命名不接地气，SKU映射SPU映射小卖家根本听不懂，大促根本不敢放量 有没有同款情况的卖家,"['命名', '接地', 'SKU', '映射', 'SPU', '映射', '听不懂', '有没有']",命名 接地 SKU 映射 SPU 映射 听不懂 有没有,0.011,负面,价格与收费,1.0,未分类
R0601,知乎,2025-05-09,1.0,inventory,多平台库存不同步/超卖,0,求助，安全库存设了不提醒，断货两天才发现，光这个每月损失不少钱,"['安全库存', '提醒', '断货']",安全库存 提醒 断货,0.0,负面,客服与工单,1.0,多平台库存/超卖
R0566,官方社区,2025-03-26,5.0,praise,正向评价,0,旺季实测，多店铺多平台统一管理，虾皮扩店一点不慌！！！,"['统一', '管理', '虾皮', '扩店', '一点']",统一 管理 虾皮 扩店 一点,0.052,负面,物流同步与回传,5.0,正向评价
R0672,小红书,2025-08-15,3.0,support,客服响应慢/处理周期长,0,客服态度还行就是专业度参差，复杂问题得等他们问技术，老板已经在问我了,"['客服', '态度', '参差', '复杂', '技术']",客服 态度 参差 复杂 技术,0.006,负面,其他使用体验,3.0,客服与工单
R0193,小红书,2025-03-18,5.0,praise,正向评价,0,说实话，手机端查订单看数据方便，出差也能盯店铺 有没有同款情况的卖家😤,"['说实话', '端查', '订单', '数据', '方便', '出差', '有没有']",说实话 端查 订单 数据 方便 出差 有没有,0.011,负面,价格与收费,5.0,订单同步与处理
R0259,华为应用市场,2025-08-02,1.0,stability,系统卡顿/大促不稳定,0,页面加载慢得像拨号上网，打开库存页要等十几秒，差评警告，老板已经在问我了,"['页面', '加载', '慢得', '拨号上网', '打开', '库存', '十几秒', '差评', '警告']",页面 加载 慢得 拨号上网 打开 库存 十几秒 差评 警告,0.0,负面,其他使用体验,1.0,多平台库存/超卖
R0244,官方社区,2025-05-30,2.0,logistics,物流单号同步慢/回传失败,0,旺季实测，换云途之后单号经常回传失败，要手动一个个补，老板已经在问我了,"['换云途', '回传失败', '一个个']",换云途 回传失败 一个个,0.397,负面,客服与工单,2.0,物流同步与回传
R0988,华为应用市场,2025-05-26,4.0,onboarding,上手成本高/引导不足,1,新手第一次用应该先学哪几个模块？有没有操作顺序建议？,"['新手', '第一次', '先学', '哪几个', '模块', '有没有', '操作', '顺序']",新手 第一次 先学 哪几个 模块 有没有 操作 顺序,0.046,负面,其他使用体验,4.0,上手与培训
R0713,小红书,2025-03-17,3.0,praise,正向评价,0,求助，中规中矩不出错，跨境工具里算第一梯队，有用点个赞,"['中规中矩', '出错', '跨境', '工具', '里算', '第一', '梯队', '点个']",中规中矩 出错 跨境 工具 里算 第一 梯队 点个,0.996,正面,其他使用体验,3.0,正向评价
R0237,官方社区,2025-06-09,3.0,praise,正向评价,0,小卖家一枚，整体满意，小毛病有但迭代能看到在改，继续加油，有用点个赞,"['一枚', '点个']",一枚 点个,0.999,正面,客服与工单,3.0,正向评价
R0699,App Store,2025-03-19,2.0,inventory,多平台库存不同步/超卖,0,求助，FBA仓和自营仓库存分开看，每次都要自己加总，差评警告，有用点个赞,"['FBA', '自营', '仓库', '分开', '每次', '加总', '差评', '警告', '点个']",FBA 自营 仓库 分开 每次 加总 差评 警告 点个,0.033,负面,客服与工单,2.0,多平台库存/超卖
R0124,小红书,2025-07-22,1.0,logistics,物流单号同步慢/回传失败,0,说实话，Temu订单换了跟踪号之后系统里不同步，轨迹直接断掉,"['说实话', 'Temu', '订单', '跟踪', '同步', '轨迹', '断掉']",说实话 Temu 订单 跟踪 同步 轨迹 断掉,0.026,负面,客服与工单,1.0,物流同步与回传
R1019,App Store,2025-07-04,1.0,finance,对账与财务能力弱,0,真的服了，财务模块学习成本高，会计研究一周说不如手工表！！！ 我也遇到了,"['财务', '模块', '学习', '成本', '会计', '一周', '不如', '手工', '遇到']",财务 模块 学习 成本 会计 一周 不如 手工 遇到,0.59,中性,物流同步与回传,1.0,财务对账
R0683,小红书,2025-04-22,4.0,praise,正向评价,0,用了大半年，多店铺多平台统一管理，Temu扩店一点不慌,"['大半年', '统一', '管理', 'Temu', '扩店', '一点']",大半年 统一 管理 Temu 扩店 一点,0.421,中性,物流同步与回传,4.0,正向评价
R0706,知乎,2025-07-27,1.0,inventory,多平台库存不同步/超卖,0,用了大半年，多仓调拨后库存卡在路上半天，可用库存数字全乱，退款退到麻木,"['大半年', '多仓', '调拨', '库存', '路上', '可用', '库存', '数字', '全乱', '退款', '麻木']",大半年 多仓 调拨 库存 路上 可用 库存 数字 全乱 退款 麻木,0.009,负面,其他使用体验,1.0,多平台库存/超卖
R0520,知乎,2025-03-29,1.0,finance,对账与财务能力弱,0,用了大半年，利润报表算不准，头程运费和广告费分摊逻辑看不懂，大促根本不敢放量🤦,"['大半年', '利润报表', '不准', '头程', '运费', '广告费', '分摊', '逻辑', '看不懂']",大半年 利润报表 不准 头程 运费 广告费 分摊 逻辑 看不懂,0.003,负面,其他使用体验,1.0,财务对账
R0131,小红书,2025-03-31,2.0,logistics,物流单号同步慢/回传失败,0,吐槽一下，Temu订单换了跟踪号之后系统里不同步，轨迹直接断掉，平台扣分扣到肉疼,"['Temu', '订单', '跟踪', '同步', '轨迹', '断掉']",Temu 订单 跟踪 同步 轨迹 断掉,0.006,负面,客服与工单,2.0,物流同步与回传
R0705,华为应用市场,2025-06-12,1.0,stability,系统卡顿/大促不稳定,0,吐槽一下，手机端更夸张，查个订单能闪退十几次，大家注意避坑,"['夸张', '查个', '订单', '闪退', '十几次']",夸张 查个 订单 闪退 十几次,0.002,负面,价格与收费,1.0,订单同步与处理
R0704,官方社区,2025-05-22,1.0,listing,刊登与商品管理问题,0,Shopee类目对不上，刊登被退回说属性缺失，买家天天催发货,"['Shopee', '类目', '对不上', '刊登', '退回', '属性', '缺失', '天天', '发货']",Shopee 类目 对不上 刊登 退回 属性 缺失 天天 发货,0.0,负面,其他使用体验,1.0,刊登与商品
R0365,官方社区,2025-05-24,1.0,inventory,多平台库存不同步/超卖,0,老用户说句公道话，安全库存设了不提醒，断货好几天才发现,"['说句', '安全库存', '提醒', '断货好', '几天']",说句 安全库存 提醒 断货好 几天,0.008,负面,价格与收费,1.0,多平台库存/超卖
R0461,小米应用商店,2025-03-17,1.0,support,客服响应慢/处理周期长,0,客服响应是真的慢，工单提交三天没人理,"['客服', '响应', '工单', '提交', '三天', '人理']",客服 响应 工单 提交 三天 人理,0.0,负面,客服与工单,1.0,客服与工单
R0800,小米应用商店,2025-05-17,3.0,order_sync,订单漏单/同步延迟,0,用了大半年，同步基本及时，个别订单要手动拉一下，整体可以接受，大家注意避坑,"['大半年', '同步', '基本', '及时', '个别', '订单', '接受']",大半年 同步 基本 及时 个别 订单 接受,0.137,负面,其他使用体验,3.0,订单同步与处理
R0689,华为应用市场,2025-04-04,2.0,pricing,价格与收费争议,0,老用户说句公道话，基础版好多功能要额外加钱，模块分开收费套路深，光这个每月损失不少钱，大家注意避坑,"['说句', '基础', '版好', '多功能', '额外', '模块', '分开', '收费', '套路']",说句 基础 版好 多功能 额外 模块 分开 收费 套路,0.013,负面,其他使用体验,2.0,价格与收费
R0679,App Store,2025-08-22,3.0,logistics,物流单号同步慢/回传失败,1,物流超时预警在哪里设置？想让客服提前介入,"['物流', '超时', '预警', '哪里', '设置', '客服', '提前', '介入']",物流 超时 预警 哪里 设置 客服 提前 介入,0.055,负面,其他使用体验,3.0,物流同步与回传
R0343,知乎,2025-03-22,1.0,order_sync,订单漏单/同步延迟,0,吐槽一下，异常订单不标红不提醒，混在正常单里差点发错，退款退到麻木,"['异常', '订单', '不标', '提醒', '混在', '正常', '单里', '差点', '发错', '退款', '麻木']",异常 订单 不标 提醒 混在 正常 单里 差点 发错 退款 麻木,0.009,负面,价格与收费,1.0,订单同步与处理
R0670,小米应用商店,2025-06-17,5.0,praise,正向评价,0,说实话，从选品刊登到发货对账全链路打通，数据不用倒来倒去！！！,"['说实话', '选品', '刊登', '发货', '对账', '链路', '打通', '数据', '不用', '倒来倒去']",说实话 选品 刊登 发货 对账 链路 打通 数据 不用 倒来倒去,0.005,负面,价格与收费,5.0,财务对账
R0038,小红书,2025-03-06,4.0,stability,系统卡顿/大促不稳定,0,平时挺稳，就是虾皮大促节点会慢一些，避开高峰还行！！！,"['平时', '挺稳', '虾皮', '节点', '会慢', '一些', '避开', '高峰']",平时 挺稳 虾皮 节点 会慢 一些 避开 高峰,0.984,正面,多平台库存/超卖,4.0,未分类
R0738,App Store,2025-06-03,3.0,logistics,物流单号同步慢/回传失败,0,吐槽一下，物流轨迹比物流商官网慢两个小时，凑合吧,"['物流轨迹', '物流', '商官', '网慢', '两个', '凑合']",物流轨迹 物流 商官 网慢 两个 凑合,0.524,中性,物流同步与回传,3.0,物流同步与回传
R0126,华为应用市场,2025-03-20,5.0,praise,正向评价,0,客观说一句，免费版就够用，小卖家福音，客服回复也及时，五星 有没有同款情况的卖家,"['免费版', '够用', '福音', '客服', '回复', '及时', '五星', '有没有']",免费版 够用 福音 客服 回复 及时 五星 有没有,0.027,负面,其他使用体验,5.0,客服与工单
R0823,小红书,2025-05-27,4.0,inventory,多平台库存不同步/超卖,0,客观说一句，功能有但配置复杂，研究了两天才搞懂可售和可用的区别,"['复杂', '搞懂', '可售', '可用', '区别']",复杂 搞懂 可售 可用 区别,0.436,中性,其他使用体验,4.0,多平台库存/超卖
R0245,App Store,2025-04-04,3.0,finance,对账与财务能力弱,0,说实话，报表够用但不灵活，想要的维度得找客服定制导出 有没有同款情况的卖家,"['说实话', '报表', '够用', '灵活', '想要', '维度', '客服', '定制', '导出', '有没有']",说实话 报表 够用 灵活 想要 维度 客服 定制 导出 有没有,0.052,负面,其他使用体验,3.0,客服与工单
R0737,App Store,2025-06-10,5.0,praise,正向评价,0,用了大半年，客户成功团队专业，季度回访还给优化建议，不像别家收钱就消失，有用点个赞,"['大半年', '客户', '回访', '还给', '不像', '别家', '收钱', '点个']",大半年 客户 回访 还给 不像 别家 收钱 点个,0.117,负面,其他使用体验,5.0,正向评价
R0671,小红书,2025-05-09,3.0,stability,系统卡顿/大促不稳定,1,批量审单总超时失败，一次最多能处理多少单？🤦,"['批量', '审单', '超时', '失败', '一次', '最多能', '处理', '多少']",批量 审单 超时 失败 一次 最多能 处理 多少,0.037,负面,多平台库存/超卖,3.0,订单同步与处理
R0410,华为应用市场,2025-07-24,2.0,inventory,多平台库存不同步/超卖,0,盘点功能难用，盘完差异一大把也不知道哪笔单扣错 有没有同款情况的卖家,"['盘点', '差异', '一大', '哪笔', '单扣', '有没有']",盘点 差异 一大 哪笔 单扣 有没有,0.16,负面,其他使用体验,2.0,多平台库存/超卖
R0545,华为应用市场,2025-06-10,3.0,listing,刊登与商品管理问题,1,定时刊登在哪里设置？想卡在平台流量高峰上线,"['定时', '刊登', '哪里', '设置', '想卡', '流量', '高峰', '上线']",定时 刊登 哪里 设置 想卡 流量 高峰 上线,0.06,负面,其他使用体验,3.0,刊登与商品
R0309,App Store,2025-08-18,3.0,stability,系统卡顿/大促不稳定,0,旺季实测，卡顿有但能接受，希望继续优化服务器，有用点个赞,"['卡顿', '接受', '希望', '服务器', '点个']",卡顿 接受 希望 服务器 点个,0.972,正面,其他使用体验,3.0,系统稳定性
R0708,华为应用市场,2025-06-23,4.0,praise,正向评价,0,用了大半年，仓库从纸单换到PDA拣货，错发率基本归零,"['大半年', '仓库', '从纸', '单换', 'PDA', '错发率', '基本', '归零']",大半年 仓库 从纸 单换 PDA 错发率 基本 归零,0.008,负面,客服与工单,4.0,正向评价
R0113,小米应用商店,2025-05-24,3.0,inventory,多平台库存不同步/超卖,0,说实话，库存同步基本准，但大促那几分钟会延迟，建议留点缓冲,"['说实话', '库存同步', '基本', '几分钟', '延迟', '留点', '缓冲']",说实话 库存同步 基本 几分钟 延迟 留点 缓冲,0.478,中性,其他使用体验,3.0,多平台库存/超卖
R0049,小红书,2025-05-20,3.0,inventory,多平台库存不同步/超卖,0,真的服了，功能有但配置复杂，研究了两天才搞懂可售和可用的区别,"['复杂', '搞懂', '可售', '可用', '区别']",复杂 搞懂 可售 可用 区别,0.42,中性,其他使用体验,3.0,多平台库存/超卖
R0426,App Store,2025-05-13,1.0,inventory,多平台库存不同步/超卖,0,旺季实测，采购在途数量经常算错，备货多备了一倍资金全压货上！！！,"['采购', '数量', '算错', '备货', '多备', '一倍', '资金', '压货']",采购 数量 算错 备货 多备 一倍 资金 压货,0.037,负面,多平台库存/超卖,1.0,多平台库存/超卖
R0405,官方社区,2025-03-22,5.0,praise,正向评价,0,系统稳定功能扎实，换了三家ERP最后在云帆安家，大家注意避坑,"['稳定', '扎实', '三家', 'ERP', '最后', '云帆', '安家']",稳定 扎实 三家 ERP 最后 云帆 安家,0.848,正面,客服与工单,5.0,正向评价
R0211,小红书,2025-03-19,4.0,inventory,多平台库存不同步/超卖,0,超卖预警救了我好几次，库存一到阈值自动下架，Lazada评分稳了 有没有同款情况的卖家,"['超卖', '预警', '几次', '库存', '一到', '阈值', '下架', 'Lazada', '评分', '有没有']",超卖 预警 几次 库存 一到 阈值 下架 Lazada 评分 有没有,0.153,负面,多平台库存/超卖,4.0,多平台库存/超卖
R0575,知乎,2025-07-09,1.0,inventory,多平台库存不同步/超卖,0,旺季实测，FBA仓和自营仓库存分开看，每次都要自己加总！！！,"['FBA', '自营', '仓库', '分开', '每次', '加总']",FBA 自营 仓库 分开 每次 加总,0.166,负面,客服与工单,1.0,多平台库存/超卖
R0508,小红书,2025-05-05,1.0,logistics,物流单号同步慢/回传失败,0,旺季实测，批量发货后单号回传成功率不到九成，每天都要人工核，退款退到麻木，老板已经在问我了,"['批量', '发货', '单号回传', '成功率', '不到', '九成', '人工', '退款', '麻木']",批量 发货 单号回传 成功率 不到 九成 人工 退款 麻木,0.105,负面,其他使用体验,1.0,物流同步与回传
R0048,华为应用市场,2025-05-10,3.0,pricing,价格与收费争议,1,发票在哪里申请？可以开增值税专用发票吗？,"['发票', '哪里', '申请', '增值税', '专用发票']",发票 哪里 申请 增值税 专用发票,0.01,负面,物流同步与回传,3.0,未分类
R0010,官方社区,2025-06-17,4.0,logistics,物流单号同步慢/回传失败,0,真的服了，云帆对接的物流渠道是真的全，4PX一键下单打单很顺 有没有同款情况的卖家无语了,"['云帆', '对接', '物流', '渠道', '4PX', '一键', '单打', '有没有', '无语']",云帆 对接 物流 渠道 4PX 一键 单打 有没有 无语,0.137,负面,其他使用体验,4.0,物流同步与回传
R0209,小米应用商店,2025-04-01,3.0,praise,正向评价,0,旺季实测，中规中矩不出错，跨境工具里算第一梯队,"['中规中矩', '出错', '跨境', '工具', '里算', '第一', '梯队']",中规中矩 出错 跨境 工具 里算 第一 梯队,0.998,正面,其他使用体验,3.0,正向评价
R0486,小红书,2025-03-09,1.0,finance,对账与财务能力弱,0,说实话，财务模块学习成本高，会计研究一周说不如手工表，大家注意避坑,"['说实话', '财务', '模块', '学习', '成本', '会计', '一周', '不如', '手工']",说实话 财务 模块 学习 成本 会计 一周 不如 手工,0.512,中性,物流同步与回传,1.0,财务对账
R0694,华为应用市场,2025-04-24,1.0,logistics,物流单号同步慢/回传失败,0,旺季实测，物流超时预警根本不触发，等买家投诉才知道包裹卡了，仓库白忙一场，老板已经在问我了,"['物流', '超时', '预警', '触发', '投诉', '包裹', '仓库', '白忙', '一场']",物流 超时 预警 触发 投诉 包裹 仓库 白忙 一场,0.0,负面,其他使用体验,1.0,物流同步与回传
R0423,官方社区,2025-03-02,1.0,stability,系统卡顿/大促不稳定,0,吐槽一下，大促当天直接崩了几十个小时，订单全积压,"['几十个', '订单', '积压']",几十个 订单 积压,0.043,负面,价格与收费,1.0,订单同步与处理
R0243,华为应用市场,2025-08-15,2.0,onboarding,上手成本高/引导不足,0,旺季实测，培训约了好几次都改期，最后只能看录播自学，半夜还在手动补，老板已经在问我了,"['培训', '几次', '改期', '最后', '录播', '自学']",培训 几次 改期 最后 录播 自学,0.539,中性,客服与工单,2.0,上手与培训
R0539,小红书,2025-06-01,1.0,listing,刊登与商品管理问题,0,老用户说句公道话，Listing监控形同虚设，跟卖提醒一点不准，老板已经在问我了,"['说句', 'Listing', '监控', '形同虚设', '提醒', '一点', '不准']",说句 Listing 监控 形同虚设 提醒 一点 不准,0.0,负面,其他使用体验,1.0,刊登与商品
R0298,小红书,2025-03-21,2.0,onboarding,上手成本高/引导不足,0,帮助中心像产品说明书，没有实操案例看完还是不会，平台扣分扣到肉疼,"['帮助', '中心', '产品', '说明书', '没有', '实操', '案例', '不会']",帮助 中心 产品 说明书 没有 实操 案例 不会,0.123,负面,客服与工单,2.0,上手与培训
R0304,App Store,2025-07-29,3.0,inventory,多平台库存不同步/超卖,1,FBA仓库存和本地仓库存能合并显示吗？,"['FBA', '仓库', '本地', '仓库', '存能', '合并', '显示']",FBA 仓库 本地 仓库 存能 合并 显示,0.071,负面,客服与工单,3.0,多平台库存/超卖
R0698,App Store,2025-07-01,2.0,pricing,价格与收费争议,0,旺季实测，基础版好多功能要额外加钱，模块分开收费套路深，大促根本不敢放量，老板已经在问我了,"['基础', '版好', '多功能', '额外', '模块', '分开', '收费', '套路']",基础 版好 多功能 额外 模块 分开 收费 套路,0.468,中性,其他使用体验,2.0,价格与收费
R0582,知乎,2025-03-12,5.0,praise,正向评价,0,旺季实测，自动化规则省了一个运营人力，光这个年费就回本 有没有同款情况的卖家,"['自动化', '运营', '人力', '年费', '回本', '有没有']",自动化 运营 人力 年费 回本 有没有,0.538,中性,其他使用体验,5.0,价格与收费
R0825,小米应用商店,2025-03-26,2.0,inventory,多平台库存不同步/超卖,0,说实话，虾皮活动锁库存不同步，活动结束就超卖了 有没有同款情况的卖家,"['说实话', '虾皮', '库存', '同步', '结束', '超卖', '有没有']",说实话 虾皮 库存 同步 结束 超卖 有没有,0.008,负面,其他使用体验,2.0,多平台库存/超卖
R0139,华为应用市场,2025-04-26,1.0,inventory,多平台库存不同步/超卖,0,TikTok Shop活动锁库存不同步，活动结束就超卖了,"['TikTok', 'Shop', '库存', '同步', '结束', '超卖']",TikTok Shop 库存 同步 结束 超卖,0.338,负面,其他使用体验,1.0,多平台库存/超卖
R0289,华为应用市场,2025-03-03,1.0,finance,对账与财务能力弱,0,对账功能太弱，Temu扣费明细对不上，最后还是得做Excel，老板已经在问我了,"['对账', '太弱', 'Temu', '扣费', '明细', '对不上', '最后', 'Excel']",对账 太弱 Temu 扣费 明细 对不上 最后 Excel,0.291,负面,客服与工单,1.0,财务对账
R0393,知乎,2025-07-06,1.0,support,客服响应慢/处理周期长,0,求助，售后工单解决一个问题平均要一天，期间订单发不出去,"['售后', '工单', '解决', '平均', '一天', '期间', '订单', '出去']",售后 工单 解决 平均 一天 期间 订单 出去,0.001,负面,客服与工单,1.0,订单同步与处理
R0387,知乎,2025-04-04,4.0,order_sync,订单漏单/同步延迟,0,用了大半年，自动审单规则真香，八成订单不用人工碰,"['大半年', '自动审单', '真香', '八成', '订单', '不用', '人工']",大半年 自动审单 真香 八成 订单 不用 人工,0.02,负面,其他使用体验,4.0,订单同步与处理
R1042,小米应用商店,2025-05-16,2.0,inventory,多平台库存不同步/超卖,0,吐槽一下，多仓调拨后库存卡在路上几十天，可用库存数字全乱，半夜还在手动补 我也遇到了,"['多仓', '调拨', '库存', '路上', '几十天', '可用', '库存', '数字', '全乱', '遇到']",多仓 调拨 库存 路上 几十天 可用 库存 数字 全乱 遇到,0.007,负面,其他使用体验,2.0,多平台库存/超卖
R0191,知乎,2025-04-23,1.0,logistics,物流单号同步慢/回传失败,0,物流商对账重量和系统对不上，运费算错也没预警，老板已经在问我了,"['物流', '对账', '重量', '对不上', '运费', '算错', '预警']",物流 对账 重量 对不上 运费 算错 预警,0.013,负面,多平台库存/超卖,1.0,物流同步与回传
R0758,知乎,2025-08-14,1.0,inventory,多平台库存不同步/超卖,0,说实话，库存同步延迟太离谱，仓库出完货前台还挂着，退款退到麻木，有用点个赞😤,"['说实话', '库存同步', '延迟', '离谱', '仓库', '完货', '前台', '退款', '麻木', '点个']",说实话 库存同步 延迟 离谱 仓库 完货 前台 退款 麻木 点个,0.005,负面,价格与收费,1.0,多平台库存/超卖
R0516,App Store,2025-08-04,4.0,praise,正向评价,0,打单发货一条龙，仓库效率提升明显，老板说今年再加席位,"['打单', '发货', '一条龙', '仓库', '效率', '提升', '明显', '今年', '席位']",打单 发货 一条龙 仓库 效率 提升 明显 今年 席位,0.109,负面,其他使用体验,4.0,物流同步与回传
R0420,小米应用商店,2025-08-16,5.0,pricing,价格与收费争议,0,用了大半年，年付折扣可以，客服还帮忙申请了老客户优惠，大家注意避坑,"['大半年', '年付', '折扣', '客服', '帮忙', '申请', '老客户', '优惠']",大半年 年付 折扣 客服 帮忙 申请 老客户 优惠,0.0,负面,物流同步与回传,5.0,客服与工单
R0804,App Store,2025-04-07,2.0,order_sync,订单漏单/同步延迟,0,客观说一句，自动审单规则经常误判，正常订单被拦成异常，退款退到麻木，老板已经在问我了,"['自动审单', '误判', '正常', '订单', '拦成', '异常', '退款', '麻木']",自动审单 误判 正常 订单 拦成 异常 退款 麻木,0.006,负面,价格与收费,2.0,订单同步与处理
R0018,App Store,2025-07-08,3.0,listing,刊登与商品管理问题,1,采集别人店铺的商品会侵权吗？图片怎么处理？,"['采集', '别人', '商品', '侵权', '图片', '处理']",采集 别人 商品 侵权 图片 处理,0.492,中性,其他使用体验,3.0,刊登与商品
R0565,华为应用市场,2025-04-15,4.0,finance,对账与财务能力弱,0,求助，对账能处理大部分，长尾差异单还得人工，省了七八成时间，大家注意避坑,"['对账', '处理', '大部分', '长尾', '差异', '人工', '七八成', '时间']",对账 处理 大部分 长尾 差异 人工 七八成 时间,0.038,负面,其他使用体验,4.0,财务对账
R0685,小红书,2025-07-07,1.0,inventory,多平台库存不同步/超卖,0,真的服了，FBA仓和自营仓库存分开看，每次都要自己加总,"['FBA', '自营', '仓库', '分开', '每次', '加总']",FBA 自营 仓库 分开 每次 加总,0.107,负面,客服与工单,1.0,多平台库存/超卖
R0742,官方社区,2025-07-27,5.0,praise,正向评价,0,客观说一句，系统稳定功能扎实，换了三家ERP最后在云帆安家，有用点个赞,"['稳定', '扎实', '三家', 'ERP', '最后', '云帆', '安家', '点个']",稳定 扎实 三家 ERP 最后 云帆 安家 点个,0.995,正面,客服与工单,5.0,正向评价
R0845,知乎,2025-04-22,5.0,inventory,多平台库存不同步/超卖,0,小卖家一枚，超卖预警救了我好几次，库存一到阈值自动下架，虾皮评分稳了,"['一枚', '超卖', '预警', '几次', '库存', '一到', '阈值', '下架', '虾皮', '评分']",一枚 超卖 预警 几次 库存 一到 阈值 下架 虾皮 评分,0.194,负面,多平台库存/超卖,5.0,多平台库存/超卖
R0222,华为应用市场,2025-06-21,5.0,logistics,物流单号同步慢/回传失败,1,发货后订单状态多久变成已揽收？能手动触发同步吗？,"['发货', '订单', '状态', '多久', '变成', '已揽收', '触发', '同步']",发货 订单 状态 多久 变成 已揽收 触发 同步,0.126,负面,价格与收费,5.0,订单同步与处理
R0286,小红书,2025-03-15,2.0,support,客服响应慢/处理周期长,0,客观说一句，客服响应是真的慢，工单提交十几天没人理，光这个每月损失不少钱，有用点个赞,"['客服', '响应', '工单', '提交', '十几天', '人理', '点个']",客服 响应 工单 提交 十几天 人理 点个,0.0,负面,客服与工单,2.0,客服与工单
R0355,App Store,2025-05-16,1.0,inventory,多平台库存不同步/超卖,0,老用户说句公道话，盘点功能难用，盘完差异一大把也不知道哪笔单扣错，差评警告，大家注意避坑,"['说句', '盘点', '差异', '一大', '哪笔', '单扣', '差评', '警告']",说句 盘点 差异 一大 哪笔 单扣 差评 警告,0.002,负面,其他使用体验,1.0,多平台库存/超卖
R0061,官方社区,2025-08-08,4.0,praise,正向评价,0,系统稳定功能扎实，换了三家ERP最后在云帆安家，老板已经在问我了,"['稳定', '扎实', '三家', 'ERP', '最后', '云帆', '安家']",稳定 扎实 三家 ERP 最后 云帆 安家,0.923,正面,客服与工单,4.0,正向评价
R0324,知乎,2025-07-27,1.0,stability,系统卡顿/大促不稳定,0,小卖家一枚，批量操作必卡死，一次审五百单要加载十分钟，差评警告,"['一枚', '批量', '操作', '卡死', '一次', '五百', '单要', '加载', '十分钟', '差评', '警告']",一枚 批量 操作 卡死 一次 五百 单要 加载 十分钟 差评 警告,0.005,负面,多平台库存/超卖,1.0,系统稳定性
R0314,App Store,2025-05-28,1.0,inventory,多平台库存不同步/超卖,0,可售库存和可用库存两个口径把新运营绕晕了,"['可售', '库存', '可用', '库存', '两个', '口径', '运营', '绕晕']",可售 库存 可用 库存 两个 口径 运营 绕晕,0.088,负面,客服与工单,1.0,多平台库存/超卖
R0829,App Store,2025-05-21,1.0,inventory,多平台库存不同步/超卖,0,求助，Lazada活动锁库存不同步，活动结束就超卖了,"['Lazada', '库存', '同步', '结束', '超卖']",Lazada 库存 同步 结束 超卖,0.113,负面,其他使用体验,1.0,多平台库存/超卖
R0610,小红书,2025-07-17,4.0,praise,正向评价,0,多店铺多平台统一管理，Shopee扩店一点不慌,"['统一', '管理', 'Shopee', '扩店', '一点']",统一 管理 Shopee 扩店 一点,0.446,中性,物流同步与回传,4.0,正向评价
R0037,小红书,2025-03-09,1.0,listing,刊登与商品管理问题,0,小语种翻译机翻味太重，还得自己重新润色！！！,"['语种', '翻译机', '翻味', '太重', '重新', '润色']",语种 翻译机 翻味 太重 重新 润色,0.154,负面,其他使用体验,1.0,刊登与商品
R0004,官方社区,2025-04-30,5.0,logistics,物流单号同步慢/回传失败,0,用了大半年，云帆对接的物流渠道是真的全，4PX一键下单打单很顺，老板已经在问我了😤,"['大半年', '云帆', '对接', '物流', '渠道', '4PX', '一键', '单打']",大半年 云帆 对接 物流 渠道 4PX 一键 单打,0.366,负面,其他使用体验,5.0,物流同步与回传
R0740,知乎,2025-05-23,3.0,praise,正向评价,0,说实话，中规中矩不出错，跨境工具里算第一梯队！！！,"['说实话', '中规中矩', '出错', '跨境', '工具', '里算', '第一', '梯队']",说实话 中规中矩 出错 跨境 工具 里算 第一 梯队,0.955,正面,其他使用体验,3.0,正向评价
R0394,小红书,2025-08-11,3.0,inventory,多平台库存不同步/超卖,0,吐槽一下，功能有但配置复杂，研究了两天才搞懂可售和可用的区别,"['复杂', '搞懂', '可售', '可用', '区别']",复杂 搞懂 可售 可用 区别,0.583,中性,其他使用体验,3.0,多平台库存/超卖
R0339,小红书,2025-05-29,3.0,praise,正向评价,0,中规中矩不出错，跨境工具里算第一梯队，有用点个赞,"['中规中矩', '出错', '跨境', '工具', '里算', '第一', '梯队', '点个']",中规中矩 出错 跨境 工具 里算 第一 梯队 点个,0.999,正面,其他使用体验,3.0,正向评价
R0809,App Store,2025-06-29,3.0,praise,正向评价,0,小卖家一枚，中规中矩不出错，跨境工具里算第一梯队，有用点个赞,"['一枚', '中规中矩', '出错', '跨境', '工具', '里算', '第一', '梯队', '点个']",一枚 中规中矩 出错 跨境 工具 里算 第一 梯队 点个,1.0,正面,其他使用体验,3.0,正向评价
R0269,官方社区,2025-07-19,4.0,listing,刊登与商品管理问题,0,小卖家一枚，跟卖监控和差评提醒挺及时，店铺安全有保障,"['一枚', '监控', '差评', '提醒', '及时', '安全', '保障']",一枚 监控 差评 提醒 及时 安全 保障,0.051,负面,客服与工单,4.0,刊登与商品
R0185,小红书,2025-07-17,5.0,praise,正向评价,0,客观说一句，仓库从纸单换到PDA拣货，错发率基本归零 有没有同款情况的卖家,"['仓库', '从纸', '单换', 'PDA', '错发率', '基本', '归零', '有没有']",仓库 从纸 单换 PDA 错发率 基本 归零 有没有,0.001,负面,客服与工单,5.0,正向评价
R0762,知乎,2025-04-20,1.0,pricing,价格与收费争议,0,求助，年费比去年贵了将近三成，功能还是那些功能，老板已经在问我了,"['年费', '去年', '近三成', '那些']",年费 去年 近三成 那些,0.243,负面,其他使用体验,1.0,价格与收费
R0220,官方社区,2025-04-11,1.0,support,客服响应慢/处理周期长,0,真的服了，客服响应是真的慢，工单提交一天没人理，退款退到麻木,"['客服', '响应', '工单', '提交', '一天', '人理', '退款', '麻木']",客服 响应 工单 提交 一天 人理 退款 麻木,0.0,负面,客服与工单,1.0,客服与工单
R0682,App Store,2025-07-30,5.0,pricing,价格与收费争议,0,吐槽一下，算下来比雇两个录入的人便宜多了，ROI还是划算的,"['算下来', '比雇', '两个', '录入', '便宜', 'ROI', '划算']",算下来 比雇 两个 录入 便宜 ROI 划算,0.934,正面,物流同步与回传,5.0,正向评价
R0287,小红书,2025-05-01,2.0,inventory,多平台库存不同步/超卖,0,老用户说句公道话，可售库存和可用库存两个口径把新运营绕晕了,"['说句', '可售', '库存', '可用', '库存', '两个', '口径', '运营', '绕晕']",说句 可售 库存 可用 库存 两个 口径 运营 绕晕,0.039,负面,客服与工单,2.0,多平台库存/超卖
R0748,小红书,2025-06-21,5.0,praise,正向评价,0,小卖家一枚，客户成功团队专业，季度回访还给优化建议，不像别家收钱就消失，老板已经在问我了无语了,"['一枚', '客户', '回访', '还给', '不像', '别家', '收钱', '无语']",一枚 客户 回访 还给 不像 别家 收钱 无语,0.006,负面,其他使用体验,5.0,正向评价
R0842,知乎,2025-04-03,1.0,onboarding,上手成本高/引导不足,0,客观说一句，第一步店铺授权就卡住，操作指引和实际页面对不上，大促根本不敢放量，大家注意避坑,"['第一步', '授权', '卡住', '操作', '指引', '实际', '页面', '对不上']",第一步 授权 卡住 操作 指引 实际 页面 对不上,0.008,负面,其他使用体验,1.0,上手与培训
R0302,知乎,2025-03-03,3.0,logistics,物流单号同步慢/回传失败,0,说实话，物流轨迹比物流商官网慢两个小时，凑合吧,"['说实话', '物流轨迹', '物流', '商官', '网慢', '两个', '凑合']",说实话 物流轨迹 物流 商官 网慢 两个 凑合,0.473,中性,物流同步与回传,3.0,物流同步与回传
R0495,App Store,2025-05-21,2.0,support,客服响应慢/处理周期长,0,客观说一句，高峰期排队前面九十多个人，等排到问题自己都凉了，差评警告,"['高峰期', '排队', '前面', '九十多个', '排到', '差评', '警告']",高峰期 排队 前面 九十多个 排到 差评 警告,0.0,负面,客服与工单,2.0,客服与工单
R0506,App Store,2025-03-02,3.0,stability,系统卡顿/大促不稳定,0,小卖家一枚，平时挺稳，就是Lazada大促节点会慢一些，避开高峰还行,"['一枚', '平时', '挺稳', 'Lazada', '节点', '会慢', '一些', '避开', '高峰']",一枚 平时 挺稳 Lazada 节点 会慢 一些 避开 高峰,0.999,正面,多平台库存/超卖,3.0,未分类
R0502,知乎,2025-05-20,2.0,pricing,价格与收费争议,0,老用户说句公道话，基础版好多功能要额外加钱，模块分开收费套路深，有用点个赞😤,"['说句', '基础', '版好', '多功能', '额外', '模块', '分开', '收费', '套路', '点个']",说句 基础 版好 多功能 额外 模块 分开 收费 套路 点个,0.941,正面,其他使用体验,2.0,价格与收费
R0832,知乎,2025-04-12,5.0,logistics,物流单号同步慢/回传失败,1,发货后亚马逊后台不显示单号，有人知道怎么批量补传吗？,"['发货', '亚马逊', '后台', '显示', '批量', '补传']",发货 亚马逊 后台 显示 批量 补传,0.273,负面,其他使用体验,5.0,物流同步与回传
R0458,App Store,2025-06-23,1.0,logistics,物流单号同步慢/回传失败,0,小卖家一枚，物流单号同步慢死了，燕文揽收三天了平台还没回传，仓库白忙一场,"['一枚', '物流单号', '同步', '慢死', '燕文揽', '三天', '回传', '仓库', '白忙', '一场']",一枚 物流单号 同步 慢死 燕文揽 三天 回传 仓库 白忙 一场,0.01,负面,客服与工单,1.0,物流同步与回传
R0173,App Store,2025-04-18,2.0,inventory,多平台库存不同步/超卖,0,多平台库存根本不同步，亚马逊卖超了系统里还有货，大家注意避坑,"['多平台库存', '同步', '亚马逊', '卖超', '还有']",多平台库存 同步 亚马逊 卖超 还有,0.071,负面,物流同步与回传,2.0,多平台库存/超卖
R0354,小米应用商店,2025-06-27,1.0,listing,刊登与商品管理问题,0,客观说一句，多平台铺货不能一键转，每个平台都要重新编辑，半夜还在手动补,"['铺货', '不能', '一键', '每个', '重新', '编辑']",铺货 不能 一键 每个 重新 编辑,0.078,负面,其他使用体验,1.0,刊登与商品
R0982,华为应用市场,2025-06-06,5.0,order_sync,订单漏单/同步延迟,0,真的服了，自动审单规则真香，八成订单不用人工碰,"['自动审单', '真香', '八成', '订单', '不用', '人工']",自动审单 真香 八成 订单 不用 人工,0.01,负面,其他使用体验,5.0,订单同步与处理
R0750,知乎,2025-06-10,2.0,finance,对账与财务能力弱,0,多店铺成本混在一起，想算单店利润得自己拼数据，退款退到麻木,"['成本', '混在', '一起', '想算', '单店', '利润', '数据', '退款', '麻木']",成本 混在 一起 想算 单店 利润 数据 退款 麻木,0.005,负面,客服与工单,2.0,财务对账
R0383,知乎,2025-07-14,1.0,support,客服响应慢/处理周期长,0,客服响应是真的慢，工单提交两天没人理，有用点个赞,"['客服', '响应', '工单', '提交', '人理', '点个']",客服 响应 工单 提交 人理 点个,0.002,负面,客服与工单,1.0,客服与工单
R1043,App Store,2025-05-15,1.0,finance,对账与财务能力弱,0,吐槽一下，物流费只能对总金额，单号维度对不了，差异查不到！！！ 我也遇到了,"['物流', '总金额', '维度', '不了', '差异', '查不到', '遇到']",物流 总金额 维度 不了 差异 查不到 遇到,0.001,负面,多平台库存/超卖,1.0,物流同步与回传
R0033,官方社区,2025-07-08,2.0,finance,对账与财务能力弱,0,真的服了，物流费只能对总金额，单号维度对不了，差异查不到，差评警告,"['物流', '总金额', '维度', '不了', '差异', '查不到', '差评', '警告']",物流 总金额 维度 不了 差异 查不到 差评 警告,0.0,负面,多平台库存/超卖,2.0,物流同步与回传
R0427,知乎,2025-03-07,1.0,support,客服响应慢/处理周期长,0,承诺的回电等了好几天没人联系我，平台扣分扣到肉疼 有没有同款情况的卖家,"['承诺', '回电', '几天', '联系', '有没有']",承诺 回电 几天 联系 有没有,0.004,负面,价格与收费,1.0,客服与工单
R0208,小红书,2025-06-03,2.0,pricing,价格与收费争议,0,求助，又涨价，老客户一点折扣没有，新用户反而便宜，老板已经在问我了,"['涨价', '老客户', '一点', '折扣', '没有', '反而', '便宜']",涨价 老客户 一点 折扣 没有 反而 便宜,0.019,负面,物流同步与回传,2.0,价格与收费
R0178,App Store,2025-04-19,1.0,order_sync,订单漏单/同步延迟,0,吐槽一下，速卖通订单同步漏单！月底对账发现少了十几单，细思极恐，光这个每月损失不少钱,"['速卖通', '订单同步', '漏单', '月底', '对账', '十几', '细思极']",速卖通 订单同步 漏单 月底 对账 十几 细思极,0.0,负面,多平台库存/超卖,1.0,订单同步与处理
R0635,小红书,2025-03-06,5.0,praise,正向评价,0,多店铺多平台统一管理，速卖通扩店一点不慌，有用点个赞,"['统一', '管理', '速卖通', '扩店', '一点', '点个']",统一 管理 速卖通 扩店 一点 点个,0.578,中性,物流同步与回传,5.0,正向评价
R0537,官方社区,2025-07-29,1.0,stability,系统卡顿/大促不稳定,0,老用户说句公道话，页面加载慢得像拨号上网，打开库存页要等十几秒,"['说句', '页面', '加载', '慢得', '拨号上网', '打开', '库存', '十几秒']",说句 页面 加载 慢得 拨号上网 打开 库存 十几秒,0.0,负面,其他使用体验,1.0,多平台库存/超卖
R0276,官方社区,2025-03-08,3.0,pricing,价格与收费争议,1,专业版和旗舰版具体差哪些功能？官网对比表看不懂,"['专业版', '旗舰版', '具体', '哪些', '官网', '对比', '看不懂']",专业版 旗舰版 具体 哪些 官网 对比 看不懂,0.2,负面,其他使用体验,3.0,未分类
R0290,App Store,2025-08-15,5.0,support,客服响应慢/处理周期长,0,说实话，技术支持凌晨还在帮我处理面单问题，确实被感动到，老板已经在问我了,"['说实话', '技术支持', '处理', '面单', '感动']",说实话 技术支持 处理 面单 感动,0.473,中性,物流同步与回传,5.0,物流同步与回传
R0358,官方社区,2025-05-31,5.0,inventory,多平台库存不同步/超卖,0,用了大半年，超卖预警救了我好几次，库存一到阈值自动下架，Temu评分稳了 有没有同款情况的卖家无语了,"['大半年', '超卖', '预警', '几次', '库存', '一到', '阈值', '下架', 'Temu', '评分', '有没有', '无语']",大半年 超卖 预警 几次 库存 一到 阈值 下架 Temu 评分 有没有 无语,0.078,负面,多平台库存/超卖,5.0,多平台库存/超卖
R0484,App Store,2025-05-23,1.0,logistics,物流单号同步慢/回传失败,0,吐槽一下，发货了轨迹不更新，问就是物流商接口问题，大促根本不敢放量 有没有同款情况的卖家,"['发货', '轨迹', '更新', '物流', '接口', '有没有']",发货 轨迹 更新 物流 接口 有没有,0.073,负面,其他使用体验,1.0,物流同步与回传
R0554,App Store,2025-07-15,5.0,listing,刊登与商品管理问题,0,跟卖监控和差评提醒挺及时，店铺安全有保障，有用点个赞,"['监控', '差评', '提醒', '及时', '安全', '保障', '点个']",监控 差评 提醒 及时 安全 保障 点个,0.13,负面,客服与工单,5.0,刊登与商品
R0840,小红书,2025-05-14,2.0,pricing,价格与收费争议,0,真的服了，按席位收费太贵，客服仓库就用个打单也要全价席位，平台扣分扣到肉疼，有用点个赞无语了,"['席位', '收费', '太贵', '客服', '仓库', '用个', '打单', '全价', '席位', '点个', '赞无语']",席位 收费 太贵 客服 仓库 用个 打单 全价 席位 点个 赞无语,0.007,负面,价格与收费,2.0,价格与收费
R0622,App Store,2025-08-18,1.0,logistics,物流单号同步慢/回传失败,0,客观说一句，物流超时预警根本不触发，等买家投诉才知道包裹卡了😤,"['物流', '超时', '预警', '触发', '投诉', '包裹']",物流 超时 预警 触发 投诉 包裹,0.0,负面,其他使用体验,1.0,物流同步与回传
R0300,官方社区,2025-08-22,2.0,logistics,物流单号同步慢/回传失败,0,老用户说句公道话，虾皮订单换了跟踪号之后系统里不同步，轨迹直接断掉，大家注意避坑,"['说句', '虾皮', '订单', '跟踪', '同步', '轨迹', '断掉']",说句 虾皮 订单 跟踪 同步 轨迹 断掉,0.0,负面,客服与工单,2.0,物流同步与回传
R0429,知乎,2025-06-19,1.0,inventory,多平台库存不同步/超卖,0,客观说一句，多平台库存根本不同步，Temu卖超了系统里还有货，差评警告,"['多平台库存', '同步', 'Temu', '卖超', '还有', '差评', '警告']",多平台库存 同步 Temu 卖超 还有 差评 警告,0.004,负面,物流同步与回传,1.0,多平台库存/超卖
R0468,App Store,2025-07-14,4.0,stability,系统卡顿/大促不稳定,0,老用户说句公道话，用了两年基本没宕过机，比之前换的那家强太多，有用点个赞,"['说句', '两年', '基本', '没宕', '过机', '那家', '强太多', '点个']",说句 两年 基本 没宕 过机 那家 强太多 点个,0.274,负面,客服与工单,4.0,未分类
R0206,华为应用市场,2025-06-09,2.0,onboarding,上手成本高/引导不足,0,老用户说句公道话，开通三周了订单都没跑通，也没人主动跟进，买家天天催发货，有用点个赞,"['说句', '开通', '三周', '订单', '没人', '主动', '跟进', '天天', '发货', '点个']",说句 开通 三周 订单 没人 主动 跟进 天天 发货 点个,0.01,负面,其他使用体验,2.0,订单同步与处理
R0046,华为应用市场,2025-03-18,5.0,order_sync,订单漏单/同步延迟,0,真的服了，自动审单规则真香，八成订单不用人工碰，有用点个赞😤,"['自动审单', '真香', '八成', '订单', '不用', '人工', '点个']",自动审单 真香 八成 订单 不用 人工 点个,0.074,负面,其他使用体验,5.0,订单同步与处理
R0134,App Store,2025-04-06,5.0,logistics,物流单号同步慢/回传失败,0,吐槽一下，批量打单加自动回传，旺季一天三千单也没出错，老板已经在问我了,"['批量', '打单', '回传', '一天', '三千', '出错']",批量 打单 回传 一天 三千 出错,0.025,负面,其他使用体验,5.0,物流同步与回传
R0477,App Store,2025-04-21,1.0,inventory,多平台库存不同步/超卖,0,多仓调拨后库存卡在路上好几天，可用库存数字全乱，买家天天催发货😭,"['多仓', '调拨', '库存', '路上', '几天', '可用', '库存', '数字', '全乱', '天天', '发货']",多仓 调拨 库存 路上 几天 可用 库存 数字 全乱 天天 发货,0.004,负面,其他使用体验,1.0,多平台库存/超卖
R0460,App Store,2025-07-10,2.0,logistics,物流单号同步慢/回传失败,0,说实话，物流商对账重量和系统对不上，运费算错也没预警，半夜还在手动补,"['说实话', '物流', '对账', '重量', '对不上', '运费', '算错', '预警']",说实话 物流 对账 重量 对不上 运费 算错 预警,0.007,负面,多平台库存/超卖,2.0,物流同步与回传
R0403,官方社区,2025-05-08,2.0,inventory,多平台库存不同步/超卖,0,虾皮活动锁库存不同步，活动结束就超卖了，平台扣分扣到肉疼,"['虾皮', '库存', '同步', '结束', '超卖']",虾皮 库存 同步 结束 超卖,0.009,负面,其他使用体验,2.0,多平台库存/超卖
R0834,App Store,2025-06-15,1.0,logistics,物流单号同步慢/回传失败,0,客观说一句，换邮政小包之后单号经常回传失败，要手动一个个补！！！无语了,"['邮政', '小包', '回传失败', '一个个', '无语']",邮政 小包 回传失败 一个个 无语,0.001,负面,客服与工单,1.0,物流同步与回传
R0820,App Store,2025-04-21,2.0,inventory,多平台库存不同步/超卖,0,用了大半年，FBA仓和自营仓库存分开看，每次都要自己加总，差评警告,"['大半年', 'FBA', '自营', '仓库', '分开', '每次', '加总', '差评', '警告']",大半年 FBA 自营 仓库 分开 每次 加总 差评 警告,0.015,负面,客服与工单,2.0,多平台库存/超卖
R0009,App Store,2025-07-30,2.0,inventory,多平台库存不同步/超卖,0,客观说一句，亚马逊活动锁库存不同步，活动结束就超卖了，有用点个赞,"['亚马逊', '库存', '同步', '结束', '超卖', '点个']",亚马逊 库存 同步 结束 超卖 点个,0.921,正面,其他使用体验,2.0,多平台库存/超卖
R0024,小米应用商店,2025-03-15,5.0,praise,正向评价,0,说实话，手机端查订单看数据方便，出差也能盯店铺，大家注意避坑😤,"['说实话', '端查', '订单', '数据', '方便', '出差']",说实话 端查 订单 数据 方便 出差,0.005,负面,价格与收费,5.0,订单同步与处理
R0283,小米应用商店,2025-07-21,2.0,listing,刊登与商品管理问题,0,多平台铺货不能一键转，每个平台都要重新编辑，仓库白忙一场,"['铺货', '不能', '一键', '每个', '重新', '编辑', '仓库', '白忙', '一场']",铺货 不能 一键 每个 重新 编辑 仓库 白忙 一场,0.398,负面,其他使用体验,2.0,刊登与商品
R0558,知乎,2025-08-15,3.0,stability,系统卡顿/大促不稳定,0,旺季实测，卡顿有但能接受，希望继续优化服务器！！！,"['卡顿', '接受', '希望', '服务器']",卡顿 接受 希望 服务器,0.476,中性,其他使用体验,3.0,系统稳定性
R0181,小红书,2025-04-05,1.0,stability,系统卡顿/大促不稳定,0,吐槽一下，系统三天两头卡顿，订单工作台转圈半天才打开,"['三天两头', '卡顿', '订单', '工作台', '转圈', '打开']",三天两头 卡顿 订单 工作台 转圈 打开,0.009,负面,其他使用体验,1.0,系统稳定性
R0261,小米应用商店,2025-03-20,5.0,logistics,物流单号同步慢/回传失败,0,云帆对接的物流渠道是真的全，4PX一键下单打单很顺服了,"['云帆', '对接', '物流', '渠道', '4PX', '一键', '单打', '顺服']",云帆 对接 物流 渠道 4PX 一键 单打 顺服,0.734,正面,其他使用体验,5.0,物流同步与回传
R1038,官方社区,2025-04-16,3.0,finance,对账与财务能力弱,1,虾皮平台扣费怎么和订单逐单对账？求操作教程 我也遇到了,"['虾皮', '扣费', '订单', '逐单', '对账', '操作', '教程', '遇到']",虾皮 扣费 订单 逐单 对账 操作 教程 遇到,0.01,负面,多平台库存/超卖,3.0,订单同步与处理
R0665,华为应用市场,2025-08-27,2.0,order_sync,订单漏单/同步延迟,0,黑五那几天订单堆积同步不过来，手动导单导到怀疑人生！！！,"['黑五', '几天', '订单', '堆积', '同步', '过来', '导单', '导到', '怀疑', '人生']",黑五 几天 订单 堆积 同步 过来 导单 导到 怀疑 人生,0.06,负面,价格与收费,2.0,订单同步与处理
R0099,官方社区,2025-08-01,5.0,praise,正向评价,0,免费版就够用，小卖家福音，客服回复也及时，五星，大家注意避坑,"['免费版', '够用', '福音', '客服', '回复', '及时', '五星']",免费版 够用 福音 客服 回复 及时 五星,0.027,负面,其他使用体验,5.0,客服与工单
R0190,华为应用市场,2025-03-16,1.0,inventory,多平台库存不同步/超卖,0,多仓调拨后库存卡在路上好几天，可用库存数字全乱 有没有同款情况的卖家,"['多仓', '调拨', '库存', '路上', '几天', '可用', '库存', '数字', '全乱', '有没有']",多仓 调拨 库存 路上 几天 可用 库存 数字 全乱 有没有,0.007,负面,其他使用体验,1.0,多平台库存/超卖
R0196,App Store,2025-07-26,1.0,inventory,多平台库存不同步/超卖,0,小卖家一枚，多平台库存根本不同步，亚马逊卖超了系统里还有货，老板已经在问我了,"['一枚', '多平台库存', '同步', '亚马逊', '卖超', '还有']",一枚 多平台库存 同步 亚马逊 卖超 还有,0.346,负面,物流同步与回传,1.0,多平台库存/超卖
R0166,知乎,2025-06-05,4.0,praise,正向评价,0,打单发货一条龙，仓库效率提升明显，老板说今年再加席位，大家注意避坑,"['打单', '发货', '一条龙', '仓库', '效率', '提升', '明显', '今年', '席位']",打单 发货 一条龙 仓库 效率 提升 明显 今年 席位,0.013,负面,其他使用体验,4.0,物流同步与回传
R0239,知乎,2025-03-31,5.0,praise,正向评价,0,小卖家一枚，系统稳定功能扎实，换了三家ERP最后在云帆安家 有没有同款情况的卖家,"['一枚', '稳定', '扎实', '三家', 'ERP', '最后', '云帆', '安家', '有没有']",一枚 稳定 扎实 三家 ERP 最后 云帆 安家 有没有,0.975,正面,客服与工单,5.0,正向评价
R0805,官方社区,2025-08-26,5.0,praise,正向评价,0,客观说一句，自动化规则省了一个运营人力，光这个年费就回本，老板已经在问我了,"['自动化', '运营', '人力', '年费', '回本']",自动化 运营 人力 年费 回本,0.149,负面,其他使用体验,5.0,价格与收费
R0017,App Store,2025-03-20,5.0,order_sync,订单漏单/同步延迟,0,老用户说句公道话，自动审单规则真香，八成订单不用人工碰，老板已经在问我了,"['说句', '自动审单', '真香', '八成', '订单', '不用', '人工']",说句 自动审单 真香 八成 订单 不用 人工,0.002,负面,其他使用体验,5.0,订单同步与处理
R0150,App Store,2025-05-10,1.0,listing,刊登与商品管理问题,0,多平台铺货不能一键转，每个平台都要重新编辑，有用点个赞服了,"['铺货', '不能', '一键', '每个', '重新', '编辑', '点个', '赞服']",铺货 不能 一键 每个 重新 编辑 点个 赞服,0.435,中性,其他使用体验,1.0,刊登与商品
R1027,App Store,2025-06-15,1.0,logistics,物流单号同步慢/回传失败,0,客观说一句，换邮政小包之后单号经常回传失败，要手动一个个补！！！无语了，同意楼上,"['邮政', '小包', '回传失败', '一个个', '无语', '同意', '楼上']",邮政 小包 回传失败 一个个 无语 同意 楼上,0.0,负面,客服与工单,1.0,物流同步与回传
R0040,知乎,2025-04-24,3.0,inventory,多平台库存不同步/超卖,0,老用户说句公道话，库存同步基本准，但大促那几分钟会延迟，建议留点缓冲😤,"['说句', '库存同步', '基本', '几分钟', '延迟', '留点', '缓冲']",说句 库存同步 基本 几分钟 延迟 留点 缓冲,0.341,负面,其他使用体验,3.0,多平台库存/超卖
R0594,小红书,2025-06-26,1.0,inventory,多平台库存不同步/超卖,0,真的服了，TikTok和虾皮共用一个仓库库存，两边对不上只能手动分 有没有同款情况的卖家,"['TikTok', '虾皮', '共用', '仓库', '库存', '两边', '对不上', '有没有']",TikTok 虾皮 共用 仓库 库存 两边 对不上 有没有,0.0,负面,其他使用体验,1.0,多平台库存/超卖
R0335,知乎,2025-08-04,3.0,finance,对账与财务能力弱,1,头程运费怎么分摊到每个SKU成本里？,"['头程', '运费', '分摊', '每个', 'SKU', '成本']",头程 运费 分摊 每个 SKU 成本,0.156,负面,其他使用体验,3.0,财务对账
R0032,App Store,2025-06-05,2.0,logistics,物流单号同步慢/回传失败,0,说实话，物流轨迹更新延迟几十个小时，买家问货到哪了我比他还懵，大促根本不敢放量,"['说实话', '物流轨迹', '更新', '延迟', '几十个', '问货到']",说实话 物流轨迹 更新 延迟 几十个 问货到,0.013,负面,其他使用体验,2.0,物流同步与回传
R0070,App Store,2025-03-09,4.0,logistics,物流单号同步慢/回传失败,0,物流轨迹比物流商官网慢两个小时，凑合吧，老板已经在问我了,"['物流轨迹', '物流', '商官', '网慢', '两个', '凑合']",物流轨迹 物流 商官 网慢 两个 凑合,0.237,负面,物流同步与回传,4.0,物流同步与回传
R0598,华为应用市场,2025-07-06,2.0,support,客服响应慢/处理周期长,0,真的服了，高峰期排队前面九十多个人，等排到问题自己都凉了,"['高峰期', '排队', '前面', '九十多个', '排到']",高峰期 排队 前面 九十多个 排到,0.004,负面,客服与工单,2.0,客服与工单
R0843,知乎,2025-04-02,2.0,order_sync,订单漏单/同步延迟,0,吐槽一下，自动审单规则经常误判，正常订单被拦成异常 🤦,"['自动审单', '误判', '正常', '订单', '拦成', '异常']",自动审单 误判 正常 订单 拦成 异常,0.088,负面,价格与收费,2.0,订单同步与处理
R0728,小米应用商店,2025-07-04,4.0,onboarding,上手成本高/引导不足,0,刚用觉得乱用顺了还好，前两周劝退期挺过去就行，大家注意避坑,"['刚用', '乱用', '还好', '两周', '劝退', '期挺', '过去', '就行']",刚用 乱用 还好 两周 劝退 期挺 过去 就行,0.051,负面,多平台库存/超卖,4.0,上手与培训
R0364,App Store,2025-05-09,3.0,stability,系统卡顿/大促不稳定,0,说实话，卡顿有但能接受，希望继续优化服务器,"['说实话', '卡顿', '接受', '希望', '服务器']",说实话 卡顿 接受 希望 服务器,0.462,中性,其他使用体验,3.0,系统稳定性
R0814,知乎,2025-08-26,4.0,praise,正向评价,0,求助，多店铺多平台统一管理，亚马逊扩店一点不慌！！！,"['统一', '管理', '亚马逊', '扩店', '一点']",统一 管理 亚马逊 扩店 一点,0.175,负面,物流同步与回传,4.0,正向评价
R0241,知乎,2025-05-29,2.0,pricing,价格与收费争议,0,客观说一句，又涨价，老客户一点折扣没有，新用户反而便宜！！！,"['涨价', '老客户', '一点', '折扣', '没有', '反而', '便宜']",涨价 老客户 一点 折扣 没有 反而 便宜,0.038,负面,物流同步与回传,2.0,价格与收费
R0776,小红书,2025-05-15,5.0,pricing,价格与收费争议,0,客观说一句，年付折扣可以，客服还帮忙申请了老客户优惠,"['年付', '折扣', '客服', '帮忙', '申请', '老客户', '优惠']",年付 折扣 客服 帮忙 申请 老客户 优惠,0.001,负面,物流同步与回传,5.0,客服与工单
R0753,App Store,2025-03-14,4.0,listing,刊登与商品管理问题,0,老用户说句公道话，刊登够用但谈不上多好用，批量功能再强点就好，大家注意避坑,"['说句', '刊登', '够用', '谈不上', '多好', '批量', '强点']",说句 刊登 够用 谈不上 多好 批量 强点,0.008,负面,其他使用体验,4.0,刊登与商品
R0407,App Store,2025-08-19,4.0,finance,对账与财务能力弱,0,老用户说句公道话，对账能处理大部分，长尾差异单还得人工，省了七八成时间,"['说句', '对账', '处理', '大部分', '长尾', '差异', '人工', '七八成', '时间']",说句 对账 处理 大部分 长尾 差异 人工 七八成 时间,0.407,中性,其他使用体验,4.0,财务对账
R0317,App Store,2025-06-28,1.0,inventory,多平台库存不同步/超卖,0,老用户说句公道话，组合商品库存扣减有问题，套装卖出子品没减库存,"['说句', '组合', '商品', '库存', '扣减', '套装', '卖出', '子品', '没减', '库存']",说句 组合 商品 库存 扣减 套装 卖出 子品 没减 库存,0.39,负面,其他使用体验,1.0,多平台库存/超卖
R0103,App Store,2025-06-22,5.0,praise,正向评价,0,旺季实测，多店铺多平台统一管理，速卖通扩店一点不慌,"['统一', '管理', '速卖通', '扩店', '一点']",统一 管理 速卖通 扩店 一点,0.315,负面,物流同步与回传,5.0,正向评价
R0085,官方社区,2025-07-22,3.0,stability,系统卡顿/大促不稳定,0,说实话，平时挺稳，就是虾皮大促节点会慢一些，避开高峰还行，老板已经在问我了,"['说实话', '平时', '挺稳', '虾皮', '节点', '会慢', '一些', '避开', '高峰']",说实话 平时 挺稳 虾皮 节点 会慢 一些 避开 高峰,0.976,正面,多平台库存/超卖,3.0,未分类
R0188,知乎,2025-08-02,5.0,praise,正向评价,0,客观说一句，打单发货一条龙，仓库效率提升明显，老板说今年再加席位，大家注意避坑,"['打单', '发货', '一条龙', '仓库', '效率', '提升', '明显', '今年', '席位']",打单 发货 一条龙 仓库 效率 提升 明显 今年 席位,0.006,负面,其他使用体验,5.0,物流同步与回传
R0107,知乎,2025-03-05,1.0,pricing,价格与收费争议,0,真的服了，年费比去年贵了将近三成，功能还是那些功能，买家天天催发货，大家注意避坑,"['年费', '去年', '近三成', '那些', '天天', '发货']",年费 去年 近三成 那些 天天 发货,0.041,负面,其他使用体验,1.0,价格与收费
R0831,App Store,2025-08-04,3.0,logistics,物流单号同步慢/回传失败,0,物流轨迹比物流商官网慢好几个小时，凑合吧，老板已经在问我了,"['物流轨迹', '物流', '商官', '网慢', '好几个', '凑合']",物流轨迹 物流 商官 网慢 好几个 凑合,0.252,负面,物流同步与回传,3.0,物流同步与回传
R0151,官方社区,2025-07-22,1.0,order_sync,订单漏单/同步延迟,0,求助，订单备注同步不过来，买家留言的赠品要求看不到！！！,"['订单', '备注', '同步', '过来', '留言', '赠品', '要求', '看不到']",订单 备注 同步 过来 留言 赠品 要求 看不到,0.008,负面,价格与收费,1.0,订单同步与处理
R0658,知乎,2025-06-16,4.0,stability,系统卡顿/大促不稳定,0,求助，平时挺稳，就是Wish大促节点会慢一些，避开高峰还行,"['平时', '挺稳', 'Wish', '节点', '会慢', '一些', '避开', '高峰']",平时 挺稳 Wish 节点 会慢 一些 避开 高峰,0.983,正面,多平台库存/超卖,4.0,未分类
R0494,小红书,2025-05-14,4.0,logistics,物流单号同步慢/回传失败,0,真的服了，物流轨迹比物流商官网慢十几个小时，凑合吧 有没有同款情况的卖家,"['物流轨迹', '物流', '商官', '网慢', '十几个', '凑合', '有没有']",物流轨迹 物流 商官 网慢 十几个 凑合 有没有,0.177,负面,物流同步与回传,4.0,物流同步与回传
R0657,小红书,2025-03-19,2.0,logistics,物流单号同步慢/回传失败,0,小卖家一枚，Temu订单换了跟踪号之后系统里不同步，轨迹直接断掉，光这个每月损失不少钱，大家注意避坑,"['一枚', 'Temu', '订单', '跟踪', '同步', '轨迹', '断掉']",一枚 Temu 订单 跟踪 同步 轨迹 断掉,0.001,负面,客服与工单,2.0,物流同步与回传
R0741,知乎,2025-07-26,3.0,listing,刊登与商品管理问题,0,刊登够用但谈不上多好用，批量功能再强点就好，有用点个赞,"['刊登', '够用', '谈不上', '多好', '批量', '强点', '点个']",刊登 够用 谈不上 多好 批量 强点 点个,0.622,正面,其他使用体验,3.0,刊登与商品
R0417,小红书,2025-07-15,3.0,logistics,物流单号同步慢/回传失败,0,小卖家一枚，物流轨迹比物流商官网慢三个小时，凑合吧，有用点个赞服了,"['一枚', '物流轨迹', '物流', '商官', '网慢', '三个', '凑合', '点个', '赞服']",一枚 物流轨迹 物流 商官 网慢 三个 凑合 点个 赞服,0.769,正面,物流同步与回传,3.0,物流同步与回传
R0620,华为应用市场,2025-05-23,2.0,stability,系统卡顿/大促不稳定,0,求助，大促当天直接崩了十几个小时，订单全积压，大家注意避坑,"['十几个', '订单', '积压']",十几个 订单 积压,0.002,负面,价格与收费,2.0,订单同步与处理
R0081,官方社区,2025-05-08,5.0,praise,正向评价,0,求助，用了三年的老用户，功能全更新快，速卖通生意做大一半靠它，真心推荐,"['三年', '更新快', '速卖通', '生意', '做大', '一半', '真心', '推荐']",三年 更新快 速卖通 生意 做大 一半 真心 推荐,0.056,负面,物流同步与回传,5.0,正向评价
R0195,App Store,2025-07-15,2.0,listing,刊登与商品管理问题,0,真的服了，采集过来的详情页格式全乱，图片还要重新传，退款退到麻木，大家注意避坑,"['采集', '过来', '详情页', '格式', '全乱', '图片', '还要', '重新', '退款', '麻木']",采集 过来 详情页 格式 全乱 图片 还要 重新 退款 麻木,0.001,负面,客服与工单,2.0,刊登与商品
R0588,知乎,2025-07-01,3.0,order_sync,订单漏单/同步延迟,1,Temu有订单系统里没同步过来，怎么手动拉取？,"['Temu', '订单', '同步', '过来', '拉取']",Temu 订单 同步 过来 拉取,0.105,负面,价格与收费,3.0,订单同步与处理
R0397,官方社区,2025-06-30,1.0,listing,刊登与商品管理问题,0,客观说一句，小语种翻译机翻味太重，还得自己重新润色，买家天天催发货,"['语种', '翻译机', '翻味', '太重', '重新', '润色', '天天', '发货']",语种 翻译机 翻味 太重 重新 润色 天天 发货,0.051,负面,其他使用体验,1.0,刊登与商品
R0054,小红书,2025-08-27,5.0,praise,正向评价,0,客观说一句，多店铺多平台统一管理，速卖通扩店一点不慌 有没有同款情况的卖家,"['统一', '管理', '速卖通', '扩店', '一点', '有没有']",统一 管理 速卖通 扩店 一点 有没有,0.016,负面,物流同步与回传,5.0,正向评价
R0254,知乎,2025-04-27,5.0,stability,系统卡顿/大促不稳定,0,Prime Day当天单量翻五倍系统也扛住了，稳定性可以！！！,"['Prime', 'Day', '单量', '五倍', '稳定性']",Prime Day 单量 五倍 稳定性,0.118,负面,其他使用体验,5.0,正向评价
R0587,官方社区,2025-04-08,5.0,listing,刊登与商品管理问题,1,怎么把Wish的listing一键搬到另一个店铺？无语了,"['Wish', 'listing', '一键', '搬到', '无语']",Wish listing 一键 搬到 无语,0.122,负面,其他使用体验,5.0,刊登与商品
R0056,App Store,2025-04-17,1.0,stability,系统卡顿/大促不稳定,0,用了大半年，系统三天两头卡顿，订单工作台转圈半天才打开，老板已经在问我了,"['大半年', '三天两头', '卡顿', '订单', '工作台', '转圈', '打开']",大半年 三天两头 卡顿 订单 工作台 转圈 打开,0.002,负面,其他使用体验,1.0,系统稳定性
R0456,官方社区,2025-04-06,1.0,inventory,多平台库存不同步/超卖,0,老用户说句公道话，采购在途数量经常算错，备货多备了一倍资金全压货上，退款退到麻木 有没有同款情况的卖家,"['说句', '采购', '数量', '算错', '备货', '多备', '一倍', '资金', '压货', '退款', '麻木', '有没有']",说句 采购 数量 算错 备货 多备 一倍 资金 压货 退款 麻木 有没有,0.002,负面,多平台库存/超卖,1.0,多平台库存/超卖
R0848,App Store,2025-08-06,3.0,stability,系统卡顿/大促不稳定,0,客观说一句，卡顿有但能接受，希望继续优化服务器 有没有同款情况的卖家,"['卡顿', '接受', '希望', '服务器', '有没有']",卡顿 接受 希望 服务器 有没有,0.12,负面,其他使用体验,3.0,系统稳定性
R0771,App Store,2025-03-06,1.0,finance,对账与财务能力弱,0,月结账单导出来格式乱七八糟，还要二次整理,"['结账', '导出来', '格式', '乱七八糟', '还要', '二次', '整理']",结账 导出来 格式 乱七八糟 还要 二次 整理,0.001,负面,其他使用体验,1.0,财务对账
R0507,小米应用商店,2025-05-25,1.0,inventory,多平台库存不同步/超卖,0,吐槽一下，TikTok和Lazada共用一个仓库库存，两边对不上只能手动分,"['TikTok', 'Lazada', '共用', '仓库', '库存', '两边', '对不上']",TikTok Lazada 共用 仓库 库存 两边 对不上,0.008,负面,其他使用体验,1.0,多平台库存/超卖
R0646,App Store,2025-08-07,1.0,finance,对账与财务能力弱,0,多店铺成本混在一起，想算单店利润得自己拼数据！！！,"['成本', '混在', '一起', '想算', '单店', '利润', '数据']",成本 混在 一起 想算 单店 利润 数据,0.003,负面,客服与工单,1.0,财务对账
R0674,App Store,2025-06-06,1.0,onboarding,上手成本高/引导不足,0,老用户说句公道话，开通好几周了订单都没跑通，也没人主动跟进，买家天天催发货 🤦,"['说句', '开通', '几周', '订单', '没人', '主动', '跟进', '天天', '发货']",说句 开通 几周 订单 没人 主动 跟进 天天 发货,0.001,负面,其他使用体验,1.0,订单同步与处理
R0137,华为应用市场,2025-07-17,5.0,finance,对账与财务能力弱,0,说实话，以前对账要三天现在半天搞定，财务再也不加班了，老板已经在问我了,"['说实话', '以前', '对账', '三天', '搞定', '财务', '再也', '加班']",说实话 以前 对账 三天 搞定 财务 再也 加班,0.003,负面,物流同步与回传,5.0,财务对账
R0827,小红书,2025-08-16,1.0,stability,系统卡顿/大促不稳定,0,小卖家一枚，批量操作必卡死，一次审五百单要加载十分钟，大家注意避坑,"['一枚', '批量', '操作', '卡死', '一次', '五百', '单要', '加载', '十分钟']",一枚 批量 操作 卡死 一次 五百 单要 加载 十分钟,0.009,负面,多平台库存/超卖,1.0,系统稳定性
R0112,华为应用市场,2025-04-08,4.0,praise,正向评价,0,客观说一句，多店铺多平台统一管理，亚马逊扩店一点不慌，大家注意避坑,"['统一', '管理', '亚马逊', '扩店', '一点']",统一 管理 亚马逊 扩店 一点,0.167,负面,物流同步与回传,4.0,正向评价
R0281,App Store,2025-05-11,1.0,stability,系统卡顿/大促不稳定,0,真的服了，闪退频繁，打单打到一半闪退，面单号都浪费了！！！服了,"['闪退', '频繁', '单打', '一半', '闪退', '面单', '浪费']",闪退 频繁 单打 一半 闪退 面单 浪费,0.0,负面,物流同步与回传,1.0,物流同步与回传
R0201,小红书,2025-07-06,1.0,logistics,物流单号同步慢/回传失败,0,物流轨迹更新延迟十几个小时，买家问货到哪了我比他还懵，老板已经在问我了,"['物流轨迹', '更新', '延迟', '十几个', '问货到']",物流轨迹 更新 延迟 十几个 问货到,0.024,负面,其他使用体验,1.0,物流同步与回传
R0192,官方社区,2025-07-31,1.0,finance,对账与财务能力弱,0,多店铺成本混在一起，想算单店利润得自己拼数据，平台扣分扣到肉疼,"['成本', '混在', '一起', '想算', '单店', '利润', '数据']",成本 混在 一起 想算 单店 利润 数据,0.002,负面,客服与工单,1.0,财务对账
R0787,App Store,2025-03-17,5.0,praise,正向评价,0,小卖家一枚，免费版就够用，小卖家福音，客服回复也及时，五星,"['一枚', '免费版', '够用', '福音', '客服', '回复', '及时', '五星']",一枚 免费版 够用 福音 客服 回复 及时 五星,0.456,中性,其他使用体验,5.0,客服与工单
R0663,官方社区,2025-06-05,1.0,onboarding,上手成本高/引导不足,0,旺季实测，新手引导基本等于没有，全靠自己摸和问客服,"['新手', '引导', '基本', '等于', '没有', '全靠', '客服']",新手 引导 基本 等于 没有 全靠 客服,0.272,负面,客服与工单,1.0,上手与培训
R0779,官方社区,2025-04-08,2.0,support,客服响应慢/处理周期长,0,客服响应是真的慢，工单提交一天没人理,"['客服', '响应', '工单', '提交', '一天', '人理']",客服 响应 工单 提交 一天 人理,0.0,负面,客服与工单,2.0,客服与工单
R0802,小红书,2025-06-29,2.0,support,客服响应慢/处理周期长,0,承诺的回电等了一天没人联系我,"['承诺', '回电', '一天', '联系']",承诺 回电 一天 联系,0.106,负面,其他使用体验,2.0,客服与工单
R0377,知乎,2025-07-22,1.0,inventory,多平台库存不同步/超卖,0,库存同步延迟太离谱，仓库出完货前台还挂着，有用点个赞,"['库存同步', '延迟', '离谱', '仓库', '完货', '前台', '点个']",库存同步 延迟 离谱 仓库 完货 前台 点个,0.02,负面,价格与收费,1.0,多平台库存/超卖
R1045,小红书,2025-06-01,1.0,listing,刊登与商品管理问题,0,老用户说句公道话，Listing监控形同虚设，跟卖提醒一点不准，老板已经在问我了，同意楼上,"['说句', 'Listing', '监控', '形同虚设', '提醒', '一点', '不准', '同意', '楼上']",说句 Listing 监控 形同虚设 提醒 一点 不准 同意 楼上,0.0,负面,其他使用体验,1.0,刊登与商品
R0649,官方社区,2025-07-27,4.0,order_sync,订单漏单/同步延迟,0,老用户说句公道话，漏单遇到过两次，重跑同步就好，希望能自动重试，老板已经在问我了,"['说句', '漏单', '遇到', '两次', '重跑', '同步', '希望', '重试']",说句 漏单 遇到 两次 重跑 同步 希望 重试,0.014,负面,多平台库存/超卖,4.0,订单同步与处理
R1007,知乎,2025-06-20,5.0,praise,正向评价,0,说实话，手机端查订单看数据方便，出差也能盯店铺，同意楼上,"['说实话', '端查', '订单', '数据', '方便', '出差', '同意', '楼上']",说实话 端查 订单 数据 方便 出差 同意 楼上,0.013,负面,价格与收费,5.0,订单同步与处理
R0077,官方社区,2025-06-29,5.0,support,客服响应慢/处理周期长,0,小卖家一枚，专属客户成功经理很负责，大促前主动提醒备货压测，好评，老板已经在问我了,"['一枚', '专属', '客户', '经理', '负责', '主动', '提醒', '备货', '压测', '好评']",一枚 专属 客户 经理 负责 主动 提醒 备货 压测 好评,0.075,负面,其他使用体验,5.0,正向评价
R0444,小红书,2025-07-20,1.0,listing,刊登与商品管理问题,0,小卖家一枚，Listing监控形同虚设，跟卖提醒一点不准，买家天天催发货,"['一枚', 'Listing', '监控', '形同虚设', '提醒', '一点', '不准', '天天', '发货']",一枚 Listing 监控 形同虚设 提醒 一点 不准 天天 发货,0.002,负面,其他使用体验,1.0,刊登与商品
R0156,华为应用市场,2025-04-09,3.0,listing,刊登与商品管理问题,1,类目映射表在哪里维护？刊登总被退回,"['类目', '映射', '表在', '哪里', '维护', '刊登', '退回']",类目 映射 表在 哪里 维护 刊登 退回,0.011,负面,其他使用体验,3.0,刊登与商品
R0600,华为应用市场,2025-04-17,1.0,inventory,多平台库存不同步/超卖,0,真的服了，FBA仓和自营仓库存分开看，每次都要自己加总，大促根本不敢放量，大家注意避坑,"['FBA', '自营', '仓库', '分开', '每次', '加总']",FBA 自营 仓库 分开 每次 加总,0.003,负面,客服与工单,1.0,多平台库存/超卖
R0627,官方社区,2025-04-18,4.0,praise,正向评价,0,用了大半年，自动化规则省了一个运营人力，光这个年费就回本,"['大半年', '自动化', '运营', '人力', '年费', '回本']",大半年 自动化 运营 人力 年费 回本,0.596,中性,其他使用体验,4.0,价格与收费
R0755,官方社区,2025-04-16,1.0,listing,刊登与商品管理问题,0,Temu类目对不上，刊登被退回说属性缺失，有用点个赞,"['Temu', '类目', '对不上', '刊登', '退回', '属性', '缺失', '点个']",Temu 类目 对不上 刊登 退回 属性 缺失 点个,0.028,负面,其他使用体验,1.0,刊登与商品
R0480,官方社区,2025-05-26,2.0,order_sync,订单漏单/同步延迟,0,TikTok Shop多属性订单同步过来规格全乱，发错颜色十几次，差评警告,"['TikTok', 'Shop', '属性', '订单同步', '过来', '规格', '全乱', '发错', '颜色', '十几次', '差评', '警告']",TikTok Shop 属性 订单同步 过来 规格 全乱 发错 颜色 十几次 差评 警告,0.021,负面,客服与工单,2.0,订单同步与处理
R0101,小米应用商店,2025-06-22,1.0,stability,系统卡顿/大促不稳定,0,用了大半年，系统三天两头卡顿，订单工作台转圈半天才打开 有没有同款情况的卖家,"['大半年', '三天两头', '卡顿', '订单', '工作台', '转圈', '打开', '有没有']",大半年 三天两头 卡顿 订单 工作台 转圈 打开 有没有,0.002,负面,其他使用体验,1.0,系统稳定性
R0607,小红书,2025-04-19,1.0,inventory,多平台库存不同步/超卖,0,用了大半年，Shopee活动锁库存不同步，活动结束就超卖了，半夜还在手动补,"['大半年', 'Shopee', '库存', '同步', '结束', '超卖']",大半年 Shopee 库存 同步 结束 超卖,0.09,负面,其他使用体验,1.0,多平台库存/超卖
R0811,App Store,2025-03-25,1.0,logistics,物流单号同步慢/回传失败,0,吐槽一下，自定义物流渠道配了几十次都不生效，文档也写不清楚，买家天天催发货，有用点个赞,"['自定义', '物流', '渠道', '几十次', '生效', '文档', '清楚', '天天', '发货', '点个']",自定义 物流 渠道 几十次 生效 文档 清楚 天天 发货 点个,0.123,负面,其他使用体验,1.0,物流同步与回传
R0372,官方社区,2025-03-25,5.0,finance,对账与财务能力弱,0,旺季实测，利润看板每天自动推，老板手机上就能看赚多少,"['利润', '多少']",利润 多少,0.073,负面,客服与工单,5.0,财务对账
R0569,知乎,2025-08-16,5.0,praise,正向评价,0,打单发货一条龙，仓库效率提升明显，老板说今年再加席位，老板已经在问我了,"['打单', '发货', '一条龙', '仓库', '效率', '提升', '明显', '今年', '席位']",打单 发货 一条龙 仓库 效率 提升 明显 今年 席位,0.028,负面,其他使用体验,5.0,物流同步与回传
R0074,App Store,2025-05-28,4.0,praise,正向评价,0,真的服了，用了三年的老用户，功能全更新快，Shopee生意做大一半靠它，真心推荐,"['三年', '更新快', 'Shopee', '生意', '做大', '一半', '真心', '推荐']",三年 更新快 Shopee 生意 做大 一半 真心 推荐,0.375,负面,物流同步与回传,4.0,正向评价
R0606,App Store,2025-06-19,4.0,logistics,物流单号同步慢/回传失败,0,单号回传有延迟但能接受，希望加个回传失败自动重试，老板已经在问我了,"['单号回传', '延迟', '接受', '希望', '加个', '回传失败', '重试']",单号回传 延迟 接受 希望 加个 回传失败 重试,0.003,负面,其他使用体验,4.0,物流同步与回传
R0604,小红书,2025-08-22,4.0,pricing,价格与收费争议,0,老用户说句公道话，年付折扣可以，客服还帮忙申请了老客户优惠，老板已经在问我了,"['说句', '年付', '折扣', '客服', '帮忙', '申请', '老客户', '优惠']",说句 年付 折扣 客服 帮忙 申请 老客户 优惠,0.0,负面,物流同步与回传,4.0,客服与工单
R0132,官方社区,2025-04-24,5.0,praise,正向评价,0,客户成功团队专业，季度回访还给优化建议，不像别家收钱就消失 有没有同款情况的卖家😭,"['客户', '回访', '还给', '不像', '别家', '收钱', '有没有']",客户 回访 还给 不像 别家 收钱 有没有,0.003,负面,其他使用体验,5.0,正向评价
R0505,官方社区,2025-03-02,2.0,order_sync,订单漏单/同步延迟,0,老用户说句公道话，异常订单不标红不提醒，混在正常单里差点发错，老板已经在问我了,"['说句', '异常', '订单', '不标', '提醒', '混在', '正常', '单里', '差点', '发错']",说句 异常 订单 不标 提醒 混在 正常 单里 差点 发错,0.003,负面,价格与收费,2.0,订单同步与处理
R0556,官方社区,2025-03-13,5.0,praise,正向评价,0,老用户说句公道话，系统稳定功能扎实，换了三家ERP最后在云帆安家,"['说句', '稳定', '扎实', '三家', 'ERP', '最后', '云帆', '安家']",说句 稳定 扎实 三家 ERP 最后 云帆 安家,0.956,正面,客服与工单,5.0,正向评价
R0266,App Store,2025-06-21,4.0,support,客服响应慢/处理周期长,0,吐槽一下，客服态度还行就是专业度参差，复杂问题得等他们问技术,"['客服', '态度', '参差', '复杂', '技术']",客服 态度 参差 复杂 技术,0.02,负面,其他使用体验,4.0,客服与工单
R0830,知乎,2025-03-25,2.0,finance,对账与财务能力弱,0,小卖家一枚，利润报表算不准，头程运费和广告费分摊逻辑看不懂，大家注意避坑,"['一枚', '利润报表', '不准', '头程', '运费', '广告费', '分摊', '逻辑', '看不懂']",一枚 利润报表 不准 头程 运费 广告费 分摊 逻辑 看不懂,0.004,负面,其他使用体验,2.0,财务对账
R0434,App Store,2025-04-19,1.0,pricing,价格与收费争议,0,说实话，年费比去年贵了将近三成，功能还是那些功能,"['说实话', '年费', '去年', '近三成', '那些']",说实话 年费 去年 近三成 那些,0.804,正面,其他使用体验,1.0,价格与收费
R0572,华为应用市场,2025-08-30,2.0,finance,对账与财务能力弱,0,旺季实测，月结账单导出来格式乱七八糟，还要二次整理，大家注意避坑,"['结账', '导出来', '格式', '乱七八糟', '还要', '二次', '整理']",结账 导出来 格式 乱七八糟 还要 二次 整理,0.0,负面,其他使用体验,2.0,财务对账
R0362,App Store,2025-08-02,2.0,support,客服响应慢/处理周期长,0,客观说一句，客服响应是真的慢，工单提交半天没人理,"['客服', '响应', '工单', '提交', '人理']",客服 响应 工单 提交 人理,0.0,负面,客服与工单,2.0,客服与工单
R0732,小红书,2025-03-12,5.0,praise,正向评价,0,多店铺多平台统一管理，Temu扩店一点不慌 有没有同款情况的卖家,"['统一', '管理', 'Temu', '扩店', '一点', '有没有']",统一 管理 Temu 扩店 一点 有没有,0.158,负面,物流同步与回传,5.0,正向评价
R0807,App Store,2025-03-11,1.0,support,客服响应慢/处理周期长,0,吐槽一下，报错了找客服来回踢皮球，一天没解决,"['报错', '客服', '来回', '踢皮球', '一天', '解决']",报错 客服 来回 踢皮球 一天 解决,0.0,负面,其他使用体验,1.0,客服与工单
R0568,小红书,2025-05-09,1.0,logistics,物流单号同步慢/回传失败,0,吐槽一下，面单打出来了单号没同步到Lazada后台，订单状态一直卡着,"['单打', '单号', '同步', 'Lazada', '后台', '订单', '状态', '卡着']",单打 单号 同步 Lazada 后台 订单 状态 卡着,0.004,负面,其他使用体验,1.0,物流同步与回传
R0605,App Store,2025-08-07,5.0,praise,正向评价,0,用了三年的老用户，功能全更新快，Wish生意做大一半靠它，真心推荐，大家注意避坑,"['三年', '更新快', 'Wish', '生意', '做大', '一半', '真心', '推荐']",三年 更新快 Wish 生意 做大 一半 真心 推荐,0.132,负面,物流同步与回传,5.0,正向评价
R0288,小米应用商店,2025-06-15,5.0,inventory,多平台库存不同步/超卖,0,求助，超卖预警救了我好几次，库存一到阈值自动下架，Temu评分稳了，有用点个赞,"['超卖', '预警', '几次', '库存', '一到', '阈值', '下架', 'Temu', '评分', '点个']",超卖 预警 几次 库存 一到 阈值 下架 Temu 评分 点个,0.613,正面,多平台库存/超卖,5.0,多平台库存/超卖
R0412,小红书,2025-07-03,5.0,praise,正向评价,0,多店铺多平台统一管理，虾皮扩店一点不慌,"['统一', '管理', '虾皮', '扩店', '一点']",统一 管理 虾皮 扩店 一点,0.072,负面,物流同步与回传,5.0,正向评价
R0490,小红书,2025-05-27,2.0,order_sync,订单漏单/同步延迟,0,用了大半年，Wish订单同步漏单！月底对账发现少了十几单，细思极恐，买家天天催发货,"['大半年', 'Wish', '订单同步', '漏单', '月底', '对账', '十几', '细思极', '天天', '发货']",大半年 Wish 订单同步 漏单 月底 对账 十几 细思极 天天 发货,0.001,负面,多平台库存/超卖,2.0,订单同步与处理
R0333,华为应用市场,2025-07-01,1.0,order_sync,订单漏单/同步延迟,0,客观说一句，虾皮订单同步漏单！月底对账发现少了十几单，细思极恐，光这个每月损失不少钱，有用点个赞,"['虾皮', '订单同步', '漏单', '月底', '对账', '十几', '细思极', '点个']",虾皮 订单同步 漏单 月底 对账 十几 细思极 点个,0.0,负面,多平台库存/超卖,1.0,订单同步与处理
R0799,App Store,2025-07-08,1.0,inventory,多平台库存不同步/超卖,0,库存同步延迟太离谱，仓库出完货前台还挂着,"['库存同步', '延迟', '离谱', '仓库', '完货', '前台']",库存同步 延迟 离谱 仓库 完货 前台,0.002,负面,价格与收费,1.0,多平台库存/超卖
R0313,华为应用市场,2025-07-03,1.0,stability,系统卡顿/大促不稳定,0,说实话，手机端更夸张，查个订单能闪退半次 有没有同款情况的卖家😭,"['说实话', '夸张', '查个', '订单', '闪退', '半次', '有没有']",说实话 夸张 查个 订单 闪退 半次 有没有,0.002,负面,价格与收费,1.0,订单同步与处理
R0399,官方社区,2025-06-18,1.0,support,客服响应慢/处理周期长,0,客观说一句，客服响应是真的慢，工单提交三天没人理，光这个每月损失不少钱,"['客服', '响应', '工单', '提交', '三天', '人理']",客服 响应 工单 提交 三天 人理,0.0,负面,客服与工单,1.0,客服与工单
R0573,官方社区,2025-06-03,3.0,inventory,多平台库存不同步/超卖,0,库存同步基本准，但大促那几分钟会延迟，建议留点缓冲，老板已经在问我了,"['库存同步', '基本', '几分钟', '延迟', '留点', '缓冲']",库存同步 基本 几分钟 延迟 留点 缓冲,0.241,负面,其他使用体验,3.0,多平台库存/超卖
R0080,知乎,2025-05-10,5.0,pricing,价格与收费争议,0,说实话，算下来比雇两个录入的人便宜多了，ROI还是划算的 有没有同款情况的卖家,"['说实话', '算下来', '比雇', '两个', '录入', '便宜', 'ROI', '划算', '有没有']",说实话 算下来 比雇 两个 录入 便宜 ROI 划算 有没有,0.728,正面,物流同步与回传,5.0,正向评价
R0686,小红书,2025-08-04,1.0,pricing,价格与收费争议,0,按席位收费太贵，客服仓库就用个打单也要全价席位，大家注意避坑,"['席位', '收费', '太贵', '客服', '仓库', '用个', '打单', '全价', '席位']",席位 收费 太贵 客服 仓库 用个 打单 全价 席位,0.002,负面,价格与收费,1.0,价格与收费
R0643,App Store,2025-07-25,2.0,logistics,物流单号同步慢/回传失败,0,物流轨迹更新延迟半个小时，买家问货到哪了我比他还懵，平台扣分扣到肉疼,"['物流轨迹', '更新', '延迟', '半个', '问货到']",物流轨迹 更新 延迟 半个 问货到,0.007,负面,其他使用体验,2.0,物流同步与回传
R0529,知乎,2025-04-08,1.0,logistics,物流单号同步慢/回传失败,0,用了大半年，亚马逊订单换了跟踪号之后系统里不同步，轨迹直接断掉,"['大半年', '亚马逊', '订单', '跟踪', '同步', '轨迹', '断掉']",大半年 亚马逊 订单 跟踪 同步 轨迹 断掉,0.151,负面,客服与工单,1.0,物流同步与回传
R0723,小米应用商店,2025-06-17,5.0,praise,正向评价,0,求助，自动化规则省了一个运营人力，光这个年费就回本，大家注意避坑,"['自动化', '运营', '人力', '年费', '回本']",自动化 运营 人力 年费 回本,0.039,负面,其他使用体验,5.0,价格与收费
R0147,小米应用商店,2025-03-30,5.0,logistics,物流单号同步慢/回传失败,0,客观说一句，云帆对接的物流渠道是真的全，云途一键下单打单很顺，大家注意避坑,"['云帆', '对接', '物流', '渠道', '云途', '一键', '单打']",云帆 对接 物流 渠道 云途 一键 单打,0.132,负面,其他使用体验,5.0,物流同步与回传
R0176,小红书,2025-08-11,5.0,logistics,物流单号同步慢/回传失败,0,云帆对接的物流渠道是真的全，CNE一键下单打单很顺 有没有同款情况的卖家,"['云帆', '对接', '物流', '渠道', 'CNE', '一键', '单打', '有没有']",云帆 对接 物流 渠道 CNE 一键 单打 有没有,0.417,中性,其他使用体验,5.0,物流同步与回传
R0217,官方社区,2025-03-12,1.0,order_sync,订单漏单/同步延迟,0,真的服了，TikTok Shop订单同步漏单！月底对账发现少了十几单，细思极恐，大家注意避坑😭,"['TikTok', 'Shop', '订单同步', '漏单', '月底', '对账', '十几', '细思极']",TikTok Shop 订单同步 漏单 月底 对账 十几 细思极,0.0,负面,多平台库存/超卖,1.0,订单同步与处理
R0500,官方社区,2025-07-31,2.0,order_sync,订单漏单/同步延迟,0,说实话，黑五那几天订单堆积同步不过来，手动导单导到怀疑人生，退款退到麻木,"['说实话', '黑五', '几天', '订单', '堆积', '同步', '过来', '导单', '导到', '怀疑', '人生', '退款', '麻木']",说实话 黑五 几天 订单 堆积 同步 过来 导单 导到 怀疑 人生 退款 麻木,0.073,负面,价格与收费,2.0,订单同步与处理
R0160,小红书,2025-06-02,5.0,logistics,物流单号同步慢/回传失败,0,吐槽一下，云帆对接的物流渠道是真的全，4PX一键下单打单很顺，老板已经在问我了,"['云帆', '对接', '物流', '渠道', '4PX', '一键', '单打']",云帆 对接 物流 渠道 4PX 一键 单打,0.37,负面,其他使用体验,5.0,物流同步与回传
R0359,官方社区,2025-05-19,4.0,logistics,物流单号同步慢/回传失败,0,求助，批量打单加自动回传，旺季一天三千单也没出错，有用点个赞🤦,"['批量', '打单', '回传', '一天', '三千', '出错', '点个']",批量 打单 回传 一天 三千 出错 点个,0.197,负面,其他使用体验,4.0,物流同步与回传
R0562,官方社区,2025-08-11,3.0,finance,对账与财务能力弱,1,退款和平台罚款在利润里怎么体现？,"['退款', '罚款', '利润', '体现']",退款 罚款 利润 体现,0.042,负面,客服与工单,3.0,财务对账
R0721,小红书,2025-07-22,4.0,onboarding,上手成本高/引导不足,0,吐槽一下，刚用觉得乱用顺了还好，前两周劝退期挺过去就行！！！,"['刚用', '乱用', '还好', '两周', '劝退', '期挺', '过去', '就行']",刚用 乱用 还好 两周 劝退 期挺 过去 就行,0.087,负面,多平台库存/超卖,4.0,上手与培训
R0769,App Store,2025-08-12,5.0,logistics,物流单号同步慢/回传失败,0,用了大半年，批量打单加自动回传，旺季一天三千单也没出错,"['大半年', '批量', '打单', '回传', '一天', '三千', '出错']",大半年 批量 打单 回传 一天 三千 出错,0.108,负面,其他使用体验,5.0,物流同步与回传
R0756,小米应用商店,2025-06-13,1.0,support,客服响应慢/处理周期长,0,用了大半年，客服响应是真的慢，工单提交一天没人理,"['大半年', '客服', '响应', '工单', '提交', '一天', '人理']",大半年 客服 响应 工单 提交 一天 人理,0.0,负面,客服与工单,1.0,客服与工单
R0416,小红书,2025-07-03,1.0,stability,系统卡顿/大促不稳定,0,真的服了，更新之后bug更多，筛选器失灵数字错位，越更新越难用，大促根本不敢放量，大家注意避坑,"['更新', 'bug', '筛选', '失灵', '数字', '错位', '更新', '越难用']",更新 bug 筛选 失灵 数字 错位 更新 越难用,0.004,负面,其他使用体验,1.0,系统稳定性
R0401,小红书,2025-08-04,2.0,support,客服响应慢/处理周期长,0,小卖家一枚，客服只会让清缓存重启，明显是bug也不承认，大家注意避坑🤦,"['一枚', '客服', '只会', '缓存', '重启', '明显', 'bug', '承认']",一枚 客服 只会 缓存 重启 明显 bug 承认,0.001,负面,其他使用体验,2.0,系统稳定性
R0236,华为应用市场,2025-07-08,5.0,praise,正向评价,0,客观说一句，自动化规则省了一个运营人力，光这个年费就回本,"['自动化', '运营', '人力', '年费', '回本']",自动化 运营 人力 年费 回本,0.428,中性,其他使用体验,5.0,价格与收费
R0467,App Store,2025-08-21,1.0,logistics,物流单号同步慢/回传失败,0,老用户说句公道话，物流超时预警根本不触发，等买家投诉才知道包裹卡了，光这个每月损失不少钱服了,"['说句', '物流', '超时', '预警', '触发', '投诉', '包裹', '钱服']",说句 物流 超时 预警 触发 投诉 包裹 钱服,0.0,负面,其他使用体验,1.0,物流同步与回传
R0560,华为应用市场,2025-05-23,1.0,pricing,价格与收费争议,0,旺季实测，年费比去年贵了将近三成，功能还是那些功能，买家天天催发货,"['年费', '去年', '近三成', '那些', '天天', '发货']",年费 去年 近三成 那些 天天 发货,0.738,正面,其他使用体验,1.0,价格与收费
