customer_id,month,in_service,usage_score,login_score,ticket_score,csat_score,health,tier
C0001,2024-09-01,True,78.6,90.0,52.8,86.0,75.7,关注
C0001,2024-10-01,True,83.0,86.8,52.8,90.0,77.1,关注
C0001,2024-11-01,True,83.0,90.5,52.8,86.7,77.7,关注
C0001,2024-12-01,True,84.4,94.3,52.8,86.0,79.1,关注
C0001,2025-01-01,True,88.8,90.9,52.8,86.0,80.1,健康
C0001,2025-02-01,True,88.8,92.5,52.8,90.0,80.9,健康
C0001,2025-03-01,True,88.8,91.4,52.8,93.0,80.9,健康
C0001,2025-04-01,True,88.8,90.7,52.8,92.0,80.6,健康
C0001,2025-05-01,True,88.8,95.8,52.8,89.0,81.6,健康
C0001,2025-06-01,True,88.8,93.4,52.8,86.0,80.7,健康
C0001,2025-07-01,True,91.1,96.0,52.8,90.7,82.7,健康
C0001,2025-08-01,True,95.6,91.7,52.8,87.3,83.1,健康
C0002,2024-09-01,True,83.3,90.0,15.0,92.0,68.8,关注
C0002,2024-10-01,True,80.2,90.8,15.0,89.0,67.4,关注
C0002,2024-11-01,True,81.8,94.5,15.0,86.7,68.8,关注
C0002,2024-12-01,True,77.2,91.2,15.0,84.0,65.8,关注
C0002,2025-01-01,True,87.7,87.9,15.0,86.0,69.4,关注
C0002,2025-02-01,True,86.2,89.7,15.0,86.0,69.3,关注
C0002,2025-03-01,True,86.2,94.5,15.0,89.3,70.8,关注
C0002,2025-04-01,True,86.2,95.8,15.0,87.3,70.9,关注
C0002,2025-05-01,True,83.2,92.0,15.0,88.7,68.9,关注
C0002,2025-06-01,True,81.6,85.6,15.0,86.7,66.5,关注
C0002,2025-07-01,True,87.6,79.4,15.0,85.3,67.2,关注
C0002,2025-08-01,True,90.7,85.0,15.0,86.7,69.9,关注
C0003,2024-09-01,True,91.1,90.0,52.8,82.0,80.3,健康
C0003,2024-10-01,True,91.1,90.0,52.8,84.0,80.5,健康
C0003,2024-11-01,True,91.1,90.0,52.8,84.0,80.5,健康
C0003,2024-12-01,True,91.1,90.0,52.8,84.7,80.6,健康
C0003,2025-01-01,True,91.1,90.0,52.8,84.7,80.6,健康
C0003,2025-02-01,True,87.4,87.3,52.8,86.0,78.6,关注
C0003,2025-03-01,True,91.1,87.3,52.8,85.0,80.0,健康
C0003,2025-04-01,False,4.7,47.9,52.8,85.0,35.6,高风险
C0003,2025-05-01,False,0.0,14.1,52.8,84.0,25.1,高风险
C0003,2025-06-01,False,0.0,10.0,52.8,80.0,23.7,高风险
C0003,2025-07-01,False,0.0,10.0,52.8,80.0,23.7,高风险
C0003,2025-08-01,False,0.0,10.0,52.8,80.0,23.7,高风险
C0004,2024-09-01,True,76.7,90.0,52.8,80.0,74.4,关注
C0004,2024-10-01,True,76.7,91.5,52.8,100.0,76.7,关注
C0004,2024-11-01,True,76.7,93.0,52.8,100.0,77.1,关注
C0004,2024-12-01,True,76.7,90.0,52.8,100.0,76.4,关注
C0004,2025-01-01,True,76.7,90.0,52.8,93.0,75.7,关注
C0004,2025-02-01,True,81.1,85.4,52.8,86.0,75.6,关注
C0004,2025-03-01,True,91.1,94.0,52.8,88.0,81.9,健康
C0004,2025-04-01,True,91.1,99.7,52.8,86.0,83.2,健康
C0004,2025-05-01,True,81.1,100.0,52.8,86.0,79.2,关注
C0004,2025-06-01,True,91.1,100.0,52.8,85.0,83.1,健康
C0004,2025-07-01,True,95.6,98.0,52.8,88.0,84.7,健康
C0004,2025-08-01,True,91.1,90.8,52.8,86.7,81.0,健康
C0005,2024-09-01,True,81.9,90.0,15.0,86.0,67.6,关注
C0005,2024-10-01,True,80.6,82.3,15.0,84.0,65.0,关注
C0005,2024-11-01,True,80.6,81.4,15.0,86.7,65.0,关注
C0005,2024-12-01,True,85.1,91.4,15.0,87.0,69.3,关注
C0005,2025-01-01,True,82.4,91.7,15.0,88.0,68.4,关注
C0005,2025-02-01,True,82.4,91.3,15.0,89.3,68.5,关注
C0005,2025-03-01,True,85.1,89.6,15.0,89.3,69.1,关注
C0005,2025-04-01,True,89.5,88.4,15.0,87.3,70.4,关注
C0005,2025-05-01,True,89.0,94.3,15.0,88.0,71.7,关注
C0005,2025-06-01,True,89.5,96.0,15.0,88.0,72.4,关注
C0005,2025-07-01,True,92.1,95.4,15.0,87.3,73.2,关注
C0005,2025-08-01,True,92.1,89.8,15.0,84.7,71.5,关注
C0006,2024-09-01,True,85.0,90.0,52.8,80.0,77.7,关注
C0006,2024-10-01,True,80.8,91.5,52.8,80.0,76.4,关注
C0006,2024-11-01,True,89.4,92.0,52.8,78.0,79.8,关注
C0006,2024-12-01,True,85.3,90.9,52.8,79.0,77.9,关注
C0006,2025-01-01,True,80.8,89.2,52.8,85.3,76.4,关注
C0006,2025-02-01,True,89.4,90.8,52.8,87.3,80.4,健康
C0006,2025-03-01,True,89.4,90.8,52.8,90.7,80.7,健康
C0006,2025-04-01,True,89.4,96.0,52.8,86.0,81.6,健康
C0006,2025-05-01,True,89.4,93.3,52.8,87.3,81.0,健康
C0006,2025-06-01,True,85.3,87.5,52.8,85.3,77.7,关注
C0006,2025-07-01,True,89.4,87.1,52.8,88.0,79.5,关注
C0006,2025-08-01,True,93.9,85.2,52.8,89.3,81.0,健康
C0007,2024-09-01,True,88.8,90.0,52.8,80.0,79.2,关注
C0007,2024-10-01,True,88.8,90.0,52.8,80.0,79.2,关注
C0007,2024-11-01,True,91.1,93.3,52.8,84.0,81.4,健康
C0007,2024-12-01,True,88.8,92.5,52.8,85.0,80.3,健康
C0007,2025-01-01,True,88.8,88.5,52.8,86.7,79.5,关注
C0007,2025-02-01,True,46.6,60.1,52.8,82.7,55.1,高风险
C0007,2025-03-01,True,36.4,28.4,52.8,72.7,42.1,高风险
C0007,2025-04-01,True,42.2,10.0,52.8,65.3,39.1,高风险
C0007,2025-05-01,True,71.5,32.4,52.8,62.0,56.1,高风险
C0007,2025-06-01,True,78.6,100.0,52.8,68.0,76.4,关注
C0007,2025-07-01,True,84.4,100.0,52.8,80.0,79.9,关注
C0007,2025-08-01,True,91.1,100.0,52.8,84.0,83.0,健康
C0008,2024-09-01,True,91.1,90.0,52.8,80.0,80.1,健康
C0008,2024-10-01,True,82.9,82.0,52.8,84.0,75.3,关注
C0008,2024-11-01,True,82.9,78.1,52.8,83.0,74.2,关注
C0008,2024-12-01,True,72.2,79.8,52.8,83.0,70.3,关注
C0008,2025-01-01,True,72.2,79.2,52.8,83.0,70.2,关注
C0008,2025-02-01,True,55.3,53.4,52.8,80.0,56.7,高风险
C0008,2025-03-01,True,61.5,54.7,52.8,70.0,58.5,高风险
C0008,2025-04-01,True,44.6,44.3,52.8,69.0,49.0,高风险
C0008,2025-05-01,True,44.6,49.9,52.8,68.7,50.4,高风险
C0008,2025-06-01,True,40.1,43.0,52.8,68.0,46.8,高风险
C0008,2025-07-01,True,33.9,49.9,52.8,64.0,45.6,高风险
C0008,2025-08-01,False,6.2,25.7,52.8,60.0,28.1,高风险
C0009,2024-09-01,True,79.5,90.0,15.0,96.0,67.6,关注
C0009,2024-10-01,True,82.9,86.5,15.0,94.0,67.9,关注
C0009,2024-11-01,True,80.8,83.0,15.0,92.0,66.0,关注
C0009,2024-12-01,True,80.5,89.3,15.0,91.0,67.4,关注
C0009,2025-01-01,True,81.6,92.8,15.0,91.2,68.7,关注
C0009,2025-02-01,True,85.0,94.4,15.0,88.0,70.2,关注
C0009,2025-03-01,True,87.1,89.7,15.0,88.0,69.8,关注
C0009,2025-04-01,True,88.2,91.0,15.0,84.0,70.2,关注
C0009,2025-05-01,True,88.2,94.3,15.0,84.0,71.0,关注
C0009,2025-06-01,True,91.5,99.5,15.0,83.3,73.6,关注
C0009,2025-07-01,True,90.5,96.6,15.0,81.3,72.2,关注
C0009,2025-08-01,True,94.7,85.5,15.0,83.3,71.3,关注
C0010,2024-09-01,True,81.2,90.0,15.0,96.0,68.3,关注
C0010,2024-10-01,True,82.9,96.7,15.0,93.0,70.4,关注
C0010,2024-11-01,True,82.9,98.4,15.0,92.0,70.7,关注
C0010,2024-12-01,True,85.7,90.5,15.0,87.5,69.4,关注
C0010,2025-01-01,True,85.7,87.3,52.8,88.4,78.1,关注
C0010,2025-02-01,True,85.7,85.9,52.8,83.0,77.2,关注
C0010,2025-03-01,True,87.4,85.6,52.8,88.0,78.3,关注
C0010,2025-04-01,True,84.0,87.9,52.8,88.0,77.6,关注
C0010,2025-05-01,True,84.0,81.4,15.0,87.3,66.4,关注
C0010,2025-06-01,True,85.7,78.3,15.0,88.7,66.5,关注
C0010,2025-07-01,True,90.1,85.2,15.0,87.0,69.8,关注
C0010,2025-08-01,True,88.4,100.0,52.8,86.0,82.2,健康
C0011,2024-09-01,True,71.7,90.0,52.8,80.0,72.4,关注
C0011,2024-10-01,True,86.7,98.7,52.8,80.0,80.6,健康
C0011,2024-11-01,True,86.7,100.0,52.8,80.0,80.9,健康
C0011,2024-12-01,True,86.7,100.0,52.8,88.0,81.7,健康
C0011,2025-01-01,True,76.1,89.3,52.8,88.0,74.8,关注
C0011,2025-02-01,True,91.1,96.6,52.8,88.0,82.6,健康
C0011,2025-03-01,True,91.1,86.9,52.8,80.0,79.4,关注
C0011,2025-04-01,True,91.1,100.0,52.8,80.0,82.6,健康
C0011,2025-05-01,True,91.1,100.0,52.8,80.0,82.6,健康
C0011,2025-06-01,True,95.6,98.1,52.8,80.0,83.9,健康
C0011,2025-07-01,True,95.6,87.2,52.8,80.0,81.2,健康
C0011,2025-08-01,True,95.6,90.6,52.8,86.0,82.7,健康
C0012,2024-09-01,True,80.2,90.0,52.8,80.0,75.8,关注
C0012,2024-10-01,True,84.7,92.3,52.8,86.0,78.8,关注
C0012,2024-11-01,True,84.7,92.3,52.8,84.0,78.6,关注
C0012,2024-12-01,True,84.7,86.7,52.8,80.7,76.8,关注
C0012,2025-01-01,True,80.2,89.5,52.8,80.7,75.7,关注
C0012,2025-02-01,True,84.7,89.1,52.8,84.0,77.8,关注
C0012,2025-03-01,True,91.1,100.0,52.8,92.0,83.8,健康
C0012,2025-04-01,True,89.1,96.1,52.8,90.0,81.9,健康
C0012,2025-05-01,True,95.6,100.0,52.8,88.0,85.2,健康
C0012,2025-06-01,True,89.1,86.8,52.8,81.0,78.6,关注
C0012,2025-07-01,True,91.1,92.9,52.8,79.0,80.8,健康
C0012,2025-08-01,False,10.7,40.8,52.8,79.0,35.6,高风险
C0013,2024-09-01,True,88.8,90.0,52.8,84.0,79.6,关注
C0013,2024-10-01,True,82.9,86.2,52.8,84.0,76.3,关注
C0013,2024-11-01,True,77.1,79.8,52.8,83.3,72.3,关注
C0013,2024-12-01,True,72.7,79.0,52.8,82.5,70.3,关注
C0013,2025-01-01,True,68.4,80.1,15.0,80.8,59.2,高风险
C0013,2025-02-01,True,62.5,60.8,15.0,76.0,51.5,高风险
C0013,2025-03-01,True,58.2,57.8,15.0,73.3,48.8,高风险
C0013,2025-04-01,True,47.9,55.3,15.0,74.0,44.1,高风险
C0013,2025-05-01,True,46.5,49.3,15.0,72.7,42.0,高风险
C0013,2025-06-01,True,34.9,43.3,15.0,73.0,35.8,高风险
C0013,2025-07-01,True,32.0,39.6,15.0,68.0,33.2,高风险
C0013,2025-08-01,False,1.4,18.7,15.0,66.0,15.6,高风险
C0014,2024-09-01,True,79.4,90.0,52.8,94.0,76.8,关注
C0014,2024-10-01,True,81.4,81.5,52.8,94.0,75.5,关注
C0014,2024-11-01,True,81.4,81.5,52.8,94.0,75.5,关注
C0014,2024-12-01,True,79.8,88.8,52.8,90.0,76.3,关注
C0014,2025-01-01,True,87.9,92.5,52.8,90.0,80.5,健康
C0014,2025-02-01,True,89.9,98.0,52.8,78.0,81.5,健康
C0014,2025-03-01,True,89.9,100.0,52.8,77.0,81.9,健康
C0014,2025-04-01,True,89.9,97.4,52.8,77.0,81.2,健康
C0014,2025-05-01,True,95.6,97.3,52.8,88.0,84.5,健康
C0014,2025-06-01,True,91.1,94.4,52.8,85.0,81.8,健康
C0014,2025-07-01,True,95.6,95.0,52.8,85.0,83.7,健康
C0014,2025-08-01,True,95.6,91.9,52.8,84.0,82.8,健康
C0015,2024-09-01,True,82.9,90.0,52.8,86.0,77.5,关注
C0015,2024-10-01,True,79.8,86.8,52.8,86.0,75.4,关注
C0015,2024-11-01,True,87.4,87.9,52.8,86.7,78.8,关注
C0015,2024-12-01,True,86.0,92.8,52.8,86.0,79.4,关注
C0015,2025-01-01,True,82.9,91.9,52.8,86.0,77.9,关注
C0015,2025-02-01,True,66.0,73.8,52.8,83.3,66.4,关注
C0015,2025-03-01,True,36.5,36.9,52.8,80.0,45.0,高风险
C0015,2025-04-01,True,22.7,10.0,52.8,75.3,32.3,高风险
C0015,2025-05-01,True,12.0,10.0,52.8,70.0,27.5,高风险
C0015,2025-06-01,True,4.4,10.0,52.8,65.3,24.0,高风险
C0015,2025-07-01,True,0.0,10.0,15.0,59.3,12.2,高风险
C0015,2025-08-01,True,0.0,10.0,15.0,54.7,11.7,高风险
C0016,2024-09-01,True,76.7,90.0,52.8,80.0,74.4,关注
C0016,2024-10-01,True,76.7,98.5,52.8,80.0,76.5,关注
C0016,2024-11-01,True,86.7,100.0,52.8,80.0,80.9,健康
C0016,2024-12-01,True,91.1,97.4,52.8,80.0,82.0,健康
C0016,2025-01-01,True,91.1,93.1,52.8,80.0,80.9,健康
C0016,2025-02-01,True,81.1,88.6,52.8,92.0,77.0,关注
C0016,2025-03-01,True,81.1,75.1,52.8,92.0,73.6,关注
C0016,2025-04-01,True,81.1,61.2,52.8,93.0,70.2,关注
C0016,2025-05-01,True,81.1,72.6,52.8,94.0,73.2,关注
C0016,2025-06-01,True,91.1,94.0,52.8,85.0,81.6,健康
C0016,2025-07-01,True,85.6,100.0,52.8,81.0,80.5,健康
C0016,2025-08-01,True,95.6,100.0,52.8,81.0,84.5,健康
C0017,2024-09-01,True,79.5,90.0,15.0,88.0,66.9,关注
C0017,2024-10-01,True,84.0,88.2,15.0,85.0,67.9,关注
C0017,2024-11-01,True,84.0,85.9,15.0,86.7,67.5,关注
C0017,2024-12-01,True,84.0,88.0,52.8,86.7,77.4,关注
C0017,2025-01-01,True,84.6,93.3,15.0,86.0,69.5,关注
C0017,2025-02-01,True,89.1,99.4,15.0,87.0,72.9,关注
C0017,2025-03-01,True,85.7,99.1,15.0,88.7,71.6,关注
C0017,2025-04-01,True,85.7,93.0,15.0,90.7,70.3,关注
C0017,2025-05-01,True,91.8,80.4,52.8,91.3,79.2,关注
C0017,2025-06-01,True,91.8,85.1,52.8,92.0,80.4,健康
C0017,2025-07-01,True,88.4,81.2,52.8,89.3,77.8,关注
C0017,2025-08-01,True,90.1,93.9,15.0,86.7,71.9,关注
C0018,2024-09-01,True,79.2,90.0,52.8,88.0,76.2,关注
C0018,2024-10-01,True,79.2,90.0,52.8,88.0,76.2,关注
C0018,2024-11-01,True,86.7,94.8,52.8,88.0,80.4,健康
C0018,2024-12-01,True,79.2,93.6,52.8,85.3,76.8,关注
C0018,2025-01-01,True,79.2,87.9,52.8,85.0,75.3,关注
C0018,2025-02-01,True,67.2,67.3,52.8,82.0,65.1,关注
C0018,2025-03-01,True,44.7,37.7,52.8,77.0,48.2,高风险
C0018,2025-04-01,True,28.3,10.0,52.8,70.0,34.0,高风险
C0018,2025-05-01,True,20.8,10.0,52.8,68.0,30.8,高风险
C0018,2025-06-01,True,4.4,10.0,52.8,65.0,24.0,高风险
C0018,2025-07-01,False,7.5,10.0,52.8,65.0,25.2,高风险
C0018,2025-08-01,False,0.0,10.0,52.8,64.0,22.1,高风险
C0019,2024-09-01,True,81.1,90.0,52.8,94.0,77.5,关注
C0019,2024-10-01,True,78.1,77.7,52.8,91.0,73.0,关注
C0019,2024-11-01,True,84.1,81.7,52.8,94.0,76.6,关注
C0019,2024-12-01,True,84.1,94.2,15.0,95.5,70.5,关注
C0019,2025-01-01,True,85.5,92.0,52.8,94.0,79.8,关注
C0019,2025-02-01,True,84.1,93.9,52.8,90.7,79.4,关注
C0019,2025-03-01,True,82.6,94.4,15.0,87.3,69.1,关注
C0019,2025-04-01,True,82.6,81.3,52.8,89.3,75.5,关注
C0019,2025-05-01,True,81.1,81.0,15.0,94.0,65.9,关注
C0019,2025-06-01,True,88.5,83.0,15.0,96.0,69.5,关注
C0019,2025-07-01,True,85.6,89.4,15.0,96.0,69.9,关注
C0019,2025-08-01,True,87.0,88.3,52.8,90.7,79.2,关注
C0020,2024-09-01,True,79.4,90.0,15.0,84.0,66.4,关注
C0020,2024-10-01,True,79.4,93.2,15.0,84.0,67.2,关注
C0020,2024-11-01,True,81.4,95.0,15.0,84.0,68.5,关注
C0020,2024-12-01,True,89.9,90.7,52.8,88.0,80.6,健康
C0020,2025-01-01,True,83.8,87.1,52.8,90.0,77.5,关注
C0020,2025-02-01,True,85.8,81.9,52.8,93.0,77.3,关注
C0020,2025-03-01,True,89.9,83.7,52.8,92.0,79.3,关注
C0020,2025-04-01,True,83.8,91.5,15.0,95.0,69.6,关注
C0020,2025-05-01,True,94.3,97.0,15.0,90.0,74.7,关注
C0020,2025-06-01,True,90.3,89.6,15.0,90.0,71.3,关注
C0020,2025-07-01,True,89.9,84.2,52.8,87.3,78.9,关注
C0020,2025-08-01,True,90.3,84.2,52.8,89.3,79.3,关注
C0021,2024-09-01,True,79.2,90.0,15.0,92.0,67.1,关注
C0021,2024-10-01,True,81.0,85.9,15.0,92.0,66.9,关注
C0021,2024-11-01,True,82.9,89.1,15.0,88.0,68.0,关注
C0021,2024-12-01,True,89.2,95.5,15.0,88.0,72.1,关注
C0021,2025-01-01,True,89.2,94.5,15.0,90.7,72.1,关注
C0021,2025-02-01,True,85.5,95.4,15.0,89.0,70.7,关注
C0021,2025-03-01,True,91.1,92.3,15.0,88.7,72.1,关注
C0021,2025-04-01,True,91.1,89.9,15.0,87.3,71.4,关注
C0021,2025-05-01,True,87.4,100.0,15.0,92.0,72.9,关注
C0021,2025-06-01,True,91.1,100.0,15.0,92.7,74.5,关注
C0021,2025-07-01,True,91.1,97.1,15.0,93.0,73.8,关注
C0021,2025-08-01,True,89.2,85.9,15.0,91.0,70.0,关注
C0022,2024-09-01,True,81.2,90.0,52.8,80.0,76.2,关注
C0022,2024-10-01,True,85.7,91.9,52.8,80.0,78.4,关注
C0022,2024-11-01,True,74.4,89.3,52.8,98.0,75.1,关注
C0022,2024-12-01,True,85.7,89.5,52.8,94.0,79.2,关注
C0022,2025-01-01,True,85.7,94.0,52.8,94.0,80.4,健康
C0022,2025-02-01,True,85.7,100.0,52.8,89.0,81.4,健康
C0022,2025-03-01,True,78.8,91.2,52.8,90.0,76.5,关注
C0022,2025-04-01,True,85.7,86.5,52.8,90.0,78.1,关注
C0022,2025-05-01,True,91.1,80.8,52.8,92.0,79.1,关注
C0022,2025-06-01,True,90.1,93.6,52.8,80.0,80.6,健康
C0022,2025-07-01,True,85.7,96.1,52.8,79.0,79.4,关注
C0022,2025-08-01,True,85.7,86.4,52.8,81.3,77.2,关注
C0023,2024-09-01,True,91.1,90.0,52.8,80.0,80.1,健康
C0023,2024-10-01,True,91.1,90.0,52.8,86.0,80.7,健康
C0023,2024-11-01,True,91.1,88.7,52.8,85.0,80.3,健康
C0023,2024-12-01,True,85.3,81.4,15.0,85.0,66.7,关注
C0023,2025-01-01,True,76.9,75.5,15.0,78.7,61.3,关注
C0023,2025-02-01,True,72.8,48.8,15.0,63.0,51.4,高风险
C0023,2025-03-01,True,74.9,51.7,15.0,63.0,52.9,高风险
C0023,2025-04-01,True,76.9,68.1,15.0,60.0,57.6,高风险
C0023,2025-05-01,True,79.0,98.6,15.0,82.0,68.2,关注
C0023,2025-06-01,True,81.1,100.0,15.0,81.0,69.3,关注
C0023,2025-07-01,True,83.2,100.0,15.0,81.3,70.2,关注
C0023,2025-08-01,True,83.2,100.0,15.0,81.3,70.2,关注
C0024,2024-09-01,True,79.2,90.0,52.8,80.0,75.4,关注
C0024,2024-10-01,True,83.6,82.5,52.8,80.0,75.3,关注
C0024,2024-11-01,True,79.2,86.2,52.8,80.0,74.4,关注
C0024,2024-12-01,True,83.6,92.6,52.8,72.0,77.0,关注
C0024,2025-01-01,True,95.6,90.0,52.8,72.0,81.1,健康
C0024,2025-02-01,True,79.2,92.8,52.8,72.0,75.3,关注
C0024,2025-03-01,True,91.1,100.0,52.8,82.0,82.8,健康
C0024,2025-04-01,True,83.6,97.6,52.8,83.0,79.3,关注
C0024,2025-05-01,True,83.6,96.5,52.8,83.3,79.1,关注
C0024,2025-06-01,True,91.1,90.0,52.8,83.3,80.5,健康
C0024,2025-07-01,True,88.1,83.5,52.8,83.0,77.6,关注
C0024,2025-08-01,True,95.6,86.4,52.8,87.0,81.7,健康
C0025,2024-09-01,True,80.2,90.0,52.8,92.0,77.0,关注
C0025,2024-10-01,True,80.2,80.9,52.8,90.0,74.5,关注
C0025,2024-11-01,True,84.7,88.6,52.8,89.3,78.2,关注
C0025,2024-12-01,True,90.0,98.7,52.8,87.0,82.6,健康
C0025,2025-01-01,True,84.7,93.8,52.8,87.0,79.2,关注
C0025,2025-02-01,True,84.7,93.8,52.8,88.0,79.3,关注
C0025,2025-03-01,True,84.7,89.2,52.8,96.0,79.0,关注
C0025,2025-04-01,True,84.7,70.3,52.8,91.0,73.8,关注
C0025,2025-05-01,True,84.7,80.9,52.8,85.0,75.8,关注
C0025,2025-06-01,True,90.0,87.2,52.8,89.3,80.0,健康
C0025,2025-07-01,True,89.1,99.4,52.8,94.0,83.1,健康
C0025,2025-08-01,True,89.1,91.5,52.8,99.0,81.6,健康
C0026,2024-09-01,True,75.2,90.0,52.8,84.0,74.2,关注
C0026,2024-10-01,True,84.1,97.7,52.8,92.0,80.4,健康
C0026,2024-11-01,True,79.6,99.6,52.8,90.0,78.9,关注
C0026,2024-12-01,True,88.5,92.9,52.8,89.0,80.7,健康
C0026,2025-01-01,True,88.5,92.8,52.8,89.2,80.7,健康
C0026,2025-02-01,True,84.1,97.9,52.8,88.0,80.1,健康
C0026,2025-03-01,True,88.5,93.1,52.8,90.0,80.9,健康
C0026,2025-04-01,True,79.6,85.8,52.8,88.0,75.3,关注
C0026,2025-05-01,True,88.5,79.9,52.8,88.0,77.4,关注
C0026,2025-06-01,True,88.5,82.1,52.8,88.0,77.9,关注
C0026,2025-07-01,True,92.9,90.0,52.8,88.0,81.7,健康
C0026,2025-08-01,True,88.5,96.8,52.8,89.3,81.7,健康
C0027,2024-09-01,True,86.0,90.0,15.0,92.0,69.9,关注
C0027,2024-10-01,True,80.2,88.6,15.0,91.0,67.1,关注
C0027,2024-11-01,True,78.9,87.1,15.0,91.0,66.2,关注
C0027,2024-12-01,True,84.7,88.6,15.0,88.7,68.6,关注
C0027,2025-01-01,True,82.9,91.0,15.0,88.0,68.5,关注
C0027,2025-02-01,True,85.6,95.0,15.0,84.7,70.2,关注
C0027,2025-03-01,True,81.6,96.7,15.0,86.0,69.2,关注
C0027,2025-04-01,True,69.1,76.2,15.0,84.7,58.9,高风险
C0027,2025-05-01,False,1.3,29.8,15.0,85.0,20.2,高风险
C0027,2025-06-01,False,0.0,10.0,15.0,82.0,14.4,高风险
C0027,2025-07-01,False,0.0,10.0,15.0,80.0,14.2,高风险
C0027,2025-08-01,False,0.0,10.0,15.0,80.0,14.2,高风险
C0028,2024-09-01,True,89.4,90.0,52.8,88.0,80.3,健康
C0028,2024-10-01,True,80.8,83.5,52.8,86.0,75.0,关注
C0028,2024-11-01,True,80.8,80.0,52.8,84.7,74.0,关注
C0028,2024-12-01,True,72.2,81.3,52.8,84.0,70.8,关注
C0028,2025-01-01,True,68.1,79.3,52.8,82.4,68.5,关注
C0028,2025-02-01,True,59.4,57.3,52.8,77.3,59.0,高风险
C0028,2025-03-01,True,59.4,55.8,52.8,75.0,58.4,高风险
C0028,2025-04-01,True,50.8,54.0,52.8,74.0,54.4,高风险
C0028,2025-05-01,True,46.7,55.1,52.8,68.0,52.4,高风险
C0028,2025-06-01,True,38.1,49.9,52.8,68.0,47.7,高风险
C0028,2025-07-01,True,33.9,43.7,52.8,66.7,44.3,高风险
C0028,2025-08-01,False,4.2,21.2,52.8,66.0,26.8,高风险
C0029,2024-09-01,True,85.0,90.0,52.8,88.0,78.5,关注
C0029,2024-10-01,True,85.0,87.1,52.8,88.0,77.8,关注
C0029,2024-11-01,True,81.1,80.3,52.8,88.0,74.5,关注
C0029,2024-12-01,True,81.1,79.5,52.8,88.0,74.3,关注
C0029,2025-01-01,True,89.4,85.7,52.8,88.0,79.2,关注
C0029,2025-02-01,True,89.4,78.9,52.8,88.0,77.5,关注
C0029,2025-03-01,True,89.4,90.5,52.8,96.0,81.2,健康
C0029,2025-04-01,True,81.1,91.0,52.8,96.0,78.0,关注
C0029,2025-05-01,True,89.4,88.8,52.8,96.0,80.8,健康
C0029,2025-06-01,True,85.6,80.3,52.8,94.0,76.9,关注
C0029,2025-07-01,True,85.6,83.0,52.8,92.0,77.4,关注
C0029,2025-08-01,True,93.9,88.8,52.8,92.0,82.2,健康
C0030,2024-09-01,True,80.3,90.0,15.0,82.0,66.6,关注
C0030,2024-10-01,True,79.7,91.4,15.0,85.0,67.0,关注
C0030,2024-11-01,True,84.8,92.7,15.0,86.0,69.4,关注
C0030,2024-12-01,True,85.3,91.4,15.0,87.5,69.5,关注
C0030,2025-01-01,True,81.3,88.1,15.0,86.8,67.0,关注
C0030,2025-02-01,True,85.9,89.7,15.0,84.7,69.0,关注
C0030,2025-03-01,True,84.2,88.8,15.0,81.3,67.7,关注
C0030,2025-04-01,True,88.2,95.5,15.0,80.7,71.0,关注
C0030,2025-05-01,True,86.5,92.5,15.0,83.3,69.8,关注
C0030,2025-06-01,True,87.6,94.7,15.0,88.7,71.4,关注
C0030,2025-07-01,True,87.5,92.5,15.0,90.0,70.9,关注
C0030,2025-08-01,True,84.2,93.8,15.0,90.7,70.0,关注
C0031,2024-09-01,True,86.0,90.0,15.0,80.0,68.7,关注
C0031,2024-10-01,True,78.4,89.1,15.0,79.0,65.3,关注
C0031,2024-11-01,True,82.7,93.2,15.0,84.0,68.5,关注
C0031,2024-12-01,True,85.0,91.5,15.0,84.0,69.0,关注
C0031,2025-01-01,True,83.9,87.7,15.0,86.8,67.9,关注
C0031,2025-02-01,True,86.0,91.3,15.0,90.7,70.0,关注
C0031,2025-03-01,True,86.0,100.0,15.0,92.0,72.4,关注
C0031,2025-04-01,True,86.0,99.1,15.0,86.0,71.5,关注
C0031,2025-05-01,True,89.2,92.8,15.0,88.0,71.4,关注
C0031,2025-06-01,True,90.5,84.2,15.0,88.0,69.8,关注
C0031,2025-07-01,True,91.1,83.9,15.0,89.3,70.1,关注
C0031,2025-08-01,True,89.4,91.2,15.0,87.3,71.0,关注
C0032,2024-09-01,True,87.7,90.0,15.0,80.0,69.3,关注
C0032,2024-10-01,True,78.0,74.0,15.0,82.0,61.6,关注
C0032,2024-11-01,True,85.1,71.6,15.0,84.0,64.1,关注
C0032,2024-12-01,True,78.0,85.5,15.0,84.0,64.7,关注
C0032,2025-01-01,True,89.0,89.8,15.0,82.0,70.0,关注
C0032,2025-02-01,True,86.4,89.9,15.0,82.0,69.0,关注
C0032,2025-03-01,True,85.1,98.2,15.0,84.7,70.8,关注
C0032,2025-04-01,True,87.7,94.4,15.0,88.7,71.3,关注
C0032,2025-05-01,True,89.5,89.4,15.0,92.0,71.1,关注
C0032,2025-06-01,True,89.5,92.3,15.0,94.7,72.1,关注
C0032,2025-07-01,True,85.1,86.3,15.0,98.0,69.1,关注
C0032,2025-08-01,True,90.8,93.4,15.0,97.0,73.1,关注
C0033,2024-09-01,True,82.9,90.0,52.8,80.0,76.9,关注
C0033,2024-10-01,True,82.9,84.4,52.8,100.0,77.5,关注
C0033,2024-11-01,True,78.0,79.5,52.8,100.0,74.3,关注
C0033,2024-12-01,True,87.4,87.6,52.8,91.0,79.1,关注
C0033,2025-01-01,True,87.4,92.2,52.8,91.3,80.3,健康
C0033,2025-02-01,True,87.4,95.8,52.8,87.0,80.8,健康
C0033,2025-03-01,True,87.4,92.3,52.8,92.0,80.4,健康
C0033,2025-04-01,True,87.4,95.8,52.8,88.0,80.9,健康
C0033,2025-05-01,True,87.4,91.6,52.8,88.0,79.9,关注
C0033,2025-06-01,True,87.4,94.5,52.8,88.0,80.6,健康
C0033,2025-07-01,True,91.8,90.0,52.8,90.0,81.4,健康
C0033,2025-08-01,True,91.8,88.1,52.8,93.0,81.2,健康
C0034,2024-09-01,True,80.5,90.0,52.8,92.0,77.1,关注
C0034,2024-10-01,True,78.8,90.5,52.8,88.0,76.2,关注
C0034,2024-11-01,True,82.1,91.1,52.8,88.7,77.7,关注
C0034,2024-12-01,True,86.5,90.0,15.0,89.5,69.8,关注
C0034,2025-01-01,True,86.5,90.1,15.0,88.0,69.7,关注
C0034,2025-02-01,True,86.5,88.1,15.0,85.3,68.9,关注
C0034,2025-03-01,True,84.9,90.6,15.0,83.3,68.7,关注
C0034,2025-04-01,True,83.3,84.7,15.0,82.7,66.5,关注
C0034,2025-05-01,True,83.3,90.0,15.0,84.7,68.0,关注
C0034,2025-06-01,True,88.2,88.2,15.0,86.0,69.7,关注
C0034,2025-07-01,True,86.5,98.9,15.0,88.0,71.9,关注
C0034,2025-08-01,True,87.7,92.3,52.8,90.7,80.4,健康
C0035,2024-09-01,True,80.2,90.0,15.0,78.0,66.1,关注
C0035,2024-10-01,True,82.4,95.8,15.0,81.0,68.7,关注
C0035,2024-11-01,True,84.5,97.6,15.0,81.0,70.1,关注
C0035,2024-12-01,True,82.4,93.4,52.8,81.3,77.6,关注
C0035,2025-01-01,True,86.8,90.5,52.8,82.0,78.8,关注
C0035,2025-02-01,True,89.0,93.7,52.8,83.3,80.5,健康
C0035,2025-03-01,True,84.7,87.9,52.8,84.0,77.5,关注
C0035,2025-04-01,True,84.7,93.9,52.8,84.0,79.0,关注
C0035,2025-05-01,True,91.3,89.1,52.8,80.0,80.0,健康
C0035,2025-06-01,True,91.3,90.4,52.8,92.0,81.5,健康
C0035,2025-07-01,True,84.7,85.3,52.8,90.0,77.4,关注
C0035,2025-08-01,True,89.1,92.1,52.8,87.3,80.6,健康
C0036,2024-09-01,True,91.1,90.0,15.0,86.0,71.3,关注
C0036,2024-10-01,True,82.8,82.6,15.0,85.0,66.0,关注
C0036,2024-11-01,True,80.9,77.7,15.0,84.7,64.0,关注
C0036,2024-12-01,True,71.6,78.8,15.0,84.7,60.6,关注
C0036,2025-01-01,True,68.6,78.1,15.0,83.0,59.0,高风险
C0036,2025-02-01,True,58.0,53.8,15.0,77.0,48.1,高风险
C0036,2025-03-01,True,52.5,49.9,15.0,77.0,45.0,高风险
C0036,2025-04-01,True,49.3,47.0,15.0,75.0,42.7,高风险
C0036,2025-05-01,False,0.6,25.5,15.0,74.0,17.8,高风险
C0036,2025-06-01,False,0.0,10.0,15.0,74.0,13.6,高风险
C0036,2025-07-01,False,0.0,10.0,15.0,80.0,14.2,高风险
C0036,2025-08-01,False,0.0,10.0,15.0,80.0,14.2,高风险
C0037,2024-09-01,True,82.4,90.0,15.0,84.0,67.6,关注
C0037,2024-10-01,True,82.4,87.0,15.0,91.0,67.6,关注
C0037,2024-11-01,True,76.7,80.2,15.0,89.3,63.4,关注
C0037,2024-12-01,True,86.9,87.3,15.0,87.5,69.1,关注
C0037,2025-01-01,True,85.0,93.3,15.0,87.6,69.8,关注
C0037,2025-02-01,True,86.9,96.9,15.0,87.3,71.5,关注
C0037,2025-03-01,True,83.0,87.4,15.0,89.3,67.8,关注
C0037,2025-04-01,True,83.0,89.8,15.0,92.0,68.6,关注
C0037,2025-05-01,True,88.8,84.0,15.0,92.0,69.5,关注
C0037,2025-06-01,True,87.5,89.0,15.0,90.7,70.1,关注
C0037,2025-07-01,True,91.3,86.2,15.0,86.7,70.5,关注
C0037,2025-08-01,True,89.4,87.6,15.0,84.7,69.9,关注
C0038,2024-09-01,True,84.0,90.0,15.0,88.0,68.7,关注
C0038,2024-10-01,True,79.6,78.3,15.0,91.0,64.3,关注
C0038,2024-11-01,True,81.1,76.6,15.0,90.0,64.3,关注
C0038,2024-12-01,True,89.9,88.8,15.0,90.0,70.9,关注
C0038,2025-01-01,True,87.0,92.8,15.0,90.0,70.8,关注
C0038,2025-02-01,True,85.5,93.0,15.0,80.0,69.2,关注
C0038,2025-03-01,True,91.1,100.0,15.0,80.0,73.2,关注
C0038,2025-04-01,True,87.0,94.2,15.0,86.0,70.7,关注
C0038,2025-05-01,True,89.9,98.8,15.0,89.0,73.3,关注
C0038,2025-06-01,True,91.1,86.8,52.8,88.0,80.1,健康
C0038,2025-07-01,True,95.6,85.3,52.8,90.0,81.8,健康
C0038,2025-08-01,True,95.6,84.4,15.0,88.7,71.9,关注
C0039,2024-09-01,True,79.2,90.0,52.8,88.0,76.2,关注
C0039,2024-10-01,True,83.6,89.4,52.8,85.0,77.5,关注
C0039,2024-11-01,True,91.1,93.4,52.8,86.0,81.6,健康
C0039,2024-12-01,True,83.6,92.3,52.8,86.0,78.3,关注
C0039,2025-01-01,True,91.1,90.3,52.8,87.0,80.9,健康
C0039,2025-02-01,True,83.6,87.7,52.8,90.0,77.6,关注
C0039,2025-03-01,True,83.6,89.6,52.8,89.0,77.9,关注
C0039,2025-04-01,True,91.1,83.7,52.8,88.0,79.4,关注
C0039,2025-05-01,True,83.6,95.0,52.8,91.0,79.5,关注
C0039,2025-06-01,True,95.6,95.3,52.8,94.0,84.6,健康
C0039,2025-07-01,True,95.6,97.0,52.8,93.0,85.0,健康
C0039,2025-08-01,True,95.6,89.6,52.8,92.0,83.0,健康
C0040,2024-09-01,True,91.1,90.0,15.0,84.0,71.1,关注
C0040,2024-10-01,True,82.9,81.5,15.0,84.0,65.7,关注
C0040,2024-11-01,True,80.6,75.9,15.0,81.3,63.1,关注
C0040,2024-12-01,True,73.8,78.7,52.8,80.5,70.4,关注
C0040,2025-01-01,True,69.1,78.6,52.8,79.6,68.5,关注
C0040,2025-02-01,True,64.7,58.3,52.8,75.3,61.2,关注
C0040,2025-03-01,True,55.3,55.6,52.8,74.0,56.6,高风险
C0040,2025-04-01,False,2.3,29.1,52.8,73.0,28.7,高风险
C0040,2025-05-01,False,0.0,10.0,52.8,74.0,23.1,高风险
C0040,2025-06-01,False,0.0,10.0,52.8,80.0,23.7,高风险
C0040,2025-07-01,False,0.0,10.0,52.8,80.0,23.7,高风险
C0040,2025-08-01,False,0.0,10.0,52.8,80.0,23.7,高风险
C0041,2024-09-01,True,91.1,90.0,15.0,84.0,71.1,关注
C0041,2024-10-01,True,91.1,90.0,15.0,85.0,71.2,关注
C0041,2024-11-01,True,87.9,87.1,15.0,84.7,69.2,关注
C0041,2024-12-01,True,90.2,86.8,15.0,84.0,69.9,关注
C0041,2025-01-01,True,90.2,89.4,15.0,84.8,70.7,关注
C0041,2025-02-01,True,90.2,88.5,15.0,84.7,70.4,关注
C0041,2025-03-01,True,91.1,91.3,15.0,86.0,71.6,关注
C0041,2025-04-01,True,91.1,93.9,15.0,84.0,72.1,关注
C0041,2025-05-01,True,91.1,93.8,15.0,80.0,71.7,关注
C0041,2025-06-01,False,2.3,52.9,15.0,80.0,25.9,高风险
C0041,2025-07-01,False,0.0,13.7,15.0,80.0,15.2,高风险
C0041,2025-08-01,False,0.0,10.0,15.0,80.0,14.2,高风险
C0042,2024-09-01,True,85.0,90.0,52.8,80.0,77.7,关注
C0042,2024-10-01,True,85.0,90.0,52.8,80.0,77.7,关注
C0042,2024-11-01,True,85.0,90.0,52.8,84.0,78.1,关注
C0042,2024-12-01,True,85.0,90.0,52.8,84.0,78.1,关注
C0042,2025-01-01,True,85.0,90.0,52.8,85.0,78.2,关注
C0042,2025-02-01,True,89.4,90.0,52.8,85.0,80.0,健康
C0042,2025-03-01,True,85.0,90.0,52.8,86.0,78.3,关注
C0042,2025-04-01,True,85.0,90.0,52.8,84.7,78.2,关注
C0042,2025-05-01,False,8.3,50.8,52.8,85.0,37.7,高风险
C0042,2025-06-01,False,0.0,13.3,52.8,82.0,24.7,高风险
C0042,2025-07-01,False,0.0,10.0,52.8,80.0,23.7,高风险
C0042,2025-08-01,False,0.0,10.0,52.8,80.0,23.7,高风险
C0043,2024-09-01,True,80.8,90.0,52.8,82.0,76.2,关注
C0043,2024-10-01,True,80.8,84.7,52.8,82.0,74.9,关注
C0043,2024-11-01,True,85.3,90.2,52.8,86.0,78.5,关注
C0043,2024-12-01,True,80.8,96.8,52.8,86.7,78.4,关注
C0043,2025-01-01,True,81.1,89.7,52.8,87.5,76.8,关注
C0043,2025-02-01,True,89.4,89.5,52.8,88.0,80.2,健康
C0043,2025-03-01,True,89.7,82.9,52.8,88.0,78.6,关注
C0043,2025-04-01,True,89.7,81.5,52.8,87.0,78.2,关注
C0043,2025-05-01,True,89.7,87.2,52.8,86.0,79.5,关注
C0043,2025-06-01,True,85.6,86.1,52.8,88.0,77.7,关注
C0043,2025-07-01,True,89.7,91.8,52.8,88.0,80.8,健康
C0043,2025-08-01,True,89.7,85.6,52.8,91.0,79.6,关注
C0044,2024-09-01,True,78.6,90.0,52.8,86.0,75.7,关注
C0044,2024-10-01,True,84.5,87.0,52.8,87.0,77.4,关注
C0044,2024-11-01,True,85.9,85.8,52.8,87.0,77.7,关注
C0044,2024-12-01,True,87.4,91.4,52.8,91.3,80.1,健康
C0044,2025-01-01,True,82.9,92.8,15.0,92.0,69.3,关注
C0044,2025-02-01,True,84.5,95.7,15.0,96.0,71.1,关注
C0044,2025-03-01,True,88.8,90.8,52.8,92.0,80.6,健康
C0044,2025-04-01,True,87.4,89.5,15.0,91.0,70.2,关注
C0044,2025-05-01,True,85.9,89.9,15.0,84.0,69.0,关注
C0044,2025-06-01,True,94.7,97.8,15.0,77.0,73.8,关注
C0044,2025-07-01,True,95.6,98.5,15.0,81.3,74.7,关注
C0044,2025-08-01,True,93.2,94.3,52.8,82.0,82.3,健康
C0045,2024-09-01,True,83.7,90.0,15.0,80.0,67.7,关注
C0045,2024-10-01,True,74.7,90.5,15.0,84.0,64.7,关注
C0045,2024-11-01,True,91.1,92.9,15.0,83.0,71.7,关注
C0045,2024-12-01,True,83.6,92.1,15.0,84.7,68.7,关注
C0045,2025-01-01,True,86.6,87.7,15.0,84.0,68.7,关注
C0045,2025-02-01,True,86.6,86.9,15.0,85.0,68.6,关注
C0045,2025-03-01,True,91.1,88.5,15.0,82.0,70.5,关注
C0045,2025-04-01,True,88.1,93.7,15.0,92.0,71.6,关注
C0045,2025-05-01,True,88.1,94.0,15.0,89.0,71.4,关注
C0045,2025-06-01,True,94.1,92.2,15.0,89.3,73.4,关注
C0045,2025-07-01,True,95.6,91.3,15.0,88.7,73.7,关注
C0045,2025-08-01,True,91.1,91.7,15.0,92.0,72.3,关注
C0046,2024-09-01,True,87.8,90.0,15.0,88.0,70.2,关注
C0046,2024-10-01,True,91.1,93.0,15.0,89.0,72.3,关注
C0046,2024-11-01,True,87.8,92.0,15.0,89.0,70.8,关注
C0046,2024-12-01,True,91.1,91.4,15.0,89.3,72.0,关注
C0046,2025-01-01,True,91.1,93.3,15.0,89.5,72.5,关注
C0046,2025-02-01,True,91.1,96.8,15.0,88.0,73.2,关注
C0046,2025-03-01,True,91.1,90.9,15.0,88.0,71.7,关注
C0046,2025-04-01,True,91.1,91.0,15.0,87.3,71.7,关注
C0046,2025-05-01,True,91.1,90.9,15.0,88.7,71.8,关注
C0046,2025-06-01,True,36.7,60.8,15.0,79.3,41.5,高风险
C0046,2025-07-01,True,12.8,20.4,15.0,66.0,20.6,高风险
C0046,2025-08-01,True,1.7,10.0,15.0,48.0,11.7,高风险
C0047,2024-09-01,True,90.3,90.0,52.8,82.0,80.0,健康
C0047,2024-10-01,True,90.3,90.0,52.8,82.0,80.0,健康
C0047,2024-11-01,True,91.1,92.2,52.8,84.0,81.1,健康
C0047,2024-12-01,True,86.4,90.0,52.8,84.0,78.6,关注
C0047,2025-01-01,True,91.1,89.0,52.8,83.0,80.2,健康
C0047,2025-02-01,True,86.4,84.9,52.8,82.7,77.2,关注
C0047,2025-03-01,True,90.3,90.0,52.8,84.0,80.2,健康
C0047,2025-04-01,True,90.3,84.9,52.8,86.0,79.2,关注
C0047,2025-05-01,True,90.3,84.7,52.8,87.0,79.2,关注
C0047,2025-06-01,True,82.4,70.3,52.8,80.0,71.8,关注
C0047,2025-07-01,True,74.5,56.0,52.8,68.0,63.8,关注
C0047,2025-08-01,False,3.9,25.8,15.0,68.0,18.6,高风险
C0048,2024-09-01,True,90.3,90.0,52.8,90.0,80.8,健康
C0048,2024-10-01,True,91.1,93.3,52.8,91.0,82.1,健康
C0048,2024-11-01,True,85.9,92.2,52.8,90.0,79.6,关注
C0048,2024-12-01,True,90.3,88.1,52.8,89.5,80.3,健康
C0048,2025-01-01,True,85.9,89.0,52.8,89.2,78.7,关注
C0048,2025-02-01,True,49.4,61.6,52.8,81.3,56.5,高风险
C0048,2025-03-01,True,37.0,29.6,52.8,70.7,42.5,高风险
C0048,2025-04-01,True,41.0,10.0,52.8,64.0,38.5,高风险
C0048,2025-05-01,True,70.6,29.4,52.8,68.0,55.6,高风险
C0048,2025-06-01,True,82.4,100.0,52.8,81.3,79.3,关注
C0048,2025-07-01,True,90.3,100.0,15.0,90.0,73.9,关注
C0048,2025-08-01,True,91.1,100.0,15.0,96.0,74.8,关注
C0049,2024-09-01,True,86.7,90.0,52.8,86.0,79.0,关注
C0049,2024-10-01,True,91.1,90.0,52.8,85.0,80.6,健康
C0049,2024-11-01,True,81.2,85.8,52.8,86.0,75.7,关注
C0049,2024-12-01,True,86.7,86.8,52.8,86.5,78.2,关注
C0049,2025-01-01,True,81.2,89.1,52.8,86.4,76.6,关注
C0049,2025-02-01,True,81.2,85.6,52.8,86.7,75.8,关注
C0049,2025-03-01,True,81.2,81.3,52.8,86.0,74.6,关注
C0049,2025-04-01,False,6.8,47.6,52.8,86.0,36.4,高风险
C0049,2025-05-01,False,0.0,12.0,52.8,86.0,24.8,高风险
C0049,2025-06-01,False,0.0,10.0,52.8,80.0,23.7,高风险
C0049,2025-07-01,False,0.0,10.0,52.8,80.0,23.7,高风险
C0049,2025-08-01,False,0.0,10.0,52.8,80.0,23.7,高风险
C0050,2024-09-01,True,75.5,90.0,15.0,80.0,64.4,关注
C0050,2024-10-01,True,81.8,88.5,15.0,90.0,67.6,关注
C0050,2024-11-01,True,80.9,89.5,15.0,83.0,66.8,关注
C0050,2024-12-01,True,88.0,94.8,15.0,87.3,71.4,关注
C0050,2025-01-01,True,92.5,95.5,15.0,87.5,73.4,关注
C0050,2025-02-01,True,86.2,100.0,15.0,90.0,72.2,关注
C0050,2025-03-01,True,87.1,94.8,15.0,87.0,71.0,关注
C0050,2025-04-01,True,85.3,93.1,15.0,89.0,70.1,关注
C0050,2025-05-01,True,93.4,83.4,15.0,89.0,70.8,关注
C0050,2025-06-01,True,83.5,84.5,15.0,87.3,67.0,关注
C0050,2025-07-01,True,89.8,79.2,15.0,86.0,68.1,关注
C0050,2025-08-01,True,92.5,84.2,15.0,82.7,70.1,关注
C0051,2024-09-01,True,91.1,90.0,52.8,80.0,80.1,健康
C0051,2024-10-01,True,91.1,92.8,52.8,80.0,80.8,健康
C0051,2024-11-01,True,88.3,89.8,52.8,82.0,79.1,关注
C0051,2024-12-01,True,91.1,86.7,52.8,87.0,80.0,健康
C0051,2025-01-01,True,91.1,90.1,52.8,87.0,80.9,健康
C0051,2025-02-01,True,49.9,63.7,52.8,79.0,57.0,高风险
C0051,2025-03-01,True,34.8,30.0,52.8,62.0,40.8,高风险
C0051,2025-04-01,True,41.9,10.0,52.8,62.0,38.7,高风险
C0051,2025-05-01,True,74.0,30.2,52.8,71.0,57.4,高风险
C0051,2025-06-01,True,81.1,100.0,52.8,89.0,79.5,关注
C0051,2025-07-01,True,88.3,100.0,52.8,89.0,82.4,健康
C0051,2025-08-01,True,91.1,100.0,52.8,90.0,83.6,健康
C0052,2024-09-01,True,88.7,90.0,15.0,82.0,69.9,关注
C0052,2024-10-01,True,84.3,87.6,15.0,85.0,67.8,关注
C0052,2024-11-01,True,77.6,81.0,15.0,83.3,63.4,关注
C0052,2024-12-01,True,71.8,78.3,15.0,81.5,60.2,关注
C0052,2025-01-01,True,69.1,79.6,15.0,80.4,59.3,高风险
C0052,2025-02-01,True,59.3,57.9,15.0,76.7,49.6,高风险
C0052,2025-03-01,True,56.6,54.8,15.0,76.7,47.8,高风险
C0052,2025-04-01,False,1.3,28.1,15.0,77.0,19.0,高风险
C0052,2025-05-01,False,0.0,10.0,15.0,76.0,13.8,高风险
C0052,2025-06-01,False,0.0,10.0,15.0,80.0,14.2,高风险
C0052,2025-07-01,False,0.0,10.0,52.8,80.0,23.7,高风险
C0052,2025-08-01,False,0.0,10.0,52.8,80.0,23.7,高风险
C0053,2024-09-01,True,83.9,90.0,15.0,94.0,69.2,关注
C0053,2024-10-01,True,76.7,83.1,15.0,94.0,64.6,关注
C0053,2024-11-01,True,82.5,81.7,15.0,94.0,66.6,关注
C0053,2024-12-01,True,83.6,92.6,52.8,92.7,79.1,关注
C0053,2025-01-01,True,85.3,94.6,52.8,91.5,80.1,健康
C0053,2025-02-01,True,88.1,100.0,52.8,86.0,82.0,健康
C0053,2025-03-01,True,82.5,93.1,52.8,86.0,78.1,关注
C0053,2025-04-01,True,86.7,93.5,15.0,86.7,70.5,关注
C0053,2025-05-01,True,86.7,88.5,15.0,89.3,69.5,关注
C0053,2025-06-01,True,93.9,96.9,15.0,88.7,74.4,关注
C0053,2025-07-01,True,93.9,86.9,15.0,87.3,71.8,关注
C0053,2025-08-01,True,93.9,90.7,15.0,87.3,72.7,关注
C0054,2024-09-01,True,76.7,90.0,15.0,86.0,65.5,关注
C0054,2024-10-01,True,86.7,100.0,15.0,86.0,72.0,关注
C0054,2024-11-01,True,83.2,92.4,15.0,87.0,68.8,关注
C0054,2024-12-01,True,83.2,79.1,52.8,87.0,74.9,关注
C0054,2025-01-01,True,87.4,92.3,52.8,86.7,79.9,关注
C0054,2025-02-01,True,89.4,99.4,52.8,86.0,82.4,健康
C0054,2025-03-01,True,87.4,99.8,52.8,86.0,81.7,健康
C0054,2025-04-01,True,83.2,97.0,52.8,88.0,79.5,关注
C0054,2025-05-01,True,89.7,73.9,52.8,88.0,76.4,关注
C0054,2025-06-01,True,81.1,73.0,52.8,84.0,72.3,关注
C0054,2025-07-01,True,91.8,77.4,52.8,77.0,77.0,关注
C0054,2025-08-01,True,85.6,93.5,52.8,80.0,78.8,关注
C0055,2024-09-01,True,91.1,90.0,52.8,94.0,81.5,健康
C0055,2024-10-01,True,91.1,91.2,52.8,92.0,81.6,健康
C0055,2024-11-01,True,91.1,90.1,52.8,88.0,81.0,健康
C0055,2024-12-01,True,89.4,86.8,15.0,88.5,70.1,关注
C0055,2025-01-01,True,90.8,87.4,15.0,89.2,70.9,关注
C0055,2025-02-01,True,49.7,58.7,15.0,83.3,46.7,高风险
C0055,2025-03-01,True,35.6,29.1,15.0,72.7,32.5,高风险
C0055,2025-04-01,True,42.5,10.0,15.0,64.7,29.7,高风险
C0055,2025-05-01,True,72.8,31.5,15.0,68.7,47.6,高风险
C0055,2025-06-01,True,78.1,100.0,15.0,78.7,67.8,关注
C0055,2025-07-01,True,89.4,100.0,15.0,84.0,72.9,关注
C0055,2025-08-01,True,91.1,100.0,15.0,89.0,74.1,关注
C0056,2024-09-01,True,81.2,90.0,52.8,94.0,77.6,关注
C0056,2024-10-01,True,81.2,93.3,52.8,89.0,77.9,关注
C0056,2024-11-01,True,85.7,95.0,52.8,89.0,80.1,健康
C0056,2024-12-01,True,85.7,91.0,52.8,89.0,79.1,关注
C0056,2025-01-01,True,85.7,90.8,52.8,89.0,79.1,关注
C0056,2025-02-01,True,85.7,88.5,52.8,80.0,77.6,关注
C0056,2025-03-01,True,90.1,82.7,52.8,98.0,79.7,关注
C0056,2025-04-01,True,85.7,78.9,52.8,96.0,76.8,关注
C0056,2025-05-01,True,85.7,79.8,52.8,94.0,76.8,关注
C0056,2025-06-01,True,85.7,86.8,52.8,92.0,78.4,关注
C0056,2025-07-01,True,85.7,87.7,52.8,86.0,78.0,关注
C0056,2025-08-01,True,90.1,94.4,52.8,82.0,81.0,健康
C0057,2024-09-01,True,81.9,90.0,52.8,78.0,76.3,关注
C0057,2024-10-01,True,81.9,90.6,52.8,81.0,76.7,关注
C0057,2024-11-01,True,78.0,86.2,52.8,83.3,74.3,关注
C0057,2024-12-01,True,82.4,82.5,52.8,84.5,75.3,关注
C0057,2025-01-01,True,90.3,89.8,52.8,85.2,80.3,健康
C0057,2025-02-01,True,86.4,86.5,52.8,85.3,77.9,关注
C0057,2025-03-01,True,90.3,95.3,52.8,84.7,81.6,健康
C0057,2025-04-01,True,90.3,91.5,52.8,86.0,80.8,健康
C0057,2025-05-01,True,94.8,92.0,52.8,89.0,83.0,健康
C0057,2025-06-01,True,95.6,94.2,52.8,89.0,83.9,健康
C0057,2025-07-01,False,3.9,56.2,52.8,86.0,37.4,高风险
C0057,2025-08-01,False,0.0,19.3,52.8,86.0,26.6,高风险
C0058,2024-09-01,True,82.4,90.0,15.0,80.0,67.2,关注
C0058,2024-10-01,True,82.4,100.0,15.0,81.0,69.8,关注
C0058,2024-11-01,True,80.5,100.0,15.0,82.7,69.2,关注
C0058,2024-12-01,True,88.8,91.1,15.0,86.0,70.6,关注
C0058,2025-01-01,True,86.9,91.2,15.0,86.0,69.9,关注
C0058,2025-02-01,True,83.0,90.7,15.0,90.0,68.6,关注
C0058,2025-03-01,True,81.1,84.2,15.0,84.0,65.6,关注
C0058,2025-04-01,True,86.9,89.7,15.0,86.7,69.6,关注
C0058,2025-05-01,True,85.0,95.7,15.0,87.3,70.4,关注
C0058,2025-06-01,True,85.6,94.6,15.0,89.0,70.5,关注
C0058,2025-07-01,True,91.3,92.0,15.0,86.0,71.9,关注
C0058,2025-08-01,True,89.4,83.4,15.0,91.0,69.5,关注
C0059,2024-09-01,True,80.2,90.0,52.8,82.0,76.0,关注
C0059,2024-10-01,True,80.2,85.2,52.8,85.0,75.1,关注
C0059,2024-11-01,True,84.7,86.0,52.8,87.3,77.3,关注
C0059,2024-12-01,True,84.7,92.1,52.8,86.5,78.8,关注
C0059,2025-01-01,True,84.7,91.0,52.8,86.5,78.5,关注
C0059,2025-02-01,True,84.7,91.4,52.8,87.0,78.6,关注
C0059,2025-03-01,True,84.7,89.2,52.8,90.0,78.4,关注
C0059,2025-04-01,True,84.7,93.4,52.8,90.0,79.4,关注
C0059,2025-05-01,True,89.1,91.4,52.8,80.0,79.7,关注
C0059,2025-06-01,True,89.1,94.2,52.8,90.0,81.4,健康
C0059,2025-07-01,True,95.6,90.0,52.8,91.0,83.0,健康
C0059,2025-08-01,True,89.1,95.5,52.8,89.3,81.7,健康
C0060,2024-09-01,True,76.7,90.0,52.8,86.0,75.0,关注
C0060,2024-10-01,True,85.3,100.0,52.8,85.0,80.8,健康
C0060,2024-11-01,True,80.8,100.0,52.8,89.3,79.5,关注
C0060,2024-12-01,True,81.1,90.6,52.8,91.5,77.5,关注
C0060,2025-01-01,True,89.4,93.0,52.8,91.5,81.4,健康
C0060,2025-02-01,True,89.4,96.2,52.8,98.0,82.8,健康
C0060,2025-03-01,True,89.4,94.3,15.0,92.0,72.3,关注
C0060,2025-04-01,True,89.4,94.8,52.8,92.0,81.9,健康
C0060,2025-05-01,True,93.9,97.4,52.8,92.0,84.3,健康
C0060,2025-06-01,True,93.9,95.4,52.8,90.0,83.6,健康
C0060,2025-07-01,True,93.9,90.3,52.8,91.0,82.4,健康
C0060,2025-08-01,True,95.6,91.5,52.8,92.0,83.5,健康
C0061,2024-09-01,True,78.6,90.0,15.0,80.0,65.7,关注
C0061,2024-10-01,True,81.3,94.1,15.0,92.0,69.0,关注
C0061,2024-11-01,True,81.8,92.0,15.0,83.0,67.7,关注
C0061,2024-12-01,True,82.4,87.2,15.0,84.0,66.9,关注
C0061,2025-01-01,True,78.0,87.0,15.0,87.0,65.4,关注
C0061,2025-02-01,True,84.4,86.4,15.0,87.3,67.8,关注
C0061,2025-03-01,True,84.4,85.7,15.0,88.7,67.8,关注
C0061,2025-04-01,True,90.2,97.9,15.0,85.0,72.8,关注
C0061,2025-05-01,True,86.4,97.1,15.0,90.0,71.6,关注
C0061,2025-06-01,True,88.8,100.0,15.0,94.0,73.7,关注
C0061,2025-07-01,True,89.5,93.9,15.0,91.0,72.1,关注
C0061,2025-08-01,True,86.9,88.6,15.0,93.3,70.0,关注
C0062,2024-09-01,True,79.5,90.0,15.0,84.0,66.5,关注
C0062,2024-10-01,True,82.9,89.2,15.0,85.0,67.7,关注
C0062,2024-11-01,True,86.3,93.6,15.0,87.3,70.4,关注
C0062,2024-12-01,True,84.0,96.5,52.8,88.5,79.7,关注
C0062,2025-01-01,True,87.4,92.4,52.8,89.2,80.2,健康
C0062,2025-02-01,True,80.5,91.7,52.8,88.7,77.2,关注
C0062,2025-03-01,True,89.1,88.3,52.8,87.3,79.6,关注
C0062,2025-04-01,True,86.7,87.4,15.0,89.3,69.2,关注
C0062,2025-05-01,True,90.1,96.1,15.0,89.3,72.7,关注
C0062,2025-06-01,True,85.7,95.0,15.0,90.7,70.8,关注
C0062,2025-07-01,True,91.8,90.7,15.0,88.0,72.0,关注
C0062,2025-08-01,True,95.2,89.8,15.0,90.0,73.3,关注
C0063,2024-09-01,True,82.9,90.0,52.8,80.0,76.9,关注
C0063,2024-10-01,True,87.4,84.9,52.8,80.0,77.4,关注
C0063,2024-11-01,True,87.4,85.5,52.8,98.0,79.3,关注
C0063,2024-12-01,True,82.9,95.3,52.8,98.0,80.0,健康
C0063,2025-01-01,True,87.4,94.3,52.8,98.0,81.5,健康
C0063,2025-02-01,True,87.4,95.5,52.8,96.0,81.6,健康
C0063,2025-03-01,True,87.4,85.0,52.8,90.0,78.4,关注
C0063,2025-04-01,True,91.8,80.7,52.8,90.0,79.1,关注
C0063,2025-05-01,True,91.8,82.8,52.8,85.0,79.1,关注
C0063,2025-06-01,True,91.8,91.5,52.8,86.0,81.4,健康
C0063,2025-07-01,True,91.8,96.1,52.8,86.0,82.5,健康
C0063,2025-08-01,True,87.4,98.6,52.8,86.0,81.4,健康
C0064,2024-09-01,True,79.4,90.0,52.8,88.0,76.3,关注
C0064,2024-10-01,True,79.4,88.7,52.8,92.0,76.4,关注
C0064,2024-11-01,True,83.9,91.3,52.8,89.3,78.5,关注
C0064,2024-12-01,True,86.7,92.4,15.0,87.0,70.2,关注
C0064,2025-01-01,True,83.9,90.0,15.0,87.2,68.5,关注
C0064,2025-02-01,True,91.1,92.9,15.0,85.3,72.0,关注
C0064,2025-03-01,True,86.7,90.7,15.0,86.7,69.7,关注
C0064,2025-04-01,True,91.1,92.2,15.0,86.7,71.9,关注
C0064,2025-05-01,True,89.4,91.1,15.0,86.0,70.9,关注
C0064,2025-06-01,True,90.8,99.9,52.8,89.0,83.4,健康
C0064,2025-07-01,True,88.1,99.0,15.0,87.0,72.4,关注
C0064,2025-08-01,True,95.6,99.9,15.0,86.7,75.6,关注
C0065,2024-09-01,True,81.0,90.0,15.0,78.0,66.4,关注
C0065,2024-10-01,True,87.2,89.3,15.0,86.0,69.6,关注
C0065,2024-11-01,True,80.4,87.3,15.0,86.7,66.4,关注
C0065,2024-12-01,True,84.9,90.6,15.0,84.0,68.7,关注
C0065,2025-01-01,True,86.6,91.0,15.0,83.2,69.5,关注
C0065,2025-02-01,True,84.9,93.2,15.0,78.0,68.8,关注
C0065,2025-03-01,True,88.4,86.4,15.0,81.0,68.8,关注
C0065,2025-04-01,True,83.7,90.1,15.0,88.0,68.5,关注
C0065,2025-05-01,True,89.6,89.6,15.0,86.7,70.6,关注
C0065,2025-06-01,True,92.2,94.7,15.0,90.0,73.3,关注
C0065,2025-07-01,True,87.8,92.0,15.0,88.0,70.7,关注
C0065,2025-08-01,True,89.3,80.4,15.0,90.7,68.6,关注
C0066,2024-09-01,True,76.7,90.0,52.8,90.0,75.4,关注
C0066,2024-10-01,True,84.1,93.3,52.8,90.0,79.1,关注
C0066,2024-11-01,True,86.7,100.0,52.8,91.3,82.0,健康
C0066,2024-12-01,True,81.1,96.9,52.8,91.3,79.0,关注
C0066,2025-01-01,True,81.1,90.1,52.8,91.5,77.3,关注
C0066,2025-02-01,True,85.5,90.6,52.8,90.0,79.1,关注
C0066,2025-03-01,True,91.1,92.2,52.8,90.0,81.7,健康
C0066,2025-04-01,True,88.5,96.7,52.8,86.0,81.4,健康
C0066,2025-05-01,True,88.5,100.0,15.0,86.0,72.7,关注
C0066,2025-06-01,True,91.1,98.5,15.0,85.3,73.4,关注
C0066,2025-07-01,True,95.6,89.9,15.0,88.7,73.3,关注
C0066,2025-08-01,True,94.4,83.9,15.0,89.3,71.4,关注
C0067,2024-09-01,True,86.7,90.0,52.8,80.0,78.4,关注
C0067,2024-10-01,True,86.7,95.3,52.8,86.0,80.3,健康
C0067,2024-11-01,True,71.7,90.0,52.8,88.0,73.2,关注
C0067,2024-12-01,True,91.1,88.5,52.8,88.0,80.6,健康
C0067,2025-01-01,True,91.1,94.7,52.8,86.7,82.0,健康
C0067,2025-02-01,True,76.1,89.0,52.8,84.0,74.3,关注
C0067,2025-03-01,True,91.1,83.2,52.8,84.0,78.8,关注
C0067,2025-04-01,True,91.1,85.1,52.8,84.0,79.3,关注
C0067,2025-05-01,True,91.1,100.0,52.8,84.0,83.0,健康
C0067,2025-06-01,True,91.1,100.0,52.8,84.0,83.0,健康
C0067,2025-07-01,True,91.1,100.0,52.8,84.0,83.0,健康
C0067,2025-08-01,True,95.6,83.7,52.8,84.0,80.7,健康
C0068,2024-09-01,True,80.2,90.0,52.8,80.0,75.8,关注
C0068,2024-10-01,True,80.2,91.0,52.8,90.0,77.1,关注
C0068,2024-11-01,True,80.2,90.7,52.8,91.0,77.1,关注
C0068,2024-12-01,True,84.7,90.2,52.8,91.0,78.7,关注
C0068,2025-01-01,True,84.7,92.6,52.8,91.0,79.3,关注
C0068,2025-02-01,True,81.1,97.7,52.8,96.0,79.7,关注
C0068,2025-03-01,True,91.1,100.0,52.8,95.0,84.1,健康
C0068,2025-04-01,True,84.7,99.4,52.8,92.0,81.1,健康
C0068,2025-05-01,True,84.7,96.5,52.8,88.0,80.0,健康
C0068,2025-06-01,True,84.7,84.4,52.8,85.0,76.7,关注
C0068,2025-07-01,True,84.7,85.8,52.8,84.0,76.9,关注
C0068,2025-08-01,True,92.7,85.6,52.8,83.0,80.0,健康
C0069,2024-09-01,True,91.1,90.0,15.0,88.0,71.5,关注
C0069,2024-10-01,True,89.0,86.0,15.0,88.0,69.6,关注
C0069,2024-11-01,True,91.1,88.7,15.0,88.0,71.2,关注
C0069,2024-12-01,True,91.1,92.7,15.0,88.0,72.2,关注
C0069,2025-01-01,True,91.1,89.7,15.0,87.5,71.4,关注
C0069,2025-02-01,True,89.0,87.2,15.0,86.7,69.8,关注
C0069,2025-03-01,True,86.8,83.1,15.0,85.3,67.8,关注
C0069,2025-04-01,True,91.1,81.9,15.0,86.0,69.3,关注
C0069,2025-05-01,False,2.1,47.8,15.0,86.0,25.2,高风险
C0069,2025-06-01,False,0.0,14.5,15.0,88.0,16.2,高风险
C0069,2025-07-01,False,0.0,10.0,15.0,80.0,14.2,高风险
C0069,2025-08-01,False,0.0,10.0,15.0,80.0,14.2,高风险
C0070,2024-09-01,True,91.1,90.0,52.8,80.0,80.1,健康
C0070,2024-10-01,True,81.2,81.2,52.8,84.0,74.4,关注
C0070,2024-11-01,True,81.2,76.8,52.8,84.0,73.3,关注
C0070,2024-12-01,True,76.8,81.9,52.8,84.0,72.8,关注
C0070,2025-01-01,True,69.9,80.9,52.8,82.0,69.6,关注
C0070,2025-02-01,True,58.7,59.0,52.8,78.0,59.2,高风险
C0070,2025-03-01,True,58.7,53.3,52.8,78.0,57.8,高风险
C0070,2025-04-01,False,6.8,26.0,52.8,76.0,30.0,高风险
C0070,2025-05-01,False,0.0,10.0,52.8,80.0,23.7,高风险
C0070,2025-06-01,False,0.0,10.0,52.8,80.0,23.7,高风险
C0070,2025-07-01,False,0.0,10.0,52.8,80.0,23.7,高风险
C0070,2025-08-01,False,0.0,10.0,52.8,80.0,23.7,高风险
C0071,2024-09-01,True,82.9,90.0,52.8,94.0,78.3,关注
C0071,2024-10-01,True,82.9,96.0,52.8,94.0,79.8,关注
C0071,2024-11-01,True,76.7,95.7,52.8,91.0,76.9,关注
C0071,2024-12-01,True,87.4,93.7,52.8,89.3,80.5,健康
C0071,2025-01-01,True,81.1,91.1,52.8,89.3,77.3,关注
C0071,2025-02-01,True,81.1,91.6,52.8,87.0,77.3,关注
C0071,2025-03-01,True,87.4,80.5,52.8,88.0,77.1,关注
C0071,2025-04-01,True,87.4,94.8,52.8,88.0,80.6,健康
C0071,2025-05-01,True,91.8,99.1,52.8,88.0,83.5,健康
C0071,2025-06-01,True,85.6,100.0,52.8,87.0,81.1,健康
C0071,2025-07-01,True,85.6,91.5,52.8,87.3,79.0,关注
C0071,2025-08-01,True,91.8,88.3,52.8,88.0,80.8,健康
C0072,2024-09-01,True,80.8,90.0,52.8,84.0,76.4,关注
C0072,2024-10-01,True,85.3,87.2,52.8,85.0,77.6,关注
C0072,2024-11-01,True,85.3,82.1,52.8,84.7,76.3,关注
C0072,2024-12-01,True,81.1,84.5,52.8,85.0,75.3,关注
C0072,2025-01-01,True,85.3,90.6,52.8,84.8,78.4,关注
C0072,2025-02-01,True,85.3,90.0,52.8,85.3,78.3,关注
C0072,2025-03-01,True,85.3,96.1,52.8,86.0,79.9,关注
C0072,2025-04-01,True,85.3,92.1,52.8,86.7,79.0,关注
C0072,2025-05-01,True,85.3,94.2,52.8,87.3,79.6,关注
C0072,2025-06-01,True,85.3,89.2,52.8,88.0,78.4,关注
C0072,2025-07-01,True,85.3,90.7,52.8,86.7,78.7,关注
C0072,2025-08-01,True,89.7,84.2,52.8,87.3,78.9,关注
C0073,2024-09-01,True,85.1,90.0,15.0,86.0,68.9,关注
C0073,2024-10-01,True,81.5,87.1,15.0,88.0,66.9,关注
C0073,2024-11-01,True,86.0,82.3,15.0,88.7,67.6,关注
C0073,2024-12-01,True,80.6,85.8,15.0,89.5,66.4,关注
C0073,2025-01-01,True,87.8,94.9,15.0,88.8,71.5,关注
C0073,2025-02-01,True,87.8,100.0,15.0,86.0,72.5,关注
C0073,2025-03-01,True,91.3,100.0,15.0,84.0,73.7,关注
C0073,2025-04-01,True,91.1,99.0,15.0,84.7,73.4,关注
C0073,2025-05-01,True,90.6,97.2,15.0,87.0,73.0,关注
C0073,2025-06-01,True,94.1,94.1,15.0,87.0,73.6,关注
C0073,2025-07-01,True,95.6,88.2,15.0,89.0,72.9,关注
C0073,2025-08-01,True,87.8,81.9,15.0,87.3,68.1,关注
C0074,2024-09-01,True,91.1,90.0,52.8,80.0,80.1,健康
C0074,2024-10-01,True,91.1,90.0,52.8,80.0,80.1,健康
C0074,2024-11-01,True,91.1,90.0,52.8,84.0,80.5,健康
C0074,2024-12-01,True,91.1,90.0,52.8,85.0,80.6,健康
C0074,2025-01-01,True,91.1,90.0,52.8,84.0,80.5,健康
C0074,2025-02-01,True,91.1,90.0,52.8,84.0,80.5,健康
C0074,2025-03-01,True,91.1,82.0,52.8,83.0,78.4,关注
C0074,2025-04-01,True,91.1,73.9,52.8,82.0,76.3,关注
C0074,2025-05-01,True,76.1,57.8,52.8,78.0,65.9,关注
C0074,2025-06-01,True,76.1,55.4,52.8,71.3,64.6,关注
C0074,2025-07-01,True,76.1,52.5,52.8,63.3,63.1,关注
C0074,2025-08-01,True,61.1,58.5,52.8,56.7,57.9,高风险
C0075,2024-09-01,True,80.2,90.0,52.8,80.0,75.8,关注
C0075,2024-10-01,True,80.2,91.3,52.8,92.0,77.3,关注
C0075,2024-11-01,True,80.2,94.4,52.8,94.0,78.3,关注
C0075,2024-12-01,True,80.2,94.5,52.8,90.7,78.0,关注
C0075,2025-01-01,True,84.7,91.3,52.8,93.5,79.3,关注
C0075,2025-02-01,True,84.7,90.0,52.8,93.0,78.9,关注
C0075,2025-03-01,True,95.6,90.8,52.8,102.0,84.3,健康
C0075,2025-04-01,True,84.7,86.2,52.8,80.0,76.6,关注
C0075,2025-05-01,True,89.1,93.4,52.8,96.0,81.8,健康
C0075,2025-06-01,True,91.1,90.0,52.8,95.0,81.6,健康
C0075,2025-07-01,True,95.6,100.0,52.8,90.7,85.5,健康
C0075,2025-08-01,True,89.1,99.8,52.8,88.0,82.6,健康
C0076,2024-09-01,True,79.9,90.0,52.8,82.0,75.9,关注
C0076,2024-10-01,True,79.9,89.7,52.8,80.0,75.6,关注
C0076,2024-11-01,True,82.3,90.1,52.8,82.0,76.9,关注
C0076,2024-12-01,True,84.3,94.6,52.8,82.0,78.8,关注
C0076,2025-01-01,True,84.3,93.9,52.8,82.0,78.6,关注
C0076,2025-02-01,True,84.3,97.8,52.8,86.0,80.0,健康
C0076,2025-03-01,True,84.3,85.5,52.8,82.0,76.5,关注
C0076,2025-04-01,True,86.4,80.7,52.8,83.3,76.3,关注
C0076,2025-05-01,True,84.3,81.0,52.8,85.3,75.7,关注
C0076,2025-06-01,True,91.2,86.4,52.8,90.0,80.3,健康
C0076,2025-07-01,False,2.4,53.3,52.8,92.0,36.7,高风险
C0076,2025-08-01,False,0.0,11.9,52.8,92.0,25.4,高风险
C0077,2024-09-01,True,90.3,90.0,15.0,84.0,70.8,关注
C0077,2024-10-01,True,80.9,83.0,15.0,84.0,65.3,关注
C0077,2024-11-01,True,77.0,76.9,15.0,82.0,62.0,关注
C0077,2024-12-01,True,73.5,79.6,15.0,82.5,61.3,关注
C0077,2025-01-01,True,67.6,80.3,15.0,81.6,59.0,高风险
C0077,2025-02-01,True,60.2,59.8,15.0,78.7,50.7,高风险
C0077,2025-03-01,True,55.3,54.6,15.0,74.7,47.0,高风险
C0077,2025-04-01,True,47.9,51.2,15.0,72.0,42.9,高风险
C0077,2025-05-01,True,43.9,46.1,15.0,71.3,40.0,高风险
C0077,2025-06-01,True,37.5,46.6,15.0,68.7,37.3,高风险
C0077,2025-07-01,True,33.6,44.3,15.0,68.0,35.1,高风险
C0077,2025-08-01,True,26.2,43.4,15.0,65.0,31.6,高风险
C0078,2024-09-01,True,84.2,90.0,15.0,80.0,67.9,关注
C0078,2024-10-01,True,81.4,84.5,15.0,66.0,64.0,关注
C0078,2024-11-01,True,78.5,81.3,15.0,74.0,62.9,关注
C0078,2024-12-01,True,79.7,85.5,15.0,79.3,64.9,关注
C0078,2025-01-01,True,84.1,88.0,15.0,80.5,67.4,关注
C0078,2025-02-01,True,89.8,88.5,15.0,87.0,70.5,关注
C0078,2025-03-01,True,90.3,98.9,15.0,78.0,72.4,关注
C0078,2025-04-01,False,0.6,62.5,15.0,72.0,26.8,高风险
C0078,2025-05-01,False,0.0,18.4,15.0,72.0,15.5,高风险
C0078,2025-06-01,False,0.0,10.0,15.0,80.0,14.2,高风险
C0078,2025-07-01,False,0.0,10.0,15.0,80.0,14.2,高风险
C0078,2025-08-01,False,0.0,10.0,52.8,80.0,23.7,高风险
C0079,2024-09-01,True,87.4,90.0,52.8,86.0,79.2,关注
C0079,2024-10-01,True,87.4,90.0,52.8,86.0,79.2,关注
C0079,2024-11-01,True,82.7,86.8,52.8,85.3,76.5,关注
C0079,2024-12-01,True,87.4,87.6,52.8,86.0,78.6,关注
C0079,2025-01-01,True,91.1,92.8,52.8,86.0,81.4,健康
C0079,2025-02-01,True,87.4,88.4,52.8,85.0,78.7,关注
C0079,2025-03-01,True,87.4,80.2,52.8,79.0,76.1,关注
C0079,2025-04-01,True,82.7,63.8,52.8,77.3,70.0,关注
C0079,2025-05-01,True,78.0,62.4,52.8,72.0,67.2,关注
C0079,2025-06-01,True,73.3,60.6,52.8,66.0,64.3,关注
C0079,2025-07-01,True,73.3,66.8,52.8,60.0,65.2,关注
C0079,2025-08-01,True,68.6,65.1,15.0,53.3,52.8,高风险
C0080,2024-09-01,True,81.7,90.0,52.8,88.0,77.2,关注
C0080,2024-10-01,True,81.7,92.0,52.8,83.0,77.2,关注
C0080,2024-11-01,True,91.1,97.0,52.8,85.3,82.4,健康
C0080,2024-12-01,True,81.7,95.4,52.8,85.3,78.2,关注
C0080,2025-01-01,True,86.1,87.6,52.8,85.3,78.1,关注
C0080,2025-02-01,True,91.1,89.4,52.8,92.0,81.2,健康
C0080,2025-03-01,True,90.6,86.0,52.8,89.0,79.8,关注
C0080,2025-04-01,True,91.1,97.9,52.8,89.0,83.0,健康
C0080,2025-05-01,True,86.1,98.9,52.8,86.0,81.0,健康
C0080,2025-06-01,True,90.6,99.4,52.8,90.0,83.3,健康
C0080,2025-07-01,True,95.6,87.8,52.8,90.0,82.4,健康
C0080,2025-08-01,True,90.6,79.4,52.8,90.0,78.3,关注
C0081,2024-09-01,True,81.7,90.0,52.8,84.0,76.8,关注
C0081,2024-10-01,True,81.7,94.0,52.8,86.0,78.0,关注
C0081,2024-11-01,True,81.7,94.2,52.8,84.7,77.9,关注
C0081,2024-12-01,True,81.1,89.7,52.8,88.0,76.9,关注
C0081,2025-01-01,True,86.1,90.6,52.8,86.0,78.9,关注
C0081,2025-02-01,True,86.1,92.6,52.8,88.0,79.6,关注
C0081,2025-03-01,True,86.1,91.1,52.8,81.0,78.5,关注
C0081,2025-04-01,True,85.6,84.9,52.8,84.0,77.0,关注
C0081,2025-05-01,True,85.6,77.0,52.8,84.0,75.1,关注
C0081,2025-06-01,True,81.1,72.3,52.8,82.0,71.9,关注
C0081,2025-07-01,True,81.1,81.1,52.8,82.0,74.1,关注
C0081,2025-08-01,True,90.6,93.6,52.8,82.0,81.0,健康
C0082,2024-09-01,True,91.1,90.0,15.0,82.0,70.9,关注
C0082,2024-10-01,True,81.1,82.2,15.0,81.0,64.8,关注
C0082,2024-11-01,True,79.6,77.2,15.0,81.0,63.0,关注
C0082,2024-12-01,True,72.2,79.7,15.0,81.0,60.7,关注
C0082,2025-01-01,True,64.9,78.0,15.0,78.7,57.1,高风险
C0082,2025-02-01,True,60.4,55.6,15.0,75.0,49.3,高风险
C0082,2025-03-01,True,56.0,52.5,15.0,74.7,46.8,高风险
C0082,2025-04-01,True,47.2,52.2,15.0,74.0,43.1,高风险
C0082,2025-05-01,True,44.2,48.7,15.0,72.7,40.9,高风险
C0082,2025-06-01,True,36.8,47.0,15.0,70.7,37.3,高风险
C0082,2025-07-01,True,36.8,46.6,15.0,69.3,37.1,高风险
C0082,2025-08-01,True,26.5,46.1,15.0,66.0,32.5,高风险
C0083,2024-09-01,True,77.9,90.0,15.0,94.0,66.8,关注
C0083,2024-10-01,True,75.4,88.9,15.0,95.0,65.6,关注
C0083,2024-11-01,True,86.1,89.9,15.0,95.3,70.2,关注
C0083,2024-12-01,True,81.1,92.9,15.0,93.5,68.8,关注
C0083,2025-01-01,True,82.4,93.3,15.0,92.8,69.3,关注
C0083,2025-02-01,True,76.7,97.3,15.0,87.3,67.5,关注
C0083,2025-03-01,True,81.1,94.8,15.0,87.3,68.6,关注
C0083,2025-04-01,True,86.1,91.2,15.0,91.3,70.1,关注
C0083,2025-05-01,True,84.9,90.2,15.0,89.3,69.2,关注
C0083,2025-06-01,True,84.9,93.3,15.0,91.3,70.1,关注
C0083,2025-07-01,True,86.8,93.3,15.0,88.0,70.6,关注
C0083,2025-08-01,True,88.1,88.2,15.0,88.7,69.9,关注
C0084,2024-09-01,True,79.4,90.0,15.0,84.0,66.4,关注
C0084,2024-10-01,True,82.2,98.7,15.0,85.0,69.8,关注
C0084,2024-11-01,True,82.2,100.0,15.0,85.0,70.1,关注
C0084,2024-12-01,True,83.9,92.8,15.0,84.0,68.9,关注
C0084,2025-01-01,True,83.9,91.6,52.8,84.0,78.1,关注
C0084,2025-02-01,True,86.7,95.1,52.8,86.0,80.2,健康
C0084,2025-03-01,True,86.7,91.8,52.8,88.0,79.6,关注
C0084,2025-04-01,True,86.7,95.5,52.8,88.0,80.5,健康
C0084,2025-05-01,True,85.6,91.5,15.0,84.0,69.3,关注
C0084,2025-06-01,True,86.7,90.7,52.8,86.7,79.2,关注
C0084,2025-07-01,True,91.1,85.0,52.8,86.0,79.5,关注
C0084,2025-08-01,True,88.3,93.0,52.8,90.7,80.8,健康
C0085,2024-09-01,True,90.4,90.0,15.0,80.0,70.4,关注
C0085,2024-10-01,True,91.1,91.4,15.0,86.0,71.6,关注
C0085,2024-11-01,True,88.7,89.9,15.0,87.0,70.4,关注
C0085,2024-12-01,True,88.7,87.4,15.0,87.3,69.8,关注
C0085,2025-01-01,True,88.7,88.6,15.0,88.0,70.2,关注
C0085,2025-02-01,True,91.1,90.0,15.0,87.3,71.4,关注
C0085,2025-03-01,True,88.7,91.0,15.0,86.7,70.6,关注
C0085,2025-04-01,False,1.7,54.7,15.0,85.0,26.6,高风险
C0085,2025-05-01,False,0.0,12.3,15.0,86.0,15.4,高风险
C0085,2025-06-01,False,0.0,10.0,15.0,80.0,14.2,高风险
C0085,2025-07-01,False,0.0,10.0,15.0,80.0,14.2,高风险
C0085,2025-08-01,False,0.0,10.0,52.8,80.0,23.7,高风险
C0086,2024-09-01,True,78.7,90.0,15.0,82.0,65.9,关注
C0086,2024-10-01,True,77.5,92.7,15.0,82.0,66.1,关注
C0086,2024-11-01,True,82.5,92.6,15.0,82.0,68.1,关注
C0086,2024-12-01,True,88.1,90.1,15.0,86.0,70.1,关注
C0086,2025-01-01,True,89.4,92.6,15.0,86.0,71.3,关注
C0086,2025-02-01,True,89.4,98.7,15.0,87.0,72.9,关注
C0086,2025-03-01,True,91.1,100.0,15.0,80.0,73.2,关注
C0086,2025-04-01,True,91.1,100.0,15.0,80.0,73.2,关注
C0086,2025-05-01,True,95.6,100.0,15.0,87.0,75.7,关注
C0086,2025-06-01,True,91.1,100.0,15.0,91.0,74.3,关注
C0086,2025-07-01,True,91.3,97.4,15.0,90.7,73.7,关注
C0086,2025-08-01,True,91.3,75.8,15.0,89.0,68.1,关注
C0087,2024-09-01,True,86.7,90.0,15.0,88.0,69.7,关注
C0087,2024-10-01,True,78.1,81.7,15.0,94.0,64.8,关注
C0087,2024-11-01,True,80.2,77.3,15.0,94.0,64.6,关注
C0087,2024-12-01,True,84.7,83.7,52.8,92.7,77.3,关注
C0087,2025-01-01,True,86.7,90.6,15.0,91.0,70.2,关注
C0087,2025-02-01,True,89.0,88.3,15.0,86.7,70.1,关注
C0087,2025-03-01,True,86.8,93.0,52.8,84.7,79.7,关注
C0087,2025-04-01,True,86.8,80.8,15.0,82.7,66.9,关注
C0087,2025-05-01,True,95.6,85.7,15.0,82.0,71.6,关注
C0087,2025-06-01,True,91.1,92.0,15.0,81.0,71.3,关注
C0087,2025-07-01,True,95.6,100.0,15.0,90.0,76.0,关注
C0087,2025-08-01,True,95.6,96.6,52.8,91.3,84.7,健康
C0088,2024-09-01,True,76.7,90.0,15.0,80.0,64.9,关注
C0088,2024-10-01,True,80.2,90.4,15.0,96.0,68.1,关注
C0088,2024-11-01,True,80.2,91.8,15.0,92.0,68.0,关注
C0088,2024-12-01,True,84.7,91.1,15.0,87.3,69.1,关注
C0088,2025-01-01,True,81.1,89.4,15.0,87.0,67.2,关注
C0088,2025-02-01,True,81.1,84.5,15.0,84.7,65.8,关注
C0088,2025-03-01,True,88.3,89.7,15.0,86.7,70.1,关注
C0088,2025-04-01,True,89.1,92.3,15.0,87.0,71.2,关注
C0088,2025-05-01,True,81.1,99.5,52.8,81.0,78.6,关注
C0088,2025-06-01,True,85.6,89.3,52.8,75.0,77.3,关注
C0088,2025-07-01,True,84.7,85.0,52.8,75.0,75.8,关注
C0088,2025-08-01,True,89.1,84.4,52.8,79.0,77.9,关注
C0089,2024-09-01,True,83.7,90.0,15.0,92.0,68.9,关注
C0089,2024-10-01,True,83.6,84.1,15.0,88.0,67.0,关注
C0089,2024-11-01,True,79.2,82.5,15.0,91.3,65.2,关注
C0089,2024-12-01,True,82.9,86.4,15.0,92.0,67.7,关注
C0089,2025-01-01,True,79.9,86.6,15.0,89.2,66.3,关注
C0089,2025-02-01,True,91.1,91.9,15.0,84.0,71.6,关注
C0089,2025-03-01,True,87.4,100.0,15.0,79.3,71.6,关注
C0089,2025-04-01,True,91.1,100.0,15.0,87.3,73.9,关注
C0089,2025-05-01,True,88.1,91.0,15.0,91.3,70.9,关注
C0089,2025-06-01,True,90.4,85.7,15.0,97.0,71.0,关注
C0089,2025-07-01,True,91.1,82.7,15.0,89.0,69.8,关注
C0089,2025-08-01,True,95.6,99.8,15.0,90.0,75.9,关注
C0090,2024-09-01,True,76.7,90.0,52.8,82.0,74.6,关注
C0090,2024-10-01,True,80.8,92.6,52.8,82.0,76.9,关注
C0090,2024-11-01,True,85.3,93.5,52.8,84.7,79.2,关注
C0090,2024-12-01,True,85.3,92.2,52.8,86.5,79.0,关注
C0090,2025-01-01,True,89.4,94.0,52.8,86.5,81.1,健康
C0090,2025-02-01,True,85.3,97.7,52.8,95.0,81.2,健康
C0090,2025-03-01,True,89.4,96.4,52.8,92.0,82.3,健康
C0090,2025-04-01,True,91.1,97.7,52.8,89.3,83.0,健康
C0090,2025-05-01,True,89.4,100.0,52.8,86.7,82.6,健康
C0090,2025-06-01,True,93.9,100.0,52.8,88.7,84.6,健康
C0090,2025-07-01,True,93.9,89.8,52.8,91.0,82.3,健康
C0090,2025-08-01,True,89.4,80.2,52.8,91.0,78.1,关注
C0091,2024-09-01,True,87.4,90.0,52.8,84.0,79.0,关注
C0091,2024-10-01,True,82.9,90.0,52.8,85.0,77.4,关注
C0091,2024-11-01,True,82.9,90.0,52.8,85.3,77.4,关注
C0091,2024-12-01,True,80.2,88.6,52.8,85.0,75.9,关注
C0091,2025-01-01,True,82.9,88.9,52.8,84.8,77.1,关注
C0091,2025-02-01,True,80.2,86.3,52.8,84.7,75.3,关注
C0091,2025-03-01,True,80.2,88.1,52.8,86.0,75.9,关注
C0091,2025-04-01,True,67.8,68.5,52.8,84.7,65.9,关注
C0091,2025-05-01,True,36.5,38.1,52.8,80.7,45.4,高风险
C0091,2025-06-01,True,21.4,10.0,52.8,72.0,31.4,高风险
C0091,2025-07-01,True,16.0,10.0,52.8,68.0,28.9,高风险
C0091,2025-08-01,True,11.6,10.0,52.8,59.0,26.2,高风险
C0092,2024-09-01,True,83.2,90.0,15.0,84.0,67.9,关注
C0092,2024-10-01,True,80.6,87.3,15.0,85.0,66.3,关注
C0092,2024-11-01,True,86.7,90.9,15.0,85.0,69.6,关注
C0092,2024-12-01,True,85.1,91.8,15.0,85.0,69.2,关注
C0092,2025-01-01,True,83.2,88.5,15.0,85.3,67.7,关注
C0092,2025-02-01,True,64.3,66.5,15.0,80.0,54.1,高风险
C0092,2025-03-01,True,39.3,35.8,15.0,78.7,36.3,高风险
C0092,2025-04-01,True,21.2,10.0,15.0,73.3,22.1,高风险
C0092,2025-05-01,True,11.5,10.0,15.0,70.0,17.9,高风险
C0092,2025-06-01,False,1.3,10.0,15.0,67.0,13.5,高风险
C0092,2025-07-01,False,0.0,10.0,15.0,64.0,12.6,高风险
C0092,2025-08-01,False,0.0,10.0,15.0,80.0,14.2,高风险
C0093,2024-09-01,True,81.6,90.0,52.8,82.0,76.5,关注
C0093,2024-10-01,True,91.1,97.9,52.8,81.0,82.2,健康
C0093,2024-11-01,True,90.0,100.0,52.8,82.7,82.5,健康
C0093,2024-12-01,True,90.0,95.9,15.0,84.0,72.1,关注
C0093,2025-01-01,True,84.7,91.8,15.0,84.0,69.0,关注
C0093,2025-02-01,True,91.1,97.9,15.0,88.7,73.5,关注
C0093,2025-03-01,True,87.4,83.0,15.0,90.0,68.5,关注
C0093,2025-04-01,True,87.4,85.8,15.0,93.3,69.5,关注
C0093,2025-05-01,True,82.0,75.4,15.0,88.7,64.3,关注
C0093,2025-06-01,True,88.7,87.5,15.0,90.0,70.1,关注
C0093,2025-07-01,True,90.5,85.4,52.8,91.3,79.9,关注
C0093,2025-08-01,True,93.1,97.7,15.0,97.0,75.1,关注
C0094,2024-09-01,True,79.2,90.0,15.0,84.0,66.3,关注
C0094,2024-10-01,True,80.2,94.7,15.0,88.0,68.3,关注
C0094,2024-11-01,True,82.4,99.2,15.0,86.0,70.1,关注
C0094,2024-12-01,True,84.1,95.7,15.0,86.0,69.9,关注
C0094,2025-01-01,True,90.6,96.0,15.0,86.0,72.6,关注
C0094,2025-02-01,True,91.1,100.0,15.0,88.0,74.0,关注
C0094,2025-03-01,True,88.4,100.0,15.0,88.0,72.9,关注
C0094,2025-04-01,True,90.0,91.6,15.0,87.3,71.4,关注
C0094,2025-05-01,True,91.1,88.7,15.0,84.0,70.8,关注
C0094,2025-06-01,True,91.1,92.6,15.0,82.0,71.5,关注
C0094,2025-07-01,True,95.6,98.8,15.0,84.0,75.1,关注
C0094,2025-08-01,True,92.3,99.6,15.0,84.0,74.0,关注
C0095,2024-09-01,True,80.2,90.0,52.8,82.0,76.0,关注
C0095,2024-10-01,True,86.8,91.6,52.8,84.0,79.2,关注
C0095,2024-11-01,True,86.8,96.6,52.8,82.7,80.4,健康
C0095,2024-12-01,True,80.2,93.5,52.8,85.0,77.2,关注
C0095,2025-01-01,True,84.7,85.8,52.8,84.4,77.0,关注
C0095,2025-02-01,True,84.7,83.5,52.8,86.7,76.6,关注
C0095,2025-03-01,True,84.7,84.1,52.8,84.7,76.6,关注
C0095,2025-04-01,True,84.7,93.4,52.8,86.0,79.0,关注
C0095,2025-05-01,True,87.0,93.5,52.8,89.0,80.3,健康
C0095,2025-06-01,True,89.1,92.4,52.8,91.0,81.1,健康
C0095,2025-07-01,True,89.1,86.4,52.8,93.3,79.8,关注
C0095,2025-08-01,True,89.1,87.1,52.8,94.0,80.0,健康
C0096,2024-09-01,True,81.2,90.0,52.8,86.0,76.8,关注
C0096,2024-10-01,True,81.2,97.1,52.8,86.0,78.6,关注
C0096,2024-11-01,True,81.2,92.4,52.8,86.7,77.5,关注
C0096,2024-12-01,True,85.7,85.8,15.0,84.5,67.9,关注
C0096,2025-01-01,True,85.7,90.5,15.0,84.5,69.1,关注
C0096,2025-02-01,True,83.4,86.4,15.0,85.0,67.2,关注
C0096,2025-03-01,True,83.4,80.0,15.0,95.0,66.6,关注
C0096,2025-04-01,True,87.9,87.6,15.0,92.0,70.0,关注
C0096,2025-05-01,True,81.1,88.3,52.8,92.0,76.9,关注
C0096,2025-06-01,True,92.4,97.8,52.8,86.0,83.2,健康
C0096,2025-07-01,True,85.6,93.3,52.8,88.0,79.5,关注
C0096,2025-08-01,True,87.8,97.0,15.0,89.0,72.0,关注
C0097,2024-09-01,True,85.1,90.0,52.8,80.0,77.7,关注
C0097,2024-10-01,True,83.7,92.2,52.8,81.0,77.8,关注
C0097,2024-11-01,True,88.1,89.4,52.8,84.0,79.2,关注
C0097,2024-12-01,True,85.1,89.8,52.8,84.0,78.1,关注
C0097,2025-01-01,True,85.1,91.2,52.8,84.0,78.4,关注
C0097,2025-02-01,True,91.1,96.7,52.8,94.0,83.2,健康
C0097,2025-03-01,True,88.1,89.4,52.8,94.0,80.2,健康
C0097,2025-04-01,True,88.1,97.8,52.8,89.0,81.8,健康
C0097,2025-05-01,True,95.6,89.0,52.8,89.0,82.6,健康
C0097,2025-06-01,True,95.6,95.3,52.8,88.0,84.1,健康
C0097,2025-07-01,True,95.6,91.0,52.8,90.7,83.2,健康
C0097,2025-08-01,True,95.6,95.0,52.8,90.0,84.2,健康
C0098,2024-09-01,True,81.2,90.0,15.0,84.0,67.1,关注
C0098,2024-10-01,True,78.9,84.1,15.0,86.0,64.9,关注
C0098,2024-11-01,True,83.4,88.2,15.0,86.0,67.7,关注
C0098,2024-12-01,True,83.4,94.9,15.0,86.0,69.4,关注
C0098,2025-01-01,True,83.4,91.2,15.0,86.4,68.5,关注
C0098,2025-02-01,True,81.2,92.1,15.0,87.0,68.0,关注
C0098,2025-03-01,True,83.4,90.0,15.0,91.0,68.7,关注
C0098,2025-04-01,True,83.4,89.3,15.0,91.0,68.5,关注
C0098,2025-05-01,True,85.7,90.1,15.0,90.7,69.6,关注
C0098,2025-06-01,True,87.9,90.9,15.0,88.0,70.4,关注
C0098,2025-07-01,True,87.9,86.8,15.0,88.7,69.5,关注
C0098,2025-08-01,True,90.1,91.9,15.0,91.3,71.9,关注
C0099,2024-09-01,True,79.4,90.0,52.8,92.0,76.7,关注
C0099,2024-10-01,True,82.2,97.0,52.8,88.0,79.1,关注
C0099,2024-11-01,True,83.9,97.9,52.8,88.0,80.0,健康
C0099,2024-12-01,True,89.4,94.5,52.8,91.3,81.7,健康
C0099,2025-01-01,True,86.7,95.3,52.8,90.0,80.7,健康
C0099,2025-02-01,True,86.7,100.0,52.8,91.3,82.0,健康
C0099,2025-03-01,True,91.1,95.4,52.8,86.7,82.2,健康
C0099,2025-04-01,True,86.7,90.5,15.0,89.3,70.0,关注
C0099,2025-05-01,True,89.4,91.2,15.0,91.3,71.5,关注
C0099,2025-06-01,True,91.1,90.6,52.8,94.7,81.8,健康
C0099,2025-07-01,True,95.6,99.2,52.8,94.7,85.7,健康
C0099,2025-08-01,True,91.1,98.3,52.8,92.0,83.4,健康
C0100,2024-09-01,True,82.6,90.0,15.0,88.0,68.1,关注
C0100,2024-10-01,True,85.7,81.0,15.0,86.0,66.9,关注
C0100,2024-11-01,True,88.4,80.4,15.0,87.3,67.9,关注
C0100,2024-12-01,True,83.9,87.3,15.0,88.5,68.0,关注
C0100,2025-01-01,True,84.3,85.7,15.0,89.6,67.9,关注
C0100,2025-02-01,True,91.1,83.4,15.0,93.3,70.4,关注
C0100,2025-03-01,True,91.1,89.9,15.0,94.0,72.1,关注
C0100,2025-04-01,True,89.7,92.7,15.0,93.0,72.1,关注
C0100,2025-05-01,True,91.1,94.0,15.0,92.0,72.9,关注
C0100,2025-06-01,True,95.6,94.1,15.0,88.7,74.4,关注
C0100,2025-07-01,True,91.5,93.4,15.0,86.0,72.3,关注
C0100,2025-08-01,True,91.1,89.5,15.0,82.0,70.8,关注
C0101,2024-09-01,True,90.9,90.0,15.0,86.0,71.2,关注
C0101,2024-10-01,True,90.9,90.0,15.0,85.0,71.1,关注
C0101,2024-11-01,True,90.1,89.5,15.0,85.0,70.7,关注
C0101,2024-12-01,True,91.1,90.7,15.0,85.0,71.4,关注
C0101,2025-01-01,True,91.1,91.3,15.0,85.3,71.6,关注
C0101,2025-02-01,True,90.1,91.9,15.0,86.0,71.4,关注
C0101,2025-03-01,True,87.6,86.7,15.0,86.0,69.1,关注
C0101,2025-04-01,True,91.1,87.3,15.0,87.0,70.7,关注
C0101,2025-05-01,True,89.3,86.8,15.0,85.0,69.7,关注
C0101,2025-06-01,True,36.1,59.3,15.0,76.0,40.6,高风险
C0101,2025-07-01,True,13.7,18.6,15.0,62.7,20.2,高风险
C0101,2025-08-01,True,1.7,10.0,15.0,50.0,11.9,高风险
C0102,2024-09-01,True,81.9,90.0,52.8,80.0,76.5,关注
C0102,2024-10-01,True,86.4,96.3,52.8,88.0,80.6,健康
C0102,2024-11-01,True,90.3,100.0,52.8,85.0,82.8,健康
C0102,2024-12-01,True,81.9,98.0,52.8,85.0,79.0,关注
C0102,2025-01-01,True,86.4,91.8,52.8,85.0,79.2,关注
C0102,2025-02-01,True,86.4,95.6,52.8,80.0,79.6,关注
C0102,2025-03-01,True,91.1,93.3,52.8,88.0,81.8,健康
C0102,2025-04-01,True,90.3,89.3,52.8,91.0,80.8,健康
C0102,2025-05-01,True,90.3,91.0,52.8,86.0,80.7,健康
C0102,2025-06-01,True,91.1,88.8,52.8,83.3,80.2,健康
C0102,2025-07-01,True,95.6,88.6,52.8,78.0,81.4,健康
C0102,2025-08-01,True,95.6,90.8,52.8,80.0,82.1,健康
C0103,2024-09-01,True,78.8,90.0,15.0,78.0,65.6,关注
C0103,2024-10-01,True,78.8,81.0,15.0,81.0,63.6,关注
C0103,2024-11-01,True,82.1,80.2,15.0,85.3,65.2,关注
C0103,2024-12-01,True,83.3,85.7,15.0,85.5,67.0,关注
C0103,2025-01-01,True,86.5,85.8,52.8,84.8,77.7,关注
C0103,2025-02-01,True,86.5,85.7,52.8,86.0,77.9,关注
C0103,2025-03-01,True,86.5,100.0,52.8,90.0,81.8,健康
C0103,2025-04-01,True,89.8,100.0,52.8,87.3,82.9,健康
C0103,2025-05-01,True,86.5,100.0,52.8,86.0,81.4,健康
C0103,2025-06-01,True,91.0,87.5,52.8,79.0,79.4,关注
C0103,2025-07-01,True,95.6,90.1,52.8,84.0,82.4,健康
C0103,2025-08-01,True,91.0,94.7,52.8,84.0,81.7,健康
C0104,2024-09-01,True,83.6,90.0,15.0,88.0,68.5,关注
C0104,2024-10-01,True,88.7,90.6,15.0,87.0,70.6,关注
C0104,2024-11-01,True,83.6,90.4,15.0,86.0,68.4,关注
C0104,2024-12-01,True,86.3,90.9,15.0,86.5,69.6,关注
C0104,2025-01-01,True,81.6,90.1,15.0,86.5,67.6,关注
C0104,2025-02-01,True,69.1,71.1,15.0,82.0,57.4,高风险
C0104,2025-03-01,True,38.5,36.0,15.0,75.0,35.7,高风险
C0104,2025-04-01,True,22.7,10.0,15.0,75.0,22.8,高风险
C0104,2025-05-01,True,12.9,10.0,15.0,71.0,18.5,高风险
C0104,2025-06-01,True,10.9,10.0,15.0,65.0,17.1,高风险
C0104,2025-07-01,True,0.7,10.0,15.0,62.0,12.7,高风险
C0104,2025-08-01,False,2.0,10.0,15.0,59.0,13.0,高风险
C0105,2024-09-01,True,81.8,90.0,52.8,94.0,77.8,关注
C0105,2024-10-01,True,86.3,93.7,52.8,94.0,80.5,健康
C0105,2024-11-01,True,79.6,94.9,52.8,93.0,78.1,关注
C0105,2024-12-01,True,86.3,93.6,15.0,92.0,70.8,关注
C0105,2025-01-01,True,79.6,93.9,52.8,89.0,77.4,关注
C0105,2025-02-01,True,81.8,97.1,52.8,85.3,78.7,关注
C0105,2025-03-01,True,84.1,90.8,15.0,86.7,68.7,关注
C0105,2025-04-01,True,84.1,89.8,15.0,90.7,68.9,关注
C0105,2025-05-01,True,81.8,88.2,15.0,90.0,67.5,关注
C0105,2025-06-01,True,88.5,87.2,15.0,88.0,69.8,关注
C0105,2025-07-01,True,90.7,81.7,52.8,83.0,78.2,关注
C0105,2025-08-01,True,86.3,81.4,52.8,83.0,76.4,关注
C0106,2024-09-01,True,76.4,90.0,15.0,82.0,65.0,关注
C0106,2024-10-01,True,80.2,97.1,15.0,91.0,69.2,关注
C0106,2024-11-01,True,81.8,100.0,15.0,91.3,70.6,关注
C0106,2024-12-01,True,84.7,95.0,15.0,91.0,70.5,关注
C0106,2025-01-01,True,90.0,94.3,15.0,90.0,72.3,关注
C0106,2025-02-01,True,83.3,100.0,15.0,88.7,70.9,关注
C0106,2025-03-01,True,86.2,100.0,15.0,85.3,71.8,关注
C0106,2025-04-01,True,90.0,93.5,15.0,86.0,71.7,关注
C0106,2025-05-01,True,90.8,88.7,15.0,84.0,70.6,关注
C0106,2025-06-01,True,89.3,89.0,15.0,85.3,70.2,关注
C0106,2025-07-01,True,90.7,90.5,15.0,85.3,71.2,关注
C0106,2025-08-01,True,91.4,92.1,15.0,86.0,72.0,关注
C0107,2024-09-01,True,91.1,90.0,52.8,80.0,80.1,健康
C0107,2024-10-01,True,91.1,90.0,52.8,76.0,79.7,关注
C0107,2024-11-01,True,91.1,90.0,52.8,84.0,80.5,健康
C0107,2024-12-01,True,86.7,90.0,52.8,86.0,79.0,关注
C0107,2025-01-01,True,84.7,85.7,52.8,85.5,77.1,关注
C0107,2025-02-01,True,49.9,55.9,52.8,87.0,55.8,高风险
C0107,2025-03-01,True,34.8,22.9,52.8,70.0,39.8,高风险
C0107,2025-04-01,True,45.5,10.0,52.8,62.0,40.1,高风险
C0107,2025-05-01,True,69.5,33.6,52.8,68.7,56.3,高风险
C0107,2025-06-01,True,84.7,100.0,52.8,75.0,79.6,关注
C0107,2025-07-01,True,84.7,100.0,52.8,82.0,80.3,健康
C0107,2025-08-01,True,86.7,100.0,52.8,96.0,82.5,健康
C0108,2024-09-01,True,86.1,90.0,52.8,80.0,78.1,关注
C0108,2024-10-01,True,86.1,90.0,52.8,80.0,78.1,关注
C0108,2024-11-01,True,81.7,87.2,52.8,88.0,76.5,关注
C0108,2024-12-01,True,86.7,86.9,52.8,88.0,78.4,关注
C0108,2025-01-01,True,86.1,90.2,52.8,88.0,79.0,关注
C0108,2025-02-01,True,91.1,86.6,52.8,88.0,80.1,健康
C0108,2025-03-01,True,81.1,83.6,52.8,94.0,75.9,关注
C0108,2025-04-01,True,81.1,79.0,52.8,91.0,74.5,关注
C0108,2025-05-01,True,91.1,83.7,52.8,91.0,79.7,关注
C0108,2025-06-01,True,90.6,92.4,52.8,88.0,81.3,健康
C0108,2025-07-01,True,95.6,100.0,52.8,88.0,85.2,健康
C0108,2025-08-01,True,95.6,99.9,52.8,86.0,85.0,健康
C0109,2024-09-01,True,86.4,90.0,52.8,82.0,78.4,关注
C0109,2024-10-01,True,80.0,92.2,52.8,85.0,76.7,关注
C0109,2024-11-01,True,83.4,89.9,52.8,88.7,77.9,关注
C0109,2024-12-01,True,84.4,85.1,52.8,88.0,77.0,关注
C0109,2025-01-01,True,88.3,87.1,52.8,88.0,79.1,关注
C0109,2025-02-01,True,86.4,84.5,52.8,88.0,77.7,关注
C0109,2025-03-01,True,82.4,86.9,15.0,91.3,67.6,关注
C0109,2025-04-01,True,87.4,94.0,15.0,90.7,71.3,关注
C0109,2025-05-01,True,83.4,88.6,15.0,91.3,68.4,关注
C0109,2025-06-01,True,90.8,96.1,15.0,88.0,72.9,关注
C0109,2025-07-01,True,86.4,92.0,52.8,88.7,79.6,关注
C0109,2025-08-01,True,90.8,99.5,15.0,88.7,73.8,关注
C0110,2024-09-01,True,81.8,90.0,15.0,90.0,68.0,关注
C0110,2024-10-01,True,84.1,87.0,15.0,89.0,68.0,关注
C0110,2024-11-01,True,81.8,87.2,15.0,88.7,67.1,关注
C0110,2024-12-01,True,86.3,88.7,15.0,87.5,69.2,关注
C0110,2025-01-01,True,86.3,85.0,15.0,87.5,68.2,关注
C0110,2025-02-01,True,84.1,82.1,15.0,87.0,66.6,关注
C0110,2025-03-01,True,84.1,83.8,15.0,86.0,66.9,关注
C0110,2025-04-01,True,84.1,95.9,15.0,86.7,70.0,关注
C0110,2025-05-01,True,79.6,91.1,15.0,84.0,66.8,关注
C0110,2025-06-01,True,92.9,98.6,15.0,87.3,74.3,关注
C0110,2025-07-01,True,95.1,95.4,15.0,87.3,74.4,关注
C0110,2025-08-01,True,90.7,98.4,15.0,90.0,73.6,关注
C0111,2024-09-01,True,80.4,90.0,15.0,78.0,66.2,关注
C0111,2024-10-01,True,78.4,94.0,15.0,84.0,67.0,关注
C0111,2024-11-01,True,80.4,95.9,15.0,88.7,68.7,关注
C0111,2024-12-01,True,80.4,89.9,15.0,90.5,67.4,关注
C0111,2025-01-01,True,85.8,90.0,15.0,89.6,69.5,关注
C0111,2025-02-01,True,88.2,91.2,15.0,86.0,70.4,关注
C0111,2025-03-01,True,87.7,94.2,15.0,81.0,70.5,关注
C0111,2025-04-01,True,89.2,91.6,15.0,86.0,70.9,关注
C0111,2025-05-01,True,86.8,89.3,15.0,92.0,70.0,关注
C0111,2025-06-01,True,95.6,87.0,15.0,92.0,72.9,关注
C0111,2025-07-01,True,94.1,90.8,15.0,87.3,72.8,关注
C0111,2025-08-01,True,93.1,95.3,15.0,87.0,73.5,关注
C0112,2024-09-01,True,80.2,90.0,52.8,84.0,76.2,关注
C0112,2024-10-01,True,80.2,100.0,52.8,89.0,79.2,关注
C0112,2024-11-01,True,84.7,100.0,52.8,89.0,81.0,健康
C0112,2024-12-01,True,84.7,90.8,52.8,89.0,78.7,关注
C0112,2025-01-01,True,84.7,89.6,52.8,86.0,78.1,关注
C0112,2025-02-01,True,84.7,87.4,52.8,85.0,77.4,关注
C0112,2025-03-01,True,84.7,80.9,52.8,85.0,75.8,关注
C0112,2025-04-01,True,84.7,91.1,52.8,90.0,78.8,关注
C0112,2025-05-01,True,84.7,95.6,52.8,88.0,79.8,关注
C0112,2025-06-01,True,89.1,95.1,52.8,92.0,81.8,健康
C0112,2025-07-01,True,89.1,92.2,52.8,92.0,81.1,健康
C0112,2025-08-01,True,84.7,85.7,52.8,94.0,77.9,关注
C0113,2024-09-01,True,80.2,90.0,52.8,82.0,76.0,关注
C0113,2024-10-01,True,85.6,94.9,52.8,82.0,79.4,关注
C0113,2024-11-01,True,84.7,93.3,52.8,85.0,78.9,关注
C0113,2024-12-01,True,80.2,87.3,52.8,86.7,75.8,关注
C0113,2025-01-01,True,85.6,90.6,52.8,86.7,78.8,关注
C0113,2025-02-01,True,80.2,90.0,52.8,89.0,76.7,关注
C0113,2025-03-01,True,70.4,73.2,52.8,81.0,67.8,关注
C0113,2025-04-01,True,39.2,39.0,52.8,78.0,46.4,高风险
C0113,2025-05-01,True,24.0,10.0,52.8,72.0,32.5,高风险
C0113,2025-06-01,True,14.2,10.0,52.8,67.3,28.1,高风险
C0113,2025-07-01,True,8.9,10.0,15.0,62.0,16.0,高风险
C0113,2025-08-01,True,0.0,10.0,15.0,56.0,11.9,高风险
C0114,2024-09-01,True,81.9,90.0,15.0,80.0,67.0,关注
C0114,2024-10-01,True,79.0,86.1,15.0,94.0,66.3,关注
C0114,2024-11-01,True,84.9,84.4,15.0,92.0,68.0,关注
C0114,2024-12-01,True,86.3,86.8,52.8,91.3,78.6,关注
C0114,2025-01-01,True,83.5,87.4,15.0,90.5,68.0,关注
C0114,2025-02-01,True,87.7,90.0,15.0,86.7,70.0,关注
C0114,2025-03-01,True,89.1,94.1,15.0,90.0,71.9,关注
C0114,2025-04-01,True,86.3,95.5,15.0,88.7,71.0,关注
C0114,2025-05-01,True,93.6,86.2,15.0,90.7,71.8,关注
C0114,2025-06-01,True,90.7,85.3,15.0,87.3,70.1,关注
C0114,2025-07-01,True,90.7,87.0,15.0,89.3,70.7,关注
C0114,2025-08-01,True,95.6,97.4,15.0,88.0,75.1,关注
C0115,2024-09-01,True,91.1,90.0,52.8,80.0,80.1,健康
C0115,2024-10-01,True,91.1,90.0,52.8,84.0,80.5,健康
C0115,2024-11-01,True,91.1,90.0,52.8,85.0,80.6,健康
C0115,2024-12-01,True,91.1,90.0,52.8,84.7,80.6,健康
C0115,2025-01-01,True,91.1,90.0,52.8,85.0,80.6,健康
C0115,2025-02-01,True,83.6,85.2,52.8,85.0,76.5,关注
C0115,2025-03-01,True,91.1,85.2,52.8,86.0,79.6,关注
C0115,2025-04-01,True,91.1,77.5,52.8,84.0,77.4,关注
C0115,2025-05-01,True,83.6,74.7,52.8,81.0,73.4,关注
C0115,2025-06-01,True,76.1,58.6,52.8,75.3,65.8,关注
C0115,2025-07-01,False,7.5,28.6,52.8,71.0,30.4,高风险
C0115,2025-08-01,False,0.0,10.0,52.8,64.0,22.1,高风险
C0116,2024-09-01,True,91.1,90.0,52.8,88.0,80.9,健康
C0116,2024-10-01,True,91.1,90.0,52.8,87.0,80.8,健康
C0116,2024-11-01,True,91.1,90.0,52.8,88.7,81.0,健康
C0116,2024-12-01,True,91.1,90.0,52.8,88.0,80.9,健康
C0116,2025-01-01,True,87.4,87.7,52.8,87.2,78.8,关注
C0116,2025-02-01,True,87.4,82.5,52.8,85.0,77.3,关注
C0116,2025-03-01,True,91.1,82.5,52.8,84.0,78.7,关注
C0116,2025-04-01,True,87.4,86.1,52.8,80.0,77.7,关注
C0116,2025-05-01,False,6.2,52.3,52.8,80.0,36.8,高风险
C0116,2025-06-01,False,0.0,12.2,52.8,80.0,24.2,高风险
C0116,2025-07-01,False,0.0,10.0,52.8,80.0,23.7,高风险
C0116,2025-08-01,False,0.0,10.0,52.8,80.0,23.7,高风险
C0117,2024-09-01,True,91.1,90.0,52.8,80.0,80.1,健康
C0117,2024-10-01,True,91.1,90.0,52.8,84.0,80.5,健康
C0117,2024-11-01,True,91.1,90.0,52.8,84.0,80.5,健康
C0117,2024-12-01,True,91.1,90.0,52.8,85.0,80.6,健康
C0117,2025-01-01,True,91.1,90.0,52.8,86.0,80.7,健康
C0117,2025-02-01,True,91.1,82.5,52.8,87.3,79.0,关注
C0117,2025-03-01,True,91.1,75.0,52.8,84.7,76.9,关注
C0117,2025-04-01,True,76.1,59.3,52.8,80.0,66.5,关注
C0117,2025-05-01,True,76.1,56.5,52.8,74.0,65.2,关注
C0117,2025-06-01,False,15.0,25.6,52.8,72.0,32.8,高风险
C0117,2025-07-01,False,0.0,10.0,52.8,70.0,22.7,高风险
C0117,2025-08-01,False,0.0,10.0,52.8,80.0,23.7,高风险
C0118,2024-09-01,True,75.7,90.0,15.0,94.0,65.9,关注
C0118,2024-10-01,True,78.6,90.4,15.0,92.0,67.0,关注
C0118,2024-11-01,True,81.5,93.2,15.0,88.7,68.5,关注
C0118,2024-12-01,True,85.9,95.1,52.8,89.0,80.3,健康
C0118,2025-01-01,True,88.8,94.5,52.8,92.0,81.5,健康
C0118,2025-02-01,True,88.8,100.0,52.8,94.0,83.1,健康
C0118,2025-03-01,True,91.1,100.0,52.8,96.0,84.2,健康
C0118,2025-04-01,True,91.1,100.0,52.8,90.0,83.6,健康
C0118,2025-05-01,True,88.8,94.5,52.8,88.7,81.2,健康
C0118,2025-06-01,True,95.6,84.3,52.8,85.0,81.0,健康
C0118,2025-07-01,True,93.2,80.4,52.8,86.0,79.2,关注
C0118,2025-08-01,True,95.6,88.0,52.8,91.0,82.5,健康
C0119,2024-09-01,True,81.8,90.0,15.0,84.0,67.4,关注
C0119,2024-10-01,True,83.3,91.4,15.0,84.0,68.3,关注
C0119,2024-11-01,True,78.7,89.0,15.0,85.3,66.0,关注
C0119,2024-12-01,True,81.8,87.6,15.0,85.0,66.9,关注
C0119,2025-01-01,True,86.4,92.1,15.0,84.4,69.7,关注
C0119,2025-02-01,True,80.2,92.8,15.0,84.0,67.5,关注
C0119,2025-03-01,True,81.8,92.8,15.0,85.3,68.2,关注
C0119,2025-04-01,True,81.8,87.9,15.0,85.3,67.0,关注
C0119,2025-05-01,True,66.6,68.7,15.0,83.3,55.9,高风险
C0119,2025-06-01,False,1.5,29.0,15.0,81.0,19.7,高风险
C0119,2025-07-01,False,0.0,10.0,15.0,80.0,14.2,高风险
C0119,2025-08-01,False,0.0,10.0,15.0,80.0,14.2,高风险
C0120,2024-09-01,True,78.0,90.0,52.8,80.0,74.9,关注
C0120,2024-10-01,True,81.9,95.9,52.8,80.0,77.9,关注
C0120,2024-11-01,True,90.3,98.9,52.8,86.0,82.7,健康
C0120,2024-12-01,True,82.4,88.9,52.8,86.0,77.0,关注
C0120,2025-01-01,True,86.4,82.8,52.8,87.0,77.1,关注
C0120,2025-02-01,True,90.3,77.4,52.8,92.0,77.9,关注
C0120,2025-03-01,True,86.4,81.0,52.8,90.0,77.0,关注
C0120,2025-04-01,True,82.4,89.2,52.8,86.0,77.1,关注
C0120,2025-05-01,True,90.3,94.4,52.8,82.0,81.1,健康
C0120,2025-06-01,True,86.4,96.3,52.8,82.7,80.1,健康
C0120,2025-07-01,True,90.8,100.0,52.8,86.0,83.1,健康
C0120,2025-08-01,True,90.8,98.8,52.8,88.0,83.0,健康
C0121,2024-09-01,True,83.4,90.0,15.0,88.0,68.4,关注
C0121,2024-10-01,True,83.4,90.0,15.0,88.0,68.4,关注
C0121,2024-11-01,True,85.5,91.2,15.0,88.7,69.6,关注
C0121,2024-12-01,True,81.4,90.0,15.0,87.0,67.5,关注
C0121,2025-01-01,True,77.3,86.1,15.0,87.2,64.9,关注
C0121,2025-02-01,True,66.8,63.4,15.0,85.0,54.8,高风险
C0121,2025-03-01,True,38.0,33.1,15.0,80.0,35.3,高风险
C0121,2025-04-01,True,23.5,10.0,15.0,71.0,22.7,高风险
C0121,2025-05-01,True,12.9,10.0,15.0,70.7,18.5,高风险
C0121,2025-06-01,True,6.5,10.0,15.0,70.0,15.8,高风险
C0121,2025-07-01,False,2.0,10.0,15.0,70.0,14.1,高风险
C0121,2025-08-01,False,0.0,10.0,15.0,80.0,14.2,高风险
C0122,2024-09-01,True,80.2,90.0,15.0,78.0,66.1,关注
C0122,2024-10-01,True,78.5,94.4,15.0,81.0,66.9,关注
C0122,2024-11-01,True,85.2,95.1,15.0,82.7,69.9,关注
C0122,2024-12-01,True,83.1,93.9,15.0,85.0,69.0,关注
C0122,2025-01-01,True,83.0,91.8,15.0,86.4,68.5,关注
C0122,2025-02-01,True,87.5,95.2,15.0,92.0,71.7,关注
C0122,2025-03-01,True,89.8,88.9,15.0,93.3,71.2,关注
C0122,2025-04-01,True,88.1,98.1,15.0,91.3,72.6,关注
C0122,2025-05-01,True,87.5,98.9,15.0,88.7,72.3,关注
C0122,2025-06-01,True,86.4,99.1,15.0,88.0,71.9,关注
C0122,2025-07-01,True,94.2,89.3,15.0,89.0,72.7,关注
C0122,2025-08-01,True,90.3,80.5,15.0,96.0,69.6,关注
C0123,2024-09-01,True,82.0,90.0,15.0,92.0,68.3,关注
C0123,2024-10-01,True,80.2,87.6,15.0,91.0,66.9,关注
C0123,2024-11-01,True,80.2,83.6,15.0,89.3,65.7,关注
C0123,2024-12-01,True,90.0,91.9,52.8,88.0,81.0,健康
C0123,2025-01-01,True,86.5,96.7,52.8,87.6,80.7,健康
C0123,2025-02-01,True,88.3,100.0,52.8,85.0,82.0,健康
C0123,2025-03-01,True,86.5,89.0,52.8,88.0,78.8,关注
C0123,2025-04-01,True,82.9,81.0,52.8,91.0,75.7,关注
C0123,2025-05-01,True,84.7,70.5,52.8,95.3,74.2,关注
C0123,2025-06-01,True,88.3,88.7,52.8,94.7,80.2,健康
C0123,2025-07-01,True,94.5,96.5,52.8,90.7,84.2,健康
C0123,2025-08-01,True,94.5,100.0,52.8,89.3,84.9,健康
C0124,2024-09-01,True,91.1,90.0,52.8,88.0,80.9,健康
C0124,2024-10-01,True,87.4,81.5,52.8,88.0,77.3,关注
C0124,2024-11-01,True,82.9,78.7,52.8,88.0,74.8,关注
C0124,2024-12-01,True,87.4,85.4,52.8,88.0,78.3,关注
C0124,2025-01-01,True,87.4,87.5,52.8,88.0,78.8,关注
C0124,2025-02-01,True,45.9,58.1,52.8,79.0,54.0,高风险
C0124,2025-03-01,True,32.1,29.1,52.8,70.0,40.3,高风险
C0124,2025-04-01,True,41.5,10.0,52.8,70.0,39.3,高风险
C0124,2025-05-01,True,68.6,29.2,52.8,80.0,55.9,高风险
C0124,2025-06-01,True,78.0,100.0,52.8,80.0,77.4,关注
C0124,2025-07-01,True,87.4,100.0,52.8,80.0,81.1,健康
C0124,2025-08-01,True,91.1,100.0,52.8,80.0,82.6,健康
C0125,2024-09-01,True,78.8,90.0,52.8,88.0,76.0,关注
C0125,2024-10-01,True,82.1,91.8,52.8,87.0,77.7,关注
C0125,2024-11-01,True,88.2,93.5,52.8,87.3,80.6,健康
C0125,2024-12-01,True,85.4,94.9,15.0,87.3,70.4,关注
C0125,2025-01-01,True,88.2,92.3,15.0,87.3,70.8,关注
C0125,2025-02-01,True,88.2,95.2,15.0,84.0,71.2,关注
C0125,2025-03-01,True,91.1,87.8,15.0,89.0,71.0,关注
C0125,2025-04-01,True,88.2,88.7,15.0,88.7,70.1,关注
C0125,2025-05-01,True,95.6,91.8,15.0,88.7,73.8,关注
C0125,2025-06-01,True,89.8,96.8,15.0,86.7,72.5,关注
C0125,2025-07-01,True,91.1,98.5,15.0,86.0,73.4,关注
C0125,2025-08-01,True,88.2,92.1,15.0,86.7,70.7,关注
C0126,2024-09-01,True,91.1,90.0,15.0,90.0,71.7,关注
C0126,2024-10-01,True,82.8,81.4,15.0,90.0,66.2,关注
C0126,2024-11-01,True,78.8,74.9,15.0,84.0,62.4,关注
C0126,2024-12-01,True,72.4,77.5,15.0,81.3,60.2,关注
C0126,2025-01-01,True,65.4,77.4,15.0,81.5,57.4,高风险
C0126,2025-02-01,True,62.0,55.0,15.0,78.7,50.2,高风险
C0126,2025-03-01,True,58.0,54.7,15.0,76.7,48.3,高风险
C0126,2025-04-01,True,49.1,56.3,15.0,72.7,44.7,高风险
C0126,2025-05-01,False,0.5,28.5,15.0,70.0,18.1,高风险
C0126,2025-06-01,False,0.0,10.0,15.0,70.0,13.2,高风险
C0126,2025-07-01,False,0.0,10.0,15.0,80.0,14.2,高风险
C0126,2025-08-01,False,0.0,10.0,15.0,80.0,14.2,高风险
C0127,2024-09-01,True,76.7,90.0,52.8,80.0,74.4,关注
C0127,2024-10-01,True,89.4,94.9,52.8,92.0,81.9,健康
C0127,2024-11-01,True,89.4,98.9,52.8,95.0,83.2,健康
C0127,2024-12-01,True,76.7,94.7,52.8,95.0,77.0,关注
C0127,2025-01-01,True,89.4,94.3,52.8,95.0,82.1,健康
C0127,2025-02-01,True,89.4,100.0,52.8,90.0,83.0,健康
C0127,2025-03-01,True,81.1,96.5,52.8,92.0,79.0,关注
C0127,2025-04-01,True,81.1,83.7,52.8,91.3,75.7,关注
C0127,2025-05-01,True,89.4,79.2,52.8,92.0,78.0,关注
C0127,2025-06-01,True,93.9,83.7,52.8,87.0,80.4,健康
C0127,2025-07-01,True,89.4,92.9,52.8,84.0,80.6,健康
C0127,2025-08-01,True,93.9,92.9,52.8,81.0,82.1,健康
C0128,2024-09-01,True,84.2,90.0,15.0,88.0,68.7,关注
C0128,2024-10-01,True,82.5,88.3,15.0,87.0,67.5,关注
C0128,2024-11-01,True,86.9,87.8,15.0,86.0,69.1,关注
C0128,2024-12-01,True,82.5,89.1,15.0,86.0,67.6,关注
C0128,2025-01-01,True,84.2,90.2,15.0,86.0,68.6,关注
C0128,2025-02-01,True,80.7,88.8,15.0,85.3,66.8,关注
C0128,2025-03-01,True,68.5,69.1,15.0,85.0,56.9,高风险
C0128,2025-04-01,True,33.5,33.0,15.0,78.0,33.2,高风险
C0128,2025-05-01,True,20.3,10.0,15.0,69.0,21.3,高风险
C0128,2025-06-01,True,12.4,10.0,15.0,66.0,17.8,高风险
C0128,2025-07-01,True,6.2,10.0,15.0,62.0,14.9,高风险
C0128,2025-08-01,False,1.7,10.0,15.0,60.0,12.9,高风险
C0129,2024-09-01,True,87.1,90.0,15.0,82.0,69.3,关注
C0129,2024-10-01,True,87.1,90.0,15.0,82.0,69.3,关注
C0129,2024-11-01,True,90.1,91.8,15.0,82.0,71.0,关注
C0129,2024-12-01,True,85.8,90.8,15.0,84.0,69.2,关注
C0129,2025-01-01,True,89.5,84.9,15.0,84.5,69.2,关注
C0129,2025-02-01,True,86.4,72.8,15.0,84.7,65.0,关注
C0129,2025-03-01,True,83.4,64.7,15.0,83.0,61.6,关注
C0129,2025-04-01,True,80.9,64.9,15.0,80.0,60.3,关注
C0129,2025-05-01,True,77.8,68.7,15.0,80.0,60.0,关注
C0129,2025-06-01,True,74.8,71.9,15.0,80.0,59.6,高风险
C0129,2025-07-01,True,71.7,70.4,15.0,54.0,55.4,高风险
C0129,2025-08-01,True,68.6,68.8,15.0,50.0,53.4,高风险
C0130,2024-09-01,True,91.1,90.0,15.0,82.0,70.9,关注
C0130,2024-10-01,True,91.1,90.0,15.0,84.0,71.1,关注
C0130,2024-11-01,True,89.7,88.0,15.0,84.7,70.1,关注
C0130,2024-12-01,True,91.1,87.8,15.0,86.0,70.7,关注
C0130,2025-01-01,True,89.7,89.0,15.0,85.6,70.4,关注
C0130,2025-02-01,True,90.5,87.5,15.0,87.0,70.5,关注
C0130,2025-03-01,True,91.1,88.5,15.0,84.0,70.7,关注
C0130,2025-04-01,True,91.1,91.8,15.0,86.0,71.7,关注
C0130,2025-05-01,False,0.8,52.5,15.0,86.0,25.8,高风险
C0130,2025-06-01,False,0.0,14.2,15.0,86.0,15.9,高风险
C0130,2025-07-01,False,0.0,10.0,15.0,80.0,14.2,高风险
C0130,2025-08-01,False,0.0,10.0,15.0,80.0,14.2,高风险
C0131,2024-09-01,True,85.3,90.0,15.0,80.0,68.4,关注
C0131,2024-10-01,True,80.8,91.9,15.0,84.0,67.5,关注
C0131,2024-11-01,True,76.7,90.0,15.0,88.0,65.7,关注
C0131,2024-12-01,True,83.9,91.3,15.0,88.0,68.9,关注
C0131,2025-01-01,True,86.7,94.6,15.0,89.5,71.0,关注
C0131,2025-02-01,True,86.7,100.0,15.0,90.0,72.4,关注
C0131,2025-03-01,True,88.1,94.3,15.0,92.0,71.7,关注
C0131,2025-04-01,True,91.1,92.9,15.0,90.7,72.5,关注
C0131,2025-05-01,True,89.4,91.5,15.0,92.7,71.7,关注
C0131,2025-06-01,True,88.1,94.5,15.0,89.3,71.5,关注
C0131,2025-07-01,True,93.9,91.6,15.0,89.3,73.1,关注
C0131,2025-08-01,True,95.6,90.2,15.0,87.3,73.3,关注
C0132,2024-09-01,True,78.6,90.0,15.0,92.0,66.9,关注
C0132,2024-10-01,True,78.6,83.8,15.0,96.0,65.7,关注
C0132,2024-11-01,True,88.8,86.2,15.0,96.0,70.4,关注
C0132,2024-12-01,True,84.7,91.8,15.0,93.3,69.9,关注
C0132,2025-01-01,True,87.2,92.1,15.0,90.0,70.6,关注
C0132,2025-02-01,True,86.3,92.5,15.0,88.0,70.2,关注
C0132,2025-03-01,True,86.3,93.4,15.0,88.0,70.4,关注
C0132,2025-04-01,True,94.9,86.1,15.0,86.7,71.9,关注
C0132,2025-05-01,True,91.6,92.6,15.0,82.0,71.7,关注
C0132,2025-06-01,True,91.6,94.4,15.0,79.0,71.9,关注
C0132,2025-07-01,True,91.6,93.5,15.0,84.0,72.2,关注
C0132,2025-08-01,True,91.6,91.1,15.0,86.0,71.8,关注
C0133,2024-09-01,True,86.4,90.0,15.0,80.0,68.8,关注
C0133,2024-10-01,True,83.3,86.6,15.0,94.0,68.1,关注
C0133,2024-11-01,True,86.2,87.9,15.0,94.0,69.6,关注
C0133,2024-12-01,True,87.7,89.5,15.0,94.0,70.6,关注
C0133,2025-01-01,True,90.8,89.6,15.0,93.0,71.8,关注
C0133,2025-02-01,True,84.7,84.7,15.0,98.0,68.6,关注
C0133,2025-03-01,True,86.2,93.3,15.0,94.0,71.0,关注
C0133,2025-04-01,True,83.2,89.3,15.0,95.0,68.8,关注
C0133,2025-05-01,True,89.3,98.3,15.0,90.0,73.0,关注
C0133,2025-06-01,True,93.7,90.8,15.0,93.0,73.2,关注
C0133,2025-07-01,True,90.7,89.2,15.0,92.0,71.5,关注
C0133,2025-08-01,True,95.6,86.5,15.0,90.7,72.7,关注
C0134,2024-09-01,True,86.7,90.0,52.8,82.0,78.6,关注
C0134,2024-10-01,True,85.7,95.6,52.8,85.0,79.9,关注
C0134,2024-11-01,True,86.7,98.5,52.8,85.0,81.0,健康
C0134,2024-12-01,True,85.7,90.6,52.8,85.0,78.6,关注
C0134,2025-01-01,True,85.7,88.9,52.8,86.0,78.3,关注
C0134,2025-02-01,True,85.7,86.9,52.8,88.0,78.0,关注
C0134,2025-03-01,True,91.1,95.3,52.8,90.0,82.5,健康
C0134,2025-04-01,True,85.7,88.2,52.8,92.0,78.7,关注
C0134,2025-05-01,True,85.7,86.9,52.8,89.0,78.1,关注
C0134,2025-06-01,True,90.1,71.6,52.8,86.0,75.7,关注
C0134,2025-07-01,True,90.1,81.3,52.8,86.0,78.2,关注
C0134,2025-08-01,True,85.7,91.1,52.8,81.0,78.3,关注
C0135,2024-09-01,True,83.1,90.0,15.0,86.0,68.1,关注
C0135,2024-10-01,True,86.7,95.0,15.0,85.0,70.7,关注
C0135,2024-11-01,True,82.2,92.8,15.0,84.0,68.2,关注
C0135,2024-12-01,True,87.6,86.8,15.0,84.5,68.9,关注
C0135,2025-01-01,True,79.4,87.2,15.0,84.4,65.8,关注
C0135,2025-02-01,True,81.3,83.1,15.0,84.0,65.4,关注
C0135,2025-03-01,True,74.1,66.8,15.0,80.7,58.1,高风险
C0135,2025-04-01,True,42.8,43.8,15.0,79.0,39.7,高风险
C0135,2025-05-01,True,30.7,12.4,15.0,71.0,26.2,高风险
C0135,2025-06-01,True,15.4,10.0,15.0,65.0,18.9,高风险
C0135,2025-07-01,True,11.7,10.0,15.0,62.7,17.2,高风险
C0135,2025-08-01,True,6.3,10.0,15.0,58.0,14.6,高风险
C0136,2024-09-01,True,77.7,90.0,15.0,94.0,66.7,关注
C0136,2024-10-01,True,88.6,85.8,15.0,94.0,70.0,关注
C0136,2024-11-01,True,82.5,81.5,15.0,86.0,65.7,关注
C0136,2024-12-01,True,90.2,89.6,15.0,88.0,71.0,关注
C0136,2025-01-01,True,83.8,93.9,15.0,88.5,69.6,关注
C0136,2025-02-01,True,88.6,100.0,15.0,91.0,73.3,关注
C0136,2025-03-01,True,88.6,100.0,15.0,86.0,72.8,关注
C0136,2025-04-01,True,87.0,100.0,15.0,83.0,71.8,关注
C0136,2025-05-01,True,87.0,90.3,15.0,86.0,69.7,关注
C0136,2025-06-01,True,89.8,90.4,15.0,88.0,71.1,关注
C0136,2025-07-01,True,89.8,85.4,15.0,87.3,69.8,关注
C0136,2025-08-01,True,91.4,80.9,15.0,87.3,69.3,关注
C0137,2024-09-01,True,79.2,90.0,52.8,86.0,76.0,关注
C0137,2024-10-01,True,79.2,90.0,52.8,86.0,76.0,关注
C0137,2024-11-01,True,79.2,90.0,52.8,86.7,76.0,关注
C0137,2024-12-01,True,79.2,90.0,52.8,86.5,76.0,关注
C0137,2025-01-01,True,86.7,92.9,52.8,86.5,79.7,关注
C0137,2025-02-01,True,79.2,94.8,52.8,84.0,77.0,关注
C0137,2025-03-01,True,79.2,94.8,52.8,84.0,77.0,关注
C0137,2025-04-01,True,86.7,90.0,52.8,84.7,78.8,关注
C0137,2025-05-01,True,67.2,72.6,52.8,82.7,66.5,关注
C0137,2025-06-01,False,7.5,34.1,52.8,81.0,32.8,高风险
C0137,2025-07-01,False,0.0,10.0,52.8,76.0,23.3,高风险
C0137,2025-08-01,False,0.0,10.0,52.8,80.0,23.7,高风险
C0138,2024-09-01,True,74.7,90.0,15.0,88.0,64.9,关注
C0138,2024-10-01,True,84.0,100.0,15.0,85.0,70.9,关注
C0138,2024-11-01,True,87.5,100.0,15.0,87.3,72.5,关注
C0138,2024-12-01,True,79.1,88.5,15.0,87.3,66.3,关注
C0138,2025-01-01,True,84.1,89.1,15.0,87.0,68.3,关注
C0138,2025-02-01,True,86.0,88.7,15.0,89.0,69.2,关注
C0138,2025-03-01,True,86.5,85.8,15.0,87.3,68.5,关注
C0138,2025-04-01,True,83.6,88.3,15.0,86.7,67.9,关注
C0138,2025-05-01,True,81.6,80.8,15.0,82.0,64.8,关注
C0138,2025-06-01,True,89.9,80.3,15.0,86.0,68.4,关注
C0138,2025-07-01,True,87.5,87.5,15.0,87.0,69.3,关注
C0138,2025-08-01,True,90.0,98.4,15.0,90.0,73.3,关注
C0139,2024-09-01,True,86.7,90.0,15.0,84.0,69.3,关注
C0139,2024-10-01,True,79.2,82.2,15.0,86.0,64.6,关注
C0139,2024-11-01,True,79.2,80.5,15.0,89.3,64.5,关注
C0139,2024-12-01,True,81.7,85.8,15.0,89.3,66.8,关注
C0139,2025-01-01,True,86.1,88.2,15.0,91.0,69.4,关注
C0139,2025-02-01,True,86.1,89.1,15.0,88.0,69.3,关注
C0139,2025-03-01,True,83.6,97.4,52.8,88.7,79.8,关注
C0139,2025-04-01,True,86.1,97.0,52.8,84.7,80.4,健康
C0139,2025-05-01,True,83.6,90.3,15.0,87.3,68.5,关注
C0139,2025-06-01,True,88.1,86.8,15.0,86.0,69.3,关注
C0139,2025-07-01,True,90.6,79.7,15.0,88.0,68.7,关注
C0139,2025-08-01,True,88.1,83.6,52.8,80.0,77.3,关注
C0140,2024-09-01,True,79.9,90.0,52.8,94.0,77.1,关注
C0140,2024-10-01,True,79.9,82.8,52.8,94.0,75.3,关注
C0140,2024-11-01,True,81.9,81.2,52.8,90.0,75.3,关注
C0140,2024-12-01,True,84.3,93.4,15.0,89.3,69.8,关注
C0140,2025-01-01,True,79.9,93.4,15.0,89.0,67.9,关注
C0140,2025-02-01,True,84.3,98.6,15.0,88.0,70.9,关注
C0140,2025-03-01,True,84.3,84.2,15.0,87.0,67.2,关注
C0140,2025-04-01,True,86.8,85.2,52.8,88.0,78.0,关注
C0140,2025-05-01,True,93.6,85.7,52.8,91.3,81.2,健康
C0140,2025-06-01,True,88.8,100.0,52.8,90.7,82.8,健康
C0140,2025-07-01,True,86.4,98.6,52.8,92.7,81.7,健康
C0140,2025-08-01,True,88.8,87.0,52.8,92.0,79.7,关注
C0141,2024-09-01,True,80.1,90.0,15.0,98.0,68.1,关注
C0141,2024-10-01,True,87.0,90.3,15.0,97.0,70.8,关注
C0141,2024-11-01,True,85.8,87.9,15.0,95.3,69.6,关注
C0141,2024-12-01,True,85.1,92.3,15.0,90.5,69.9,关注
C0141,2025-01-01,True,87.0,95.8,15.0,88.8,71.4,关注
C0141,2025-02-01,True,89.6,100.0,15.0,81.3,72.7,关注
C0141,2025-03-01,True,83.2,92.9,15.0,90.0,69.3,关注
C0141,2025-04-01,True,88.3,90.3,15.0,94.0,71.0,关注
C0141,2025-05-01,True,91.5,77.2,15.0,96.0,69.3,关注
C0141,2025-06-01,True,90.2,85.1,15.0,89.0,70.0,关注
C0141,2025-07-01,True,90.9,86.2,15.0,88.7,70.5,关注
C0141,2025-08-01,False,1.3,55.0,15.0,88.0,26.8,高风险
C0142,2024-09-01,True,77.6,90.0,15.0,80.0,65.3,关注
C0142,2024-10-01,True,82.9,95.7,15.0,84.0,69.2,关注
C0142,2024-11-01,True,87.4,99.9,15.0,90.0,72.7,关注
C0142,2024-12-01,True,84.7,94.0,15.0,88.0,69.9,关注
C0142,2025-01-01,True,84.7,89.3,15.0,88.5,68.8,关注
C0142,2025-02-01,True,82.0,89.7,15.0,88.0,67.8,关注
C0142,2025-03-01,True,90.0,90.8,15.0,91.3,71.6,关注
C0142,2025-04-01,True,91.1,96.4,15.0,92.0,73.5,关注
C0142,2025-05-01,True,91.1,100.0,15.0,91.3,74.3,关注
C0142,2025-06-01,True,87.4,95.1,15.0,89.3,71.4,关注
C0142,2025-07-01,True,84.7,87.3,15.0,88.0,68.2,关注
C0142,2025-08-01,True,94.5,81.2,15.0,89.3,70.8,关注
C0143,2024-09-01,True,88.5,90.0,15.0,88.0,70.4,关注
C0143,2024-10-01,True,90.7,91.9,15.0,89.0,71.9,关注
C0143,2024-11-01,True,88.5,91.3,15.0,89.0,70.9,关注
C0143,2024-12-01,True,91.1,90.8,15.0,89.3,71.8,关注
C0143,2025-01-01,True,90.7,91.7,15.0,89.0,71.8,关注
C0143,2025-02-01,True,90.7,93.7,15.0,89.3,72.4,关注
C0143,2025-03-01,True,90.7,90.2,15.0,89.0,71.5,关注
C0143,2025-04-01,True,88.5,88.7,15.0,87.0,70.0,关注
C0143,2025-05-01,True,91.1,90.0,15.0,83.0,71.0,关注
C0143,2025-06-01,True,35.4,58.2,15.0,75.3,40.0,高风险
C0143,2025-07-01,True,13.3,21.9,15.0,62.7,20.8,高风险
C0143,2025-08-01,True,2.2,10.0,15.0,49.3,12.1,高风险
C0144,2024-09-01,True,82.9,90.0,15.0,86.0,68.0,关注
C0144,2024-10-01,True,82.9,83.4,15.0,92.0,67.0,关注
C0144,2024-11-01,True,82.9,82.8,15.0,92.0,66.8,关注
C0144,2024-12-01,True,90.0,88.9,52.8,88.7,80.3,健康
C0144,2025-01-01,True,84.7,88.6,52.8,87.0,77.9,关注
C0144,2025-02-01,True,90.0,89.7,52.8,85.3,80.2,健康
C0144,2025-03-01,True,87.4,94.4,52.8,86.0,80.3,健康
C0144,2025-04-01,True,91.1,100.0,15.0,87.3,73.9,关注
C0144,2025-05-01,True,90.0,99.8,52.8,85.3,82.7,健康
C0144,2025-06-01,True,95.6,98.7,52.8,84.0,84.5,健康
C0144,2025-07-01,True,95.6,85.7,52.8,86.0,81.4,健康
C0144,2025-08-01,True,94.5,84.4,52.8,86.0,80.7,健康
C0145,2024-09-01,True,89.4,90.0,52.8,80.0,79.5,关注
C0145,2024-10-01,True,89.4,90.0,52.8,94.0,80.9,健康
C0145,2024-11-01,True,91.1,92.6,52.8,89.0,81.7,健康
C0145,2024-12-01,True,91.1,93.8,52.8,87.3,81.8,健康
C0145,2025-01-01,True,89.4,90.5,52.8,89.5,80.6,健康
C0145,2025-02-01,True,51.1,65.2,52.8,90.0,58.9,高风险
C0145,2025-03-01,True,34.2,28.3,52.8,77.0,41.6,高风险
C0145,2025-04-01,True,42.5,10.0,52.8,61.0,38.8,高风险
C0145,2025-05-01,True,72.8,29.2,15.0,66.7,46.8,高风险
C0145,2025-06-01,True,81.1,100.0,52.8,78.7,78.5,关注
C0145,2025-07-01,True,89.4,100.0,15.0,86.7,73.2,关注
C0145,2025-08-01,True,91.1,100.0,15.0,92.7,74.5,关注
C0146,2024-09-01,True,76.7,90.0,52.8,80.0,74.4,关注
C0146,2024-10-01,True,76.7,86.5,52.8,80.0,73.5,关注
C0146,2024-11-01,True,81.1,88.4,52.8,90.0,76.8,关注
C0146,2024-12-01,True,81.1,90.0,52.8,87.0,76.8,关注
C0146,2025-01-01,True,81.1,86.8,52.8,88.0,76.2,关注
C0146,2025-02-01,True,91.1,98.1,52.8,86.0,82.8,健康
C0146,2025-03-01,True,91.1,100.0,52.8,86.0,83.2,健康
C0146,2025-04-01,True,91.1,100.0,52.8,84.0,83.0,健康
C0146,2025-05-01,True,81.1,96.2,52.8,86.0,78.3,关注
C0146,2025-06-01,True,95.6,94.1,52.8,92.0,84.2,健康
C0146,2025-07-01,True,91.1,88.1,52.8,90.7,80.7,健康
C0146,2025-08-01,True,95.6,100.0,52.8,92.0,85.6,健康
C0147,2024-09-01,True,88.5,90.0,52.8,82.0,79.3,关注
C0147,2024-10-01,True,79.6,83.1,52.8,84.0,74.2,关注
C0147,2024-11-01,True,79.6,79.5,52.8,83.3,73.2,关注
C0147,2024-12-01,True,70.8,80.9,52.8,81.5,69.9,关注
C0147,2025-01-01,True,66.3,78.8,52.8,80.8,67.5,关注
C0147,2025-02-01,True,57.5,56.1,52.8,76.0,57.8,高风险
C0147,2025-03-01,True,57.5,54.4,52.8,74.7,57.3,高风险
C0147,2025-04-01,True,48.6,52.6,52.8,73.0,53.1,高风险
C0147,2025-05-01,True,44.2,53.4,52.8,72.0,51.4,高风险
C0147,2025-06-01,True,39.8,51.0,52.8,66.0,48.5,高风险
C0147,2025-07-01,True,35.4,47.9,52.8,66.0,45.9,高风险
C0147,2025-08-01,False,4.4,26.0,52.8,66.0,28.1,高风险
C0148,2024-09-01,True,84.4,90.0,52.8,84.0,77.8,关注
C0148,2024-10-01,True,78.6,79.8,52.8,84.0,73.0,关注
C0148,2024-11-01,True,84.4,82.3,52.8,89.0,76.4,关注
C0148,2024-12-01,True,83.0,92.1,52.8,90.0,78.4,关注
C0148,2025-01-01,True,84.4,89.5,52.8,90.0,78.3,关注
C0148,2025-02-01,True,83.0,86.5,52.8,96.0,77.6,关注
C0148,2025-03-01,True,83.0,90.3,52.8,100.0,79.0,关注
C0148,2025-04-01,True,88.8,86.2,52.8,95.0,79.8,关注
C0148,2025-05-01,True,83.0,91.7,52.8,91.0,78.4,关注
C0148,2025-06-01,True,87.5,86.4,52.8,88.0,78.6,关注
C0148,2025-07-01,True,83.0,84.2,52.8,90.0,76.5,关注
C0148,2025-08-01,True,87.5,83.0,52.8,88.0,77.7,关注
C0149,2024-09-01,True,85.1,90.0,15.0,84.0,68.7,关注
C0149,2024-10-01,True,82.2,91.4,15.0,85.0,68.0,关注
C0149,2024-11-01,True,80.7,92.3,15.0,84.7,67.6,关注
C0149,2024-12-01,True,88.1,95.5,15.0,85.5,71.4,关注
C0149,2025-01-01,True,85.1,93.8,15.0,86.0,69.9,关注
C0149,2025-02-01,True,82.1,91.0,15.0,86.7,68.0,关注
C0149,2025-03-01,True,92.6,77.0,15.0,86.0,68.6,关注
C0149,2025-04-01,True,89.6,80.4,15.0,84.0,68.1,关注
C0149,2025-05-01,True,86.6,93.8,15.0,84.0,70.2,关注
C0149,2025-06-01,True,91.1,100.0,15.0,82.0,73.4,关注
C0149,2025-07-01,True,91.1,100.0,52.8,84.0,83.0,健康
C0149,2025-08-01,True,89.6,100.0,15.0,87.0,73.3,关注
C0150,2024-09-01,True,91.1,90.0,15.0,88.0,71.5,关注
C0150,2024-10-01,True,89.6,85.8,15.0,87.0,69.7,关注
C0150,2024-11-01,True,91.1,85.4,15.0,86.7,70.2,关注
C0150,2024-12-01,True,89.6,88.6,15.0,87.0,70.4,关注
C0150,2025-01-01,True,91.1,89.6,15.0,86.0,71.2,关注
C0150,2025-02-01,True,89.6,88.0,15.0,84.7,70.1,关注
C0150,2025-03-01,True,91.1,92.5,15.0,84.0,71.7,关注
C0150,2025-04-01,True,91.1,90.8,15.0,87.3,71.6,关注
C0150,2025-05-01,True,89.6,91.7,15.0,88.0,71.3,关注
C0150,2025-06-01,True,35.8,56.3,15.0,79.3,40.1,高风险
C0150,2025-07-01,True,13.4,17.9,15.0,73.0,20.9,高风险
C0150,2025-08-01,True,1.5,10.0,15.0,60.0,12.8,高风险
C0151,2024-09-01,True,80.2,90.0,52.8,98.0,77.6,关注
C0151,2024-10-01,True,80.2,83.3,52.8,98.0,75.9,关注
C0151,2024-11-01,True,80.2,83.0,52.8,93.0,75.4,关注
C0151,2024-12-01,True,84.7,90.3,52.8,93.0,79.0,关注
C0151,2025-01-01,True,84.7,90.4,52.8,90.0,78.7,关注
C0151,2025-02-01,True,84.7,84.7,52.8,90.0,77.2,关注
C0151,2025-03-01,True,84.7,86.2,52.8,90.0,77.6,关注
C0151,2025-04-01,True,91.1,94.5,52.8,91.0,82.4,健康
C0151,2025-05-01,True,91.1,100.0,52.8,86.0,83.2,健康
C0151,2025-06-01,True,95.6,100.0,52.8,86.0,85.0,健康
C0151,2025-07-01,True,95.6,100.0,52.8,86.0,85.0,健康
C0151,2025-08-01,True,84.7,81.5,52.8,89.0,76.3,关注
C0152,2024-09-01,True,78.0,90.0,52.8,96.0,76.5,关注
C0152,2024-10-01,True,81.9,93.1,52.8,91.0,78.3,关注
C0152,2024-11-01,True,78.0,89.7,52.8,88.0,75.6,关注
C0152,2024-12-01,True,86.4,89.4,52.8,88.0,78.9,关注
C0152,2025-01-01,True,86.4,91.8,52.8,88.0,79.5,关注
C0152,2025-02-01,True,85.9,95.6,52.8,80.0,79.5,关注
C0152,2025-03-01,True,86.4,89.4,52.8,89.0,79.0,关注
C0152,2025-04-01,True,86.4,95.1,52.8,92.7,80.8,健康
C0152,2025-05-01,True,86.4,88.3,52.8,99.0,79.7,关注
C0152,2025-06-01,True,94.8,96.4,52.8,96.0,84.8,健康
C0152,2025-07-01,True,91.1,98.4,52.8,92.0,83.5,健康
C0152,2025-08-01,True,95.6,100.0,52.8,91.0,85.5,健康
C0153,2024-09-01,True,85.0,90.0,52.8,84.0,78.1,关注
C0153,2024-10-01,True,79.4,84.5,52.8,86.0,74.7,关注
C0153,2024-11-01,True,82.2,84.6,52.8,85.3,75.8,关注
C0153,2024-12-01,True,82.2,90.1,52.8,85.5,77.2,关注
C0153,2025-01-01,True,79.4,88.9,52.8,86.0,75.8,关注
C0153,2025-02-01,True,79.4,86.2,52.8,86.7,75.2,关注
C0153,2025-03-01,True,82.2,88.0,52.8,86.7,76.8,关注
C0153,2025-04-01,True,82.2,90.0,52.8,85.3,77.1,关注
C0153,2025-05-01,True,82.2,93.5,52.8,85.3,78.0,关注
C0153,2025-06-01,True,61.1,71.2,52.8,84.0,63.9,关注
C0153,2025-07-01,True,34.4,35.1,52.8,76.7,43.4,高风险
C0153,2025-08-01,True,18.9,10.0,52.8,65.3,29.8,高风险
C0154,2024-09-01,True,81.9,90.0,15.0,80.0,67.0,关注
C0154,2024-10-01,True,83.9,91.8,15.0,86.0,68.9,关注
C0154,2024-11-01,True,81.9,91.2,15.0,86.0,67.9,关注
C0154,2024-12-01,True,81.9,88.9,15.0,85.0,67.3,关注
C0154,2025-01-01,True,83.9,90.2,15.0,85.3,68.4,关注
C0154,2025-02-01,True,84.4,88.6,15.0,84.7,68.1,关注
C0154,2025-03-01,True,68.1,68.1,15.0,85.0,56.5,高风险
C0154,2025-04-01,True,35.5,33.7,15.0,84.0,34.8,高风险
C0154,2025-05-01,True,21.2,10.0,52.8,72.0,31.4,高风险
C0154,2025-06-01,True,12.8,10.0,15.0,72.0,18.6,高风险
C0154,2025-07-01,True,10.9,10.0,15.0,65.0,17.1,高风险
C0154,2025-08-01,True,0.0,10.0,15.0,58.0,12.0,高风险
C0155,2024-09-01,True,80.2,90.0,52.8,80.0,75.8,关注
C0155,2024-10-01,True,85.6,90.0,52.8,80.0,77.9,关注
C0155,2024-11-01,True,90.0,91.6,52.8,80.0,80.1,健康
C0155,2024-12-01,True,90.0,91.2,52.8,87.0,80.7,健康
C0155,2025-01-01,True,90.0,90.8,52.8,87.0,80.6,健康
C0155,2025-02-01,True,90.0,94.0,52.8,88.0,81.5,健康
C0155,2025-03-01,True,84.7,91.2,52.8,86.0,78.5,关注
C0155,2025-04-01,True,84.7,81.3,52.8,84.7,75.9,关注
C0155,2025-05-01,True,89.1,70.7,52.8,86.7,75.2,关注
C0155,2025-06-01,True,84.7,76.2,52.8,85.0,74.6,关注
C0155,2025-07-01,True,90.0,86.1,52.8,85.0,79.2,关注
C0155,2025-08-01,True,89.1,99.2,52.8,85.0,82.2,健康
C0156,2024-09-01,True,91.1,90.0,52.8,80.0,80.1,健康
C0156,2024-10-01,True,91.1,90.0,52.8,80.0,80.1,健康
C0156,2024-11-01,True,91.1,90.0,52.8,84.0,80.5,健康
C0156,2024-12-01,True,91.1,90.0,52.8,84.0,80.5,健康
C0156,2025-01-01,True,91.1,90.0,52.8,84.0,80.5,健康
C0156,2025-02-01,True,91.1,90.0,52.8,80.0,80.1,健康
C0156,2025-03-01,True,91.1,90.0,52.8,86.0,80.7,健康
C0156,2025-04-01,False,12.5,50.8,52.8,86.0,39.5,高风险
C0156,2025-05-01,False,0.0,13.3,52.8,86.0,25.1,高风险
C0156,2025-06-01,False,0.0,10.0,52.8,80.0,23.7,高风险
C0156,2025-07-01,False,0.0,10.0,52.8,80.0,23.7,高风险
C0156,2025-08-01,False,0.0,10.0,52.8,80.0,23.7,高风险
C0157,2024-09-01,True,78.6,90.0,52.8,84.0,75.5,关注
C0157,2024-10-01,True,84.4,93.5,52.8,82.0,78.5,关注
C0157,2024-11-01,True,84.4,96.1,52.8,83.3,79.3,关注
C0157,2024-12-01,True,84.4,91.0,52.8,86.5,78.3,关注
C0157,2025-01-01,True,78.6,84.4,52.8,87.2,74.5,关注
C0157,2025-02-01,True,83.0,77.2,52.8,91.3,74.8,关注
C0157,2025-03-01,True,87.5,73.1,52.8,89.0,75.4,关注
C0157,2025-04-01,True,83.0,85.1,52.8,86.0,76.3,关注
C0157,2025-05-01,True,83.0,85.1,52.8,87.0,76.4,关注
C0157,2025-06-01,True,93.2,94.4,52.8,88.7,83.0,健康
C0157,2025-07-01,True,93.2,89.7,52.8,91.3,82.1,健康
C0157,2025-08-01,True,87.5,98.5,52.8,91.3,82.0,健康
C0158,2024-09-01,True,76.7,90.0,52.8,80.0,74.4,关注
C0158,2024-10-01,True,86.7,93.9,52.8,80.0,79.4,关注
C0158,2024-11-01,True,91.1,99.6,52.8,88.0,83.4,健康
C0158,2024-12-01,True,81.1,91.9,52.8,90.0,77.6,关注
C0158,2025-01-01,True,81.1,85.9,52.8,89.3,76.1,关注
C0158,2025-02-01,True,81.1,80.7,52.8,87.3,74.5,关注
C0158,2025-03-01,True,81.1,79.6,52.8,85.0,74.0,关注
C0158,2025-04-01,True,81.1,80.4,52.8,88.0,74.6,关注
C0158,2025-05-01,True,85.6,87.0,52.8,98.0,79.0,关注
C0158,2025-06-01,True,85.6,92.7,52.8,96.0,80.2,健康
C0158,2025-07-01,True,85.6,90.0,52.8,97.0,79.6,关注
C0158,2025-08-01,True,85.6,90.9,52.8,92.0,79.3,关注
C0159,2024-09-01,True,78.0,90.0,52.8,84.0,75.3,关注
C0159,2024-10-01,True,78.0,91.7,52.8,83.0,75.6,关注
C0159,2024-11-01,True,86.4,95.3,52.8,84.7,80.0,健康
C0159,2024-12-01,True,82.4,98.7,52.8,84.7,79.3,关注
C0159,2025-01-01,True,86.4,95.8,52.8,87.0,80.4,健康
C0159,2025-02-01,True,82.4,98.5,52.8,91.0,79.9,关注
C0159,2025-03-01,True,82.4,82.8,52.8,91.0,76.0,关注
C0159,2025-04-01,True,86.4,75.9,52.8,89.0,75.6,关注
C0159,2025-05-01,True,90.3,86.3,52.8,91.0,80.0,健康
C0159,2025-06-01,True,86.9,98.1,52.8,88.7,81.3,健康
C0159,2025-07-01,True,82.4,100.0,52.8,90.7,80.2,健康
C0159,2025-08-01,True,86.9,92.8,52.8,88.7,80.0,健康
C0160,2024-09-01,True,76.7,90.0,52.8,80.0,74.4,关注
C0160,2024-10-01,True,76.7,99.1,52.8,88.0,77.4,关注
C0160,2024-11-01,True,76.7,100.0,52.8,89.0,77.8,关注
C0160,2024-12-01,True,81.1,90.7,52.8,89.3,77.3,关注
C0160,2025-01-01,True,91.1,96.2,52.8,90.0,82.7,健康
C0160,2025-02-01,True,81.1,100.0,52.8,91.0,79.7,关注
C0160,2025-03-01,True,81.1,98.0,52.8,92.0,79.4,关注
C0160,2025-04-01,True,85.6,76.5,52.8,80.0,74.5,关注
C0160,2025-05-01,True,81.1,74.6,52.8,80.0,72.3,关注
C0160,2025-06-01,True,85.6,76.5,52.8,80.0,74.5,关注
C0160,2025-07-01,True,85.6,92.8,52.8,80.0,78.6,关注
C0160,2025-08-01,True,85.6,94.8,52.8,82.0,79.3,关注
C0161,2024-09-01,True,80.2,90.0,52.8,86.0,76.4,关注
C0161,2024-10-01,True,80.2,90.9,52.8,92.0,77.2,关注
C0161,2024-11-01,True,84.7,92.4,52.8,89.3,79.1,关注
C0161,2024-12-01,True,80.2,90.0,52.8,89.0,76.7,关注
C0161,2025-01-01,True,80.2,89.3,52.8,89.0,76.5,关注
C0161,2025-02-01,True,84.7,85.3,52.8,88.0,77.2,关注
C0161,2025-03-01,True,84.7,86.6,52.8,80.0,76.7,关注
C0161,2025-04-01,True,91.1,94.7,52.8,80.0,81.3,健康
C0161,2025-05-01,True,91.1,100.0,52.8,96.0,84.2,健康
C0161,2025-06-01,True,95.6,100.0,52.8,96.0,86.0,健康
C0161,2025-07-01,True,95.6,95.6,52.8,92.0,84.5,健康
C0161,2025-08-01,True,95.6,90.0,52.8,86.0,82.5,健康
C0162,2024-09-01,True,78.6,90.0,15.0,88.0,66.5,关注
C0162,2024-10-01,True,81.5,88.4,15.0,89.0,67.3,关注
C0162,2024-11-01,True,80.0,88.5,15.0,88.7,66.8,关注
C0162,2024-12-01,True,78.6,88.6,15.0,84.0,65.7,关注
C0162,2025-01-01,True,83.0,86.5,15.0,84.4,67.0,关注
C0162,2025-02-01,True,90.2,87.8,15.0,81.3,69.9,关注
C0162,2025-03-01,True,85.9,92.2,15.0,86.0,69.8,关注
C0162,2025-04-01,True,84.5,93.2,15.0,86.0,69.4,关注
C0162,2025-05-01,True,87.5,82.8,15.0,84.7,67.9,关注
C0162,2025-06-01,True,90.4,81.7,15.0,88.0,69.1,关注
C0162,2025-07-01,True,87.5,87.3,15.0,90.7,69.6,关注
C0162,2025-08-01,True,87.5,95.2,15.0,94.0,71.9,关注
C0163,2024-09-01,True,76.7,90.0,52.8,90.0,75.4,关注
C0163,2024-10-01,True,76.7,87.8,52.8,90.0,74.8,关注
C0163,2024-11-01,True,86.7,93.8,52.8,90.0,80.3,健康
C0163,2024-12-01,True,81.1,93.9,52.8,90.0,78.1,关注
C0163,2025-01-01,True,81.1,86.5,52.8,90.0,76.3,关注
C0163,2025-02-01,True,91.1,87.8,52.8,86.0,80.2,健康
C0163,2025-03-01,True,81.1,89.3,52.8,86.0,76.6,关注
C0163,2025-04-01,True,81.1,90.0,52.8,86.0,76.7,关注
C0163,2025-05-01,True,81.1,81.2,52.8,80.0,73.9,关注
C0163,2025-06-01,True,81.1,81.2,52.8,80.0,73.9,关注
C0163,2025-07-01,True,85.6,73.2,52.8,80.0,73.7,关注
C0163,2025-08-01,True,81.1,79.7,52.8,80.0,73.6,关注
C0164,2024-09-01,True,80.7,90.0,15.0,78.0,66.3,关注
C0164,2024-10-01,True,85.1,92.1,15.0,84.0,69.2,关注
C0164,2024-11-01,True,83.7,95.5,15.0,85.3,69.6,关注
C0164,2024-12-01,True,85.1,96.1,15.0,87.5,70.6,关注
C0164,2025-01-01,True,80.7,93.4,15.0,88.4,68.2,关注
C0164,2025-02-01,True,85.1,98.2,15.0,91.3,71.5,关注
C0164,2025-03-01,True,92.6,92.5,52.8,88.0,82.1,健康
C0164,2025-04-01,True,88.1,92.6,52.8,86.0,80.2,健康
C0164,2025-05-01,True,91.1,94.3,52.8,88.0,82.0,健康
C0164,2025-06-01,True,95.6,94.9,52.8,89.0,84.0,健康
C0164,2025-07-01,True,85.1,89.4,52.8,85.3,78.1,关注
C0164,2025-08-01,True,92.6,84.8,52.8,84.0,79.8,关注
C0165,2024-09-01,True,82.2,90.0,15.0,92.0,68.3,关注
C0165,2024-10-01,True,76.2,84.4,15.0,94.0,64.7,关注
C0165,2024-11-01,True,80.7,87.6,15.0,92.7,67.2,关注
C0165,2024-12-01,True,82.2,92.5,15.0,93.0,69.0,关注
C0165,2025-01-01,True,81.4,92.2,15.0,90.8,68.4,关注
C0165,2025-02-01,True,84.4,95.0,15.0,85.3,69.8,关注
C0165,2025-03-01,True,85.9,92.4,15.0,82.0,69.4,关注
C0165,2025-04-01,True,87.4,83.0,15.0,82.0,67.6,关注
C0165,2025-05-01,True,89.6,85.1,15.0,86.7,69.5,关注
C0165,2025-06-01,True,84.3,92.2,15.0,86.0,69.1,关注
C0165,2025-07-01,True,91.8,93.0,15.0,88.0,72.5,关注
C0165,2025-08-01,True,90.3,89.7,15.0,84.7,70.8,关注
C0166,2024-09-01,True,84.7,90.0,15.0,86.0,68.7,关注
C0166,2024-10-01,True,79.9,85.2,15.0,86.0,65.6,关注
C0166,2024-11-01,True,79.9,83.6,15.0,85.3,65.1,关注
C0166,2024-12-01,True,84.7,90.0,15.0,85.5,68.7,关注
C0166,2025-01-01,True,79.9,90.6,52.8,85.2,76.3,关注
C0166,2025-02-01,True,82.3,91.4,52.8,86.0,77.6,关注
C0166,2025-03-01,True,82.3,90.0,52.8,86.7,77.3,关注
C0166,2025-04-01,True,84.7,92.9,52.8,87.3,79.0,关注
C0166,2025-05-01,True,63.4,70.6,15.0,84.7,55.2,高风险
C0166,2025-06-01,True,39.2,38.0,52.8,79.3,46.3,高风险
C0166,2025-07-01,True,20.6,10.0,52.8,71.3,31.1,高风险
C0166,2025-08-01,True,11.3,10.0,52.8,62.7,26.5,高风险
C0167,2024-09-01,True,79.2,90.0,52.8,82.0,75.6,关注
C0167,2024-10-01,True,86.7,97.2,52.8,84.0,80.6,健康
C0167,2024-11-01,True,79.2,94.8,52.8,84.0,77.0,关注
C0167,2024-12-01,True,91.1,90.0,52.8,84.7,80.6,健康
C0167,2025-01-01,True,79.2,90.9,52.8,85.5,76.1,关注
C0167,2025-02-01,True,71.7,72.8,52.8,83.3,68.4,关注
C0167,2025-03-01,True,32.8,31.9,52.8,78.7,42.2,高风险
C0167,2025-04-01,True,20.8,10.0,52.8,70.7,31.1,高风险
C0167,2025-05-01,False,7.5,10.0,52.8,68.0,25.5,高风险
C0167,2025-06-01,False,0.0,10.0,52.8,64.0,22.1,高风险
C0167,2025-07-01,False,0.0,10.0,52.8,80.0,23.7,高风险
C0167,2025-08-01,False,0.0,10.0,52.8,80.0,23.7,高风险
C0168,2024-09-01,True,83.7,90.0,15.0,88.0,68.5,关注
C0168,2024-10-01,True,86.5,82.2,15.0,88.0,67.7,关注
C0168,2024-11-01,True,80.5,79.4,15.0,90.7,64.9,关注
C0168,2024-12-01,True,83.3,87.3,15.0,90.0,67.9,关注
C0168,2025-01-01,True,83.3,89.3,15.0,90.0,68.4,关注
C0168,2025-02-01,True,86.5,92.4,15.0,88.0,70.3,关注
C0168,2025-03-01,True,86.5,97.2,15.0,90.0,71.7,关注
C0168,2025-04-01,True,89.4,98.8,15.0,88.7,73.0,关注
C0168,2025-05-01,True,88.2,91.6,15.0,88.7,70.8,关注
C0168,2025-06-01,True,87.7,87.7,15.0,82.7,69.0,关注
C0168,2025-07-01,True,84.9,87.4,52.8,81.0,77.1,关注
C0168,2025-08-01,True,86.1,86.1,52.8,84.0,77.6,关注
C0169,2024-09-01,True,88.4,90.0,15.0,86.0,70.2,关注
C0169,2024-10-01,True,90.9,92.2,15.0,86.0,71.7,关注
C0169,2024-11-01,True,87.2,90.7,15.0,85.0,69.8,关注
C0169,2024-12-01,True,91.1,89.7,15.0,86.0,71.2,关注
C0169,2025-01-01,True,89.6,86.7,15.0,84.5,69.7,关注
C0169,2025-02-01,True,86.6,75.5,15.0,81.3,65.4,关注
C0169,2025-03-01,True,83.6,61.5,15.0,76.7,60.2,关注
C0169,2025-04-01,True,80.5,63.2,15.0,72.7,59.0,高风险
C0169,2025-05-01,False,0.6,34.7,15.0,71.0,19.8,高风险
C0169,2025-06-01,False,0.0,10.0,15.0,68.0,13.0,高风险
C0169,2025-07-01,False,0.0,10.0,15.0,80.0,14.2,高风险
C0169,2025-08-01,False,0.0,10.0,15.0,80.0,14.2,高风险
C0170,2024-09-01,True,75.2,90.0,15.0,80.0,64.3,关注
C0170,2024-10-01,True,79.6,94.0,15.0,86.0,67.7,关注
C0170,2024-11-01,True,86.3,94.1,15.0,86.0,70.4,关注
C0170,2024-12-01,True,84.1,88.3,52.8,86.0,77.5,关注
C0170,2025-01-01,True,86.3,89.8,52.8,87.5,78.9,关注
C0170,2025-02-01,True,81.8,90.4,52.8,89.0,77.4,关注
C0170,2025-03-01,True,88.5,99.5,52.8,92.0,82.7,健康
C0170,2025-04-01,True,86.3,93.0,52.8,78.0,78.7,关注
C0170,2025-05-01,True,86.3,97.8,52.8,83.0,80.5,健康
C0170,2025-06-01,False,2.2,46.6,15.0,83.0,24.6,高风险
C0170,2025-07-01,False,0.0,18.4,15.0,88.0,17.2,高风险
C0170,2025-08-01,False,0.0,10.0,52.8,80.0,23.7,高风险
C0171,2024-09-01,True,79.2,90.0,52.8,80.0,75.4,关注
C0171,2024-10-01,True,79.2,90.0,52.8,80.0,75.4,关注
C0171,2024-11-01,True,79.2,90.0,52.8,86.0,76.0,关注
C0171,2024-12-01,True,79.2,90.0,52.8,87.0,76.1,关注
C0171,2025-01-01,True,86.7,93.0,52.8,86.0,79.7,关注
C0171,2025-02-01,True,79.2,95.0,52.8,85.3,77.1,关注
C0171,2025-03-01,True,86.7,100.0,52.8,84.7,81.3,健康
C0171,2025-04-01,True,86.7,94.8,52.8,86.0,80.2,健康
C0171,2025-05-01,True,67.2,78.4,52.8,82.7,68.0,关注
C0171,2025-06-01,True,37.2,37.6,52.8,81.0,45.6,高风险
C0171,2025-07-01,True,25.3,10.0,52.8,66.0,32.4,高风险
C0171,2025-08-01,False,7.5,10.0,52.8,58.0,24.5,高风险
C0172,2024-09-01,True,81.5,90.0,15.0,88.0,67.7,关注
C0172,2024-10-01,True,79.7,90.2,15.0,83.0,66.5,关注
C0172,2024-11-01,True,81.5,89.1,15.0,84.7,67.1,关注
C0172,2024-12-01,True,77.9,87.2,15.0,84.5,65.2,关注
C0172,2025-01-01,True,84.2,86.9,15.0,86.4,67.8,关注
C0172,2025-02-01,True,82.3,83.4,15.0,88.0,66.3,关注
C0172,2025-03-01,True,84.2,87.3,15.0,90.0,68.2,关注
C0172,2025-04-01,True,84.2,90.4,15.0,88.0,68.8,关注
C0172,2025-05-01,True,86.0,92.5,15.0,86.7,69.9,关注
C0172,2025-06-01,True,84.2,90.8,52.8,85.0,78.1,关注
C0172,2025-07-01,True,88.6,94.2,15.0,89.0,71.7,关注
C0172,2025-08-01,True,94.1,96.1,15.0,92.0,74.6,关注
C0173,2024-09-01,True,80.6,90.0,15.0,84.0,66.9,关注
C0173,2024-10-01,True,80.6,90.0,15.0,84.0,66.9,关注
C0173,2024-11-01,True,81.9,90.8,15.0,84.0,67.6,关注
C0173,2024-12-01,True,79.3,89.9,15.0,84.7,66.4,关注
C0173,2025-01-01,True,83.2,90.1,15.0,84.7,68.0,关注
C0173,2025-02-01,True,68.8,70.0,15.0,84.0,57.2,高风险
C0173,2025-03-01,True,33.6,38.0,15.0,76.0,34.3,高风险
C0173,2025-04-01,True,24.4,10.0,15.0,73.3,23.3,高风险
C0173,2025-05-01,True,11.5,10.0,15.0,69.3,17.8,高风险
C0173,2025-06-01,True,10.2,10.0,15.0,67.3,17.1,高风险
C0173,2025-07-01,True,5.8,10.0,15.0,63.3,14.9,高风险
C0173,2025-08-01,True,1.3,10.0,15.0,60.0,12.8,高风险
C0174,2024-09-01,True,91.1,90.0,15.0,86.0,71.3,关注
C0174,2024-10-01,True,84.6,84.6,15.0,86.0,67.3,关注
C0174,2024-11-01,True,77.8,77.2,15.0,82.0,62.4,关注
C0174,2024-12-01,True,75.1,78.1,15.0,82.0,61.5,关注
C0174,2025-01-01,True,66.5,79.0,15.0,82.0,58.3,高风险
C0174,2025-02-01,True,58.7,55.8,15.0,74.0,48.6,高风险
C0174,2025-03-01,True,57.0,50.8,15.0,74.0,46.6,高风险
C0174,2025-04-01,True,49.1,51.4,15.0,73.0,43.5,高风险
C0174,2025-05-01,True,45.7,50.4,15.0,72.0,41.8,高风险
C0174,2025-06-01,True,37.9,50.2,15.0,72.0,38.6,高风险
C0174,2025-07-01,True,34.5,46.4,15.0,68.0,35.9,高风险
C0174,2025-08-01,True,28.3,43.1,15.0,64.0,32.3,高风险
C0175,2024-09-01,True,91.1,90.0,52.8,80.0,80.1,健康
C0175,2024-10-01,True,83.8,84.5,52.8,80.0,75.8,关注
C0175,2024-11-01,True,78.5,77.9,52.8,83.0,72.4,关注
C0175,2024-12-01,True,70.4,77.0,15.0,80.7,59.3,高风险
C0175,2025-01-01,True,66.9,77.6,15.0,81.0,58.0,高风险
C0175,2025-02-01,True,60.6,54.7,15.0,78.0,49.5,高风险
C0175,2025-03-01,True,58.8,55.9,15.0,76.7,48.9,高风险
C0175,2025-04-01,True,47.3,55.2,15.0,73.3,43.8,高风险
C0175,2025-05-01,True,43.7,50.8,15.0,70.7,41.0,高风险
C0175,2025-06-01,True,33.9,41.3,15.0,70.7,34.7,高风险
C0175,2025-07-01,True,33.9,38.8,15.0,68.0,33.8,高风险
C0175,2025-08-01,True,27.7,38.7,15.0,66.7,31.2,高风险
C0176,2024-09-01,True,81.2,90.0,15.0,86.0,67.3,关注
C0176,2024-10-01,True,85.7,86.6,15.0,88.0,68.5,关注
C0176,2024-11-01,True,77.1,82.5,15.0,86.7,63.9,关注
C0176,2024-12-01,True,85.7,82.8,15.0,86.5,67.4,关注
C0176,2025-01-01,True,85.7,89.5,15.0,86.0,69.0,关注
C0176,2025-02-01,True,82.9,86.3,15.0,86.7,67.2,关注
C0176,2025-03-01,True,84.3,95.2,15.0,87.3,70.0,关注
C0176,2025-04-01,True,88.7,90.7,15.0,87.3,70.6,关注
C0176,2025-05-01,True,84.3,92.5,15.0,86.7,69.3,关注
C0176,2025-06-01,True,89.7,95.9,15.0,87.3,72.4,关注
C0176,2025-07-01,True,94.2,100.0,52.8,89.3,84.8,健康
C0176,2025-08-01,True,83.3,95.1,15.0,89.3,69.8,关注
C0177,2024-09-01,True,88.8,90.0,52.8,94.0,80.6,健康
C0177,2024-10-01,True,78.6,79.7,52.8,91.0,73.7,关注
C0177,2024-11-01,True,83.0,74.6,52.8,91.0,74.2,关注
C0177,2024-12-01,True,78.6,81.1,52.8,93.3,74.3,关注
C0177,2025-01-01,True,83.0,88.3,52.8,93.3,77.8,关注
C0177,2025-02-01,True,88.8,92.7,52.8,98.0,81.7,健康
C0177,2025-03-01,True,88.8,100.0,52.8,96.0,83.3,健康
C0177,2025-04-01,True,88.8,100.0,52.8,89.0,82.6,健康
C0177,2025-05-01,True,88.8,95.9,52.8,90.7,81.8,健康
C0177,2025-06-01,True,87.5,85.4,52.8,88.7,78.4,关注
C0177,2025-07-01,True,87.5,80.3,52.8,92.7,77.5,关注
C0177,2025-08-01,True,93.2,80.1,52.8,90.0,79.5,关注
C0178,2024-09-01,True,81.0,90.0,15.0,82.0,66.8,关注
C0178,2024-10-01,True,81.5,88.9,15.0,87.0,67.3,关注
C0178,2024-11-01,True,78.9,85.7,15.0,87.3,65.5,关注
C0178,2024-12-01,True,84.9,86.1,15.0,87.0,67.9,关注
C0178,2025-01-01,True,89.0,90.1,15.0,88.4,70.7,关注
C0178,2025-02-01,True,85.4,89.2,15.0,88.7,69.1,关注
C0178,2025-03-01,True,80.8,85.3,15.0,84.7,65.9,关注
C0178,2025-04-01,True,87.0,81.5,15.0,84.0,67.3,关注
C0178,2025-05-01,True,91.1,86.5,15.0,82.0,70.0,关注
C0178,2025-06-01,True,94.0,96.7,15.0,86.0,74.1,关注
C0178,2025-07-01,True,91.4,98.1,15.0,83.0,73.1,关注
C0178,2025-08-01,True,93.0,88.9,15.0,86.0,71.8,关注
C0179,2024-09-01,True,80.8,90.0,52.8,80.0,76.0,关注
C0179,2024-10-01,True,80.8,83.8,52.8,92.0,75.7,关注
C0179,2024-11-01,True,85.3,86.1,52.8,86.0,77.4,关注
C0179,2024-12-01,True,85.3,93.8,52.8,88.0,79.6,关注
C0179,2025-01-01,True,85.3,90.3,52.8,87.5,78.6,关注
C0179,2025-02-01,True,89.4,94.5,52.8,90.0,81.6,健康
C0179,2025-03-01,True,89.4,92.1,52.8,89.0,80.9,健康
C0179,2025-04-01,True,85.3,96.6,52.8,90.0,80.4,健康
C0179,2025-05-01,True,89.4,93.9,52.8,91.0,81.6,健康
C0179,2025-06-01,True,93.9,96.5,52.8,90.7,83.9,健康
C0179,2025-07-01,True,89.4,88.1,52.8,89.3,79.9,关注
C0179,2025-08-01,True,93.9,88.6,52.8,88.7,81.8,健康
C0180,2024-09-01,True,91.1,90.0,15.0,88.0,71.5,关注
C0180,2024-10-01,True,83.2,82.9,15.0,88.0,66.6,关注
C0180,2024-11-01,True,76.7,75.2,15.0,86.0,61.8,关注
C0180,2024-12-01,True,73.5,77.3,15.0,84.0,60.9,关注
C0180,2025-01-01,True,67.0,79.0,15.0,82.5,58.5,高风险
C0180,2025-02-01,True,58.6,56.1,15.0,78.0,49.0,高风险
C0180,2025-03-01,True,54.6,51.5,15.0,75.3,46.0,高风险
C0180,2025-04-01,True,52.8,53.6,15.0,72.7,45.5,高风险
C0180,2025-05-01,True,46.2,52.4,15.0,71.0,42.4,高风险
C0180,2025-06-01,True,35.2,53.2,15.0,70.0,38.1,高风险
C0180,2025-07-01,True,32.6,42.2,15.0,66.0,33.9,高风险
C0180,2025-08-01,True,25.5,35.2,15.0,65.0,29.2,高风险
C0181,2024-09-01,True,79.8,90.0,52.8,94.0,77.0,关注
C0181,2024-10-01,True,87.4,91.2,52.8,90.0,79.9,关注
C0181,2024-11-01,True,82.9,89.1,52.8,90.7,77.7,关注
C0181,2024-12-01,True,82.9,86.7,52.8,90.5,77.1,关注
C0181,2025-01-01,True,91.1,90.0,52.8,91.6,81.3,健康
C0181,2025-02-01,True,84.2,85.1,52.8,89.3,77.1,关注
C0181,2025-03-01,True,91.1,92.1,52.8,87.3,81.4,健康
C0181,2025-04-01,True,84.2,86.5,52.8,84.0,76.9,关注
C0181,2025-05-01,True,87.4,93.3,15.0,87.3,70.7,关注
C0181,2025-06-01,True,84.2,77.6,15.0,88.0,65.6,关注
C0181,2025-07-01,True,91.8,89.0,52.8,89.3,81.1,健康
C0181,2025-08-01,True,94.9,85.7,15.0,88.7,72.0,关注
C0182,2024-09-01,True,79.4,90.0,52.8,86.0,76.0,关注
C0182,2024-10-01,True,81.4,92.8,52.8,86.0,77.6,关注
C0182,2024-11-01,True,85.8,94.4,52.8,84.0,79.5,关注
C0182,2024-12-01,True,79.4,92.3,15.0,86.0,67.2,关注
C0182,2025-01-01,True,87.9,91.2,15.0,85.5,70.2,关注
C0182,2025-02-01,True,83.8,90.0,15.0,84.7,68.2,关注
C0182,2025-03-01,True,85.8,86.4,15.0,80.7,67.8,关注
C0182,2025-04-01,True,83.8,79.6,15.0,80.7,65.2,关注
C0182,2025-05-01,True,83.8,78.1,15.0,82.7,65.1,关注
C0182,2025-06-01,True,94.3,78.0,15.0,90.7,70.1,关注
C0182,2025-07-01,True,88.3,89.1,15.0,92.7,70.6,关注
C0182,2025-08-01,True,85.8,97.0,15.0,94.0,71.7,关注
C0183,2024-09-01,True,85.4,90.0,15.0,80.0,68.4,关注
C0183,2024-10-01,True,82.1,86.7,15.0,84.0,66.7,关注
C0183,2024-11-01,True,78.8,83.4,15.0,84.0,64.5,关注
C0183,2024-12-01,True,85.4,88.4,15.0,84.0,68.4,关注
C0183,2025-01-01,True,80.5,90.6,15.0,85.5,67.1,关注
C0183,2025-02-01,True,83.7,92.0,15.0,87.3,69.0,关注
C0183,2025-03-01,True,83.7,91.0,52.8,88.0,78.2,关注
C0183,2025-04-01,True,83.7,93.9,15.0,87.3,69.5,关注
C0183,2025-05-01,True,74.4,74.1,52.8,83.3,69.8,关注
C0183,2025-06-01,False,1.6,34.1,15.0,82.0,21.1,高风险
C0183,2025-07-01,False,0.0,10.0,15.0,76.0,13.8,高风险
C0183,2025-08-01,False,0.0,10.0,15.0,80.0,14.2,高风险
C0184,2024-09-01,True,87.4,90.0,52.8,90.0,79.6,关注
C0184,2024-10-01,True,87.4,90.0,52.8,88.0,79.4,关注
C0184,2024-11-01,True,87.4,90.0,52.8,88.0,79.4,关注
C0184,2024-12-01,True,91.1,92.7,52.8,88.0,81.6,健康
C0184,2025-01-01,True,87.4,92.2,52.8,88.0,80.0,健康
C0184,2025-02-01,True,87.4,86.6,52.8,84.0,78.2,关注
C0184,2025-03-01,True,87.4,71.0,52.8,79.0,73.8,关注
C0184,2025-04-01,True,81.1,60.3,52.8,76.0,68.3,关注
C0184,2025-05-01,True,81.1,62.7,52.8,70.7,68.4,关注
C0184,2025-06-01,True,74.9,65.4,15.0,64.0,56.4,高风险
C0184,2025-07-01,True,74.9,72.3,15.0,58.7,57.6,高风险
C0184,2025-08-01,True,68.6,67.0,15.0,52.7,53.2,高风险
C0185,2024-09-01,True,91.1,90.0,15.0,82.0,70.9,关注
C0185,2024-10-01,True,81.9,80.7,15.0,83.0,65.0,关注
C0185,2024-11-01,True,79.3,74.7,15.0,82.7,62.4,关注
C0185,2024-12-01,True,70.9,77.4,15.0,81.0,59.6,高风险
C0185,2025-01-01,True,69.6,78.4,15.0,80.0,59.2,高风险
C0185,2025-02-01,True,61.2,56.2,15.0,75.3,49.8,高风险
C0185,2025-03-01,True,55.9,56.7,15.0,76.7,48.0,高风险
C0185,2025-04-01,True,51.5,54.2,15.0,76.0,45.5,高风险
C0185,2025-05-01,True,43.6,49.3,15.0,74.7,41.0,高风险
C0185,2025-06-01,True,39.2,48.5,15.0,72.0,38.7,高风险
C0185,2025-07-01,True,35.2,43.4,15.0,67.0,35.4,高风险
C0185,2025-08-01,True,22.9,40.6,15.0,62.0,29.2,高风险
C0186,2024-09-01,True,77.7,90.0,15.0,84.0,65.7,关注
C0186,2024-10-01,True,80.7,85.9,15.0,85.0,66.0,关注
C0186,2024-11-01,True,82.1,79.3,15.0,86.7,65.1,关注
C0186,2024-12-01,True,85.1,82.6,15.0,89.0,67.4,关注
C0186,2025-01-01,True,82.1,87.9,52.8,89.2,76.9,关注
C0186,2025-02-01,True,79.1,81.9,52.8,91.3,74.4,关注
C0186,2025-03-01,True,91.1,91.4,52.8,85.3,81.0,健康
C0186,2025-04-01,True,85.1,98.9,52.8,85.3,80.5,健康
C0186,2025-05-01,True,92.6,100.0,52.8,84.0,83.6,健康
C0186,2025-06-01,True,89.6,100.0,52.8,83.0,82.3,健康
C0186,2025-07-01,True,92.6,96.7,15.0,78.0,72.8,关注
C0186,2025-08-01,True,86.6,86.2,15.0,82.7,68.2,关注
C0187,2024-09-01,True,86.4,90.0,15.0,84.0,69.2,关注
C0187,2024-10-01,True,84.4,88.0,15.0,85.0,68.0,关注
C0187,2024-11-01,True,83.7,87.0,15.0,84.7,67.5,关注
C0187,2024-12-01,True,84.4,88.7,15.0,84.5,68.1,关注
C0187,2025-01-01,True,79.1,87.5,15.0,84.5,65.7,关注
C0187,2025-02-01,True,86.2,83.8,15.0,84.0,67.6,关注
C0187,2025-03-01,True,79.8,82.0,15.0,82.0,64.4,关注
C0187,2025-04-01,True,83.1,88.2,15.0,82.0,67.2,关注
C0187,2025-05-01,True,83.7,90.9,15.0,82.0,68.2,关注
C0187,2025-06-01,True,68.0,76.4,15.0,81.0,58.2,高风险
C0187,2025-07-01,True,39.0,41.3,15.0,76.7,37.3,高风险
C0187,2025-08-01,False,1.3,10.0,15.0,74.0,14.2,高风险
C0188,2024-09-01,True,78.0,90.0,52.8,86.0,75.5,关注
C0188,2024-10-01,True,82.9,100.0,52.8,83.0,79.7,关注
C0188,2024-11-01,True,78.2,96.9,52.8,85.3,77.3,关注
C0188,2024-12-01,True,87.4,86.6,52.8,84.5,78.3,关注
C0188,2025-01-01,True,87.4,93.2,52.8,84.5,79.9,关注
C0188,2025-02-01,True,91.1,100.0,52.8,88.0,83.4,健康
C0188,2025-03-01,True,87.4,98.0,52.8,94.0,82.1,健康
C0188,2025-04-01,True,87.4,100.0,52.8,89.0,82.0,健康
C0188,2025-05-01,True,91.1,93.6,52.8,87.0,81.7,健康
C0188,2025-06-01,True,91.1,92.5,52.8,88.0,81.6,健康
C0188,2025-07-01,True,91.1,88.8,52.8,90.0,80.8,健康
C0188,2025-08-01,True,95.6,90.0,52.8,87.0,82.6,健康
C0189,2024-09-01,True,86.7,90.0,52.8,80.0,78.4,关注
C0189,2024-10-01,True,71.7,73.3,52.8,84.0,68.6,关注
C0189,2024-11-01,True,91.1,77.8,52.8,88.0,77.9,关注
C0189,2024-12-01,True,91.1,95.8,52.8,89.3,82.5,健康
C0189,2025-01-01,True,91.1,91.5,52.8,89.3,81.5,健康
C0189,2025-02-01,True,91.1,91.1,52.8,88.0,81.2,健康
C0189,2025-03-01,True,95.6,97.6,52.8,84.0,84.2,健康
C0189,2025-04-01,True,95.6,94.0,52.8,83.0,83.2,健康
C0189,2025-05-01,True,91.1,100.0,52.8,82.0,82.8,健康
C0189,2025-06-01,True,76.1,87.6,52.8,84.0,74.0,关注
C0189,2025-07-01,True,95.6,75.3,52.8,91.0,79.3,关注
C0189,2025-08-01,True,95.6,67.3,52.8,91.0,77.4,关注
C0190,2024-09-01,True,80.2,90.0,52.8,82.0,76.0,关注
C0190,2024-10-01,True,86.7,100.0,52.8,82.0,81.1,健康
C0190,2024-11-01,True,80.2,96.4,52.8,82.0,77.6,关注
C0190,2024-12-01,True,84.7,80.3,52.8,82.0,75.3,关注
C0190,2025-01-01,True,84.7,81.8,52.8,82.0,75.7,关注
C0190,2025-02-01,True,84.7,70.8,52.8,80.0,72.8,关注
C0190,2025-03-01,True,91.1,84.0,52.8,92.0,79.8,关注
C0190,2025-04-01,True,84.7,97.1,52.8,92.0,80.5,健康
C0190,2025-05-01,True,84.7,100.0,52.8,92.0,81.3,健康
C0190,2025-06-01,True,84.7,91.8,52.8,80.0,78.0,关注
C0190,2025-07-01,True,89.1,90.6,52.8,80.0,79.5,关注
C0190,2025-08-01,True,95.6,92.9,52.8,104.0,85.0,健康
C0191,2024-09-01,True,91.1,90.0,15.0,86.0,71.3,关注
C0191,2024-10-01,True,90.7,89.1,15.0,85.0,70.8,关注
C0191,2024-11-01,True,89.8,88.2,15.0,86.0,70.3,关注
C0191,2024-12-01,True,88.8,88.1,15.0,86.0,69.9,关注
C0191,2025-01-01,True,89.8,84.2,15.0,86.0,69.3,关注
C0191,2025-02-01,True,86.9,70.6,15.0,82.0,64.3,关注
C0191,2025-03-01,True,84.0,62.0,15.0,82.0,61.1,关注
C0191,2025-04-01,True,80.1,63.5,15.0,78.0,59.5,高风险
C0191,2025-05-01,True,77.3,66.1,15.0,62.0,57.4,高风险
C0191,2025-06-01,True,74.4,70.0,15.0,61.0,57.1,高风险
C0191,2025-07-01,True,71.5,69.3,15.0,61.0,55.8,高风险
C0191,2025-08-01,True,68.6,68.6,15.0,54.0,53.7,高风险
C0192,2024-09-01,True,79.8,90.0,15.0,84.0,66.6,关注
C0192,2024-10-01,True,79.8,87.3,15.0,80.0,65.5,关注
C0192,2024-11-01,True,81.4,90.5,15.0,82.0,67.1,关注
C0192,2024-12-01,True,82.9,95.2,15.0,82.0,68.9,关注
C0192,2025-01-01,True,90.5,93.1,15.0,84.5,71.7,关注
C0192,2025-02-01,True,83.5,92.9,15.0,90.0,69.3,关注
C0192,2025-03-01,True,86.6,87.2,15.0,89.3,69.1,关注
C0192,2025-04-01,True,82.1,80.7,15.0,90.7,65.8,关注
C0192,2025-05-01,True,84.2,83.0,15.0,89.3,67.1,关注
C0192,2025-06-01,True,82.7,86.4,15.0,88.0,67.2,关注
C0192,2025-07-01,True,85.8,90.3,15.0,87.3,69.4,关注
C0192,2025-08-01,True,94.1,98.3,15.0,90.0,75.0,关注
C0193,2024-09-01,True,79.6,90.0,52.8,88.0,76.3,关注
C0193,2024-10-01,True,81.1,87.9,52.8,88.0,76.4,关注
C0193,2024-11-01,True,76.7,90.9,52.8,84.7,75.1,关注
C0193,2024-12-01,True,82.6,91.7,52.8,84.7,77.6,关注
C0193,2025-01-01,True,85.5,89.1,52.8,86.5,78.3,关注
C0193,2025-02-01,True,87.0,91.1,52.8,92.0,80.0,健康
C0193,2025-03-01,True,84.1,89.8,15.0,92.0,69.0,关注
C0193,2025-04-01,True,91.1,88.9,15.0,82.0,70.6,关注
C0193,2025-05-01,True,85.5,84.4,15.0,80.0,67.1,关注
C0193,2025-06-01,True,87.0,91.0,15.0,80.0,69.3,关注
C0193,2025-07-01,True,92.9,87.2,15.0,88.0,71.5,关注
C0193,2025-08-01,True,87.0,89.4,15.0,95.0,70.4,关注
C0194,2024-09-01,True,77.5,90.0,15.0,86.0,65.8,关注
C0194,2024-10-01,True,86.8,97.4,15.0,86.0,71.4,关注
C0194,2024-11-01,True,84.3,97.7,15.0,84.7,70.4,关注
C0194,2024-12-01,True,79.9,91.7,15.0,86.0,67.2,关注
C0194,2025-01-01,True,79.5,90.4,15.0,86.4,66.8,关注
C0194,2025-02-01,True,79.9,90.2,15.0,89.3,67.2,关注
C0194,2025-03-01,True,84.3,88.2,15.0,87.3,68.3,关注
C0194,2025-04-01,True,81.9,92.7,15.0,87.3,68.4,关注
C0194,2025-05-01,True,86.8,100.0,15.0,88.0,72.3,关注
C0194,2025-06-01,True,84.3,96.1,52.8,89.3,79.9,关注
C0194,2025-07-01,True,89.2,100.0,52.8,87.3,82.6,健康
C0194,2025-08-01,True,93.6,90.6,52.8,86.7,82.0,健康
C0195,2024-09-01,True,83.3,90.0,52.8,80.0,77.0,关注
C0195,2024-10-01,True,85.4,88.2,52.8,80.0,77.4,关注
C0195,2024-11-01,True,78.8,86.5,52.8,86.0,75.0,关注
C0195,2024-12-01,True,86.5,89.8,52.8,86.0,78.9,关注
C0195,2025-01-01,True,82.1,90.9,52.8,87.3,77.5,关注
C0195,2025-02-01,True,83.3,87.3,52.8,93.0,77.6,关注
C0195,2025-03-01,True,86.5,82.8,52.8,92.0,77.7,关注
C0195,2025-04-01,True,83.3,86.1,52.8,90.0,77.0,关注
C0195,2025-05-01,True,86.5,92.4,52.8,88.7,79.8,关注
C0195,2025-06-01,True,86.5,98.7,52.8,89.3,81.4,健康
C0195,2025-07-01,True,87.7,92.4,52.8,88.0,80.2,健康
C0195,2025-08-01,True,87.7,89.4,52.8,86.0,79.2,关注
C0196,2024-09-01,True,85.0,90.0,52.8,78.0,77.5,关注
C0196,2024-10-01,True,89.4,88.8,52.8,78.0,79.0,关注
C0196,2024-11-01,True,89.4,88.4,52.8,78.0,78.9,关注
C0196,2024-12-01,True,89.4,93.6,52.8,80.0,80.4,健康
C0196,2025-01-01,True,89.4,93.9,52.8,82.0,80.6,健康
C0196,2025-02-01,True,89.4,98.3,52.8,84.0,81.9,健康
C0196,2025-03-01,True,89.4,84.6,52.8,87.0,78.8,关注
C0196,2025-04-01,True,89.4,80.9,52.8,88.0,78.0,关注
C0196,2025-05-01,True,89.4,78.1,52.8,88.0,77.3,关注
C0196,2025-06-01,True,89.4,90.7,52.8,80.0,79.7,关注
C0196,2025-07-01,True,93.9,95.6,52.8,88.0,83.5,健康
C0196,2025-08-01,True,93.9,97.1,52.8,85.0,83.5,健康
C0197,2024-09-01,True,86.5,90.0,15.0,80.0,68.9,关注
C0197,2024-10-01,True,77.3,79.6,15.0,86.0,63.2,关注
C0197,2024-11-01,True,85.2,84.1,15.0,90.0,67.8,关注
C0197,2024-12-01,True,80.7,95.1,15.0,88.0,68.6,关注
C0197,2025-01-01,True,85.2,92.6,15.0,88.0,69.8,关注
C0197,2025-02-01,True,88.5,98.0,15.0,83.0,72.0,关注
C0197,2025-03-01,True,86.5,99.7,15.0,88.0,72.1,关注
C0197,2025-04-01,True,87.2,91.6,15.0,88.7,70.4,关注
C0197,2025-05-01,True,91.0,86.6,15.0,96.0,71.4,关注
C0197,2025-06-01,True,89.9,91.3,15.0,97.3,72.3,关注
C0197,2025-07-01,True,95.0,91.9,15.0,98.7,74.6,关注
C0197,2025-08-01,True,92.3,97.7,15.0,96.7,74.8,关注
C0198,2024-09-01,True,79.2,90.0,52.8,84.0,75.8,关注
C0198,2024-10-01,True,83.6,91.0,52.8,84.0,77.8,关注
C0198,2024-11-01,True,79.2,87.7,52.8,84.0,75.2,关注
C0198,2024-12-01,True,83.6,88.0,52.8,89.0,77.5,关注
C0198,2025-01-01,True,91.1,93.9,52.8,89.0,82.0,健康
C0198,2025-02-01,True,83.6,98.5,52.8,95.0,80.8,健康
C0198,2025-03-01,True,83.6,97.4,52.8,93.0,80.3,健康
C0198,2025-04-01,True,83.6,90.7,52.8,90.7,78.4,关注
C0198,2025-05-01,True,88.1,83.8,52.8,88.0,78.2,关注
C0198,2025-06-01,True,88.1,83.4,52.8,86.0,77.9,关注
C0198,2025-07-01,True,88.1,87.7,52.8,90.0,79.4,关注
C0198,2025-08-01,True,88.1,91.7,52.8,86.0,79.9,关注
C0199,2024-09-01,True,86.1,90.0,52.8,84.0,78.5,关注
C0199,2024-10-01,True,86.1,90.0,52.8,86.0,78.7,关注
C0199,2024-11-01,True,89.4,92.1,52.8,86.7,80.7,健康
C0199,2024-12-01,True,91.1,94.6,52.8,87.0,82.0,健康
C0199,2025-01-01,True,89.4,88.4,52.8,86.4,79.7,关注
C0199,2025-02-01,True,86.1,79.0,52.8,83.3,75.7,关注
C0199,2025-03-01,True,84.4,62.2,52.8,80.0,70.5,关注
C0199,2025-04-01,True,81.1,62.0,15.0,75.3,59.2,高风险
C0199,2025-05-01,True,77.8,65.3,15.0,74.0,58.6,高风险
C0199,2025-06-01,True,74.4,71.4,15.0,70.0,58.4,高风险
C0199,2025-07-01,True,71.1,69.1,15.0,52.0,54.7,高风险
C0199,2025-08-01,True,67.8,66.6,15.0,50.0,52.5,高风险
C0200,2024-09-01,True,81.2,90.0,52.8,86.0,76.8,关注
C0200,2024-10-01,True,86.7,100.0,52.8,86.0,81.5,健康
C0200,2024-11-01,True,81.2,99.5,52.8,85.0,79.1,关注
C0200,2024-12-01,True,85.7,87.0,52.8,85.0,77.7,关注
C0200,2025-01-01,True,81.2,87.8,52.8,88.7,76.5,关注
C0200,2025-02-01,True,85.7,83.7,52.8,90.0,77.4,关注
C0200,2025-03-01,True,85.7,78.9,52.8,89.3,76.1,关注
C0200,2025-04-01,True,78.8,85.7,52.8,85.3,74.7,关注
C0200,2025-05-01,True,85.7,88.0,52.8,85.3,78.0,关注
C0200,2025-06-01,True,85.7,89.7,52.8,84.0,78.3,关注
C0200,2025-07-01,True,90.1,93.8,52.8,83.0,81.0,健康
C0200,2025-08-01,True,90.1,93.2,52.8,85.0,81.0,健康
C0201,2024-09-01,True,80.2,90.0,15.0,94.0,67.7,关注
C0201,2024-10-01,True,80.2,89.2,15.0,94.0,67.6,关注
C0201,2024-11-01,True,80.2,89.0,15.0,97.0,67.8,关注
C0201,2024-12-01,True,84.7,89.2,15.0,95.3,69.5,关注
C0201,2025-01-01,True,84.7,89.4,15.0,92.5,69.2,关注
C0201,2025-02-01,True,86.8,84.2,15.0,88.7,68.4,关注
C0201,2025-03-01,True,84.7,81.4,15.0,87.3,66.7,关注
C0201,2025-04-01,True,89.0,79.7,52.8,92.0,77.9,关注
C0201,2025-05-01,True,84.7,90.1,52.8,93.3,78.9,关注
C0201,2025-06-01,True,91.3,95.5,15.0,92.0,73.3,关注
C0201,2025-07-01,True,91.3,97.4,15.0,86.7,73.3,关注
C0201,2025-08-01,True,89.1,89.3,15.0,80.0,69.7,关注
C0202,2024-09-01,True,78.2,90.0,52.8,86.0,75.6,关注
C0202,2024-10-01,True,78.2,93.5,52.8,86.0,76.5,关注
C0202,2024-11-01,True,82.7,88.2,52.8,88.0,77.1,关注
C0202,2024-12-01,True,82.7,85.4,52.8,89.3,76.5,关注
C0202,2025-01-01,True,82.7,89.6,52.8,89.5,77.6,关注
C0202,2025-02-01,True,82.7,91.1,52.8,92.7,78.3,关注
C0202,2025-03-01,True,87.4,92.4,52.8,90.0,80.2,健康
C0202,2025-04-01,True,87.4,99.9,52.8,88.7,82.0,健康
C0202,2025-05-01,True,87.4,97.3,52.8,90.0,81.5,健康
C0202,2025-06-01,True,91.8,95.9,52.8,93.0,83.2,健康
C0202,2025-07-01,True,91.8,96.3,52.8,96.0,83.6,健康
C0202,2025-08-01,True,87.1,89.7,52.8,92.0,79.7,关注
C0203,2024-09-01,True,81.9,90.0,52.8,84.0,76.9,关注
C0203,2024-10-01,True,81.9,92.0,52.8,86.0,77.6,关注
C0203,2024-11-01,True,86.4,90.5,52.8,86.7,79.0,关注
C0203,2024-12-01,True,86.4,87.7,52.8,87.5,78.4,关注
C0203,2025-01-01,True,85.9,91.1,52.8,87.5,79.1,关注
C0203,2025-02-01,True,90.3,92.9,52.8,90.0,81.6,健康
C0203,2025-03-01,True,90.3,94.5,52.8,88.0,81.8,健康
C0203,2025-04-01,True,86.4,86.6,52.8,88.0,78.2,关注
C0203,2025-05-01,True,90.3,83.4,52.8,85.0,78.7,关注
C0203,2025-06-01,True,90.3,85.5,52.8,91.0,79.8,关注
C0203,2025-07-01,True,94.8,100.0,52.8,90.7,85.2,健康
C0203,2025-08-01,True,94.8,100.0,52.8,91.3,85.2,健康
C0204,2024-09-01,True,86.1,90.0,15.0,82.0,68.9,关注
C0204,2024-10-01,True,91.1,91.7,15.0,80.0,71.1,关注
C0204,2024-11-01,True,89.9,90.7,15.0,81.3,70.5,关注
C0204,2024-12-01,True,91.1,89.7,15.0,82.0,70.8,关注
C0204,2025-01-01,True,91.1,90.8,15.0,84.8,71.4,关注
C0204,2025-02-01,True,49.5,65.1,15.0,83.3,48.2,高风险
C0204,2025-03-01,True,35.6,30.1,15.0,83.0,33.8,高风险
C0204,2025-04-01,True,41.7,10.0,15.0,65.0,29.4,高风险
C0204,2025-05-01,True,72.3,29.1,15.0,72.0,47.2,高风险
C0204,2025-06-01,True,81.8,100.0,15.0,75.3,69.0,关注
C0204,2025-07-01,True,89.9,100.0,15.0,86.7,73.4,关注
C0204,2025-08-01,True,86.7,100.0,15.0,88.0,72.2,关注
C0205,2024-09-01,True,91.1,90.0,52.8,88.0,80.9,健康
C0205,2024-10-01,True,91.1,90.0,52.8,87.0,80.8,健康
C0205,2024-11-01,True,91.1,90.0,52.8,87.0,80.8,健康
C0205,2024-12-01,True,91.1,90.0,52.8,88.0,80.9,健康
C0205,2025-01-01,True,91.1,90.0,52.8,88.0,80.9,健康
C0205,2025-02-01,True,91.1,82.3,52.8,91.0,79.3,关注
C0205,2025-03-01,True,81.1,68.1,52.8,92.0,71.9,关注
C0205,2025-04-01,False,12.5,27.9,52.8,92.0,34.4,高风险
C0205,2025-05-01,False,0.0,10.0,52.8,80.0,23.7,高风险
C0205,2025-06-01,False,0.0,10.0,52.8,80.0,23.7,高风险
C0205,2025-07-01,False,0.0,10.0,52.8,80.0,23.7,高风险
C0205,2025-08-01,False,0.0,10.0,52.8,80.0,23.7,高风险
C0206,2024-09-01,True,87.2,90.0,15.0,80.0,69.1,关注
C0206,2024-10-01,True,91.1,95.1,15.0,88.0,72.8,关注
C0206,2024-11-01,True,91.1,96.5,15.0,88.0,73.1,关注
C0206,2024-12-01,True,84.9,88.6,15.0,88.0,68.7,关注
C0206,2025-01-01,True,91.1,87.9,15.0,86.0,70.8,关注
C0206,2025-02-01,True,84.9,82.6,15.0,84.0,66.8,关注
C0206,2025-03-01,True,89.5,87.0,15.0,84.0,69.7,关注
C0206,2025-04-01,True,89.5,79.2,15.0,85.0,67.8,关注
C0206,2025-05-01,True,84.4,76.1,15.0,79.0,64.4,关注
C0206,2025-06-01,True,79.2,59.8,15.0,75.3,57.9,高风险
C0206,2025-07-01,True,74.1,58.1,15.0,66.7,54.6,高风险
C0206,2025-08-01,False,1.7,29.3,15.0,63.0,18.1,高风险
C0207,2024-09-01,True,80.2,90.0,52.8,92.0,77.0,关注
C0207,2024-10-01,True,85.6,93.4,52.8,83.0,79.1,关注
C0207,2024-11-01,True,84.7,96.1,52.8,80.7,79.2,关注
C0207,2024-12-01,True,90.0,93.8,52.8,84.0,81.1,健康
C0207,2025-01-01,True,90.0,94.5,52.8,84.0,81.2,健康
C0207,2025-02-01,True,90.0,99.5,52.8,86.7,82.7,健康
C0207,2025-03-01,True,90.0,98.0,52.8,84.7,82.2,健康
C0207,2025-04-01,True,91.1,93.6,52.8,87.3,81.8,健康
C0207,2025-05-01,True,94.5,91.1,52.8,88.7,82.6,健康
C0207,2025-06-01,True,90.0,89.0,52.8,89.0,80.4,健康
C0207,2025-07-01,True,94.5,83.7,52.8,88.0,80.7,健康
C0207,2025-08-01,True,95.6,95.5,52.8,88.0,84.1,健康
C0208,2024-09-01,True,83.2,90.0,15.0,86.0,68.1,关注
C0208,2024-10-01,True,82.4,97.1,15.0,82.0,69.2,关注
C0208,2024-11-01,True,81.9,100.0,15.0,85.3,70.1,关注
C0208,2024-12-01,True,91.1,95.5,15.0,87.0,72.8,关注
C0208,2025-01-01,True,85.9,94.2,15.0,85.6,70.2,关注
C0208,2025-02-01,True,89.0,100.0,15.0,84.7,72.8,关注
C0208,2025-03-01,True,89.0,94.6,15.0,84.0,71.4,关注
C0208,2025-04-01,True,89.0,90.3,15.0,86.7,70.6,关注
C0208,2025-05-01,True,87.7,87.5,15.0,88.7,69.6,关注
C0208,2025-06-01,True,90.3,87.7,15.0,88.0,70.6,关注
C0208,2025-07-01,True,95.6,91.3,15.0,88.0,73.6,关注
C0208,2025-08-01,True,91.1,93.5,15.0,85.0,72.1,关注
C0209,2024-09-01,True,83.4,90.0,15.0,92.0,68.8,关注
C0209,2024-10-01,True,81.4,83.0,15.0,88.0,65.9,关注
C0209,2024-11-01,True,86.7,81.4,15.0,88.7,67.6,关注
C0209,2024-12-01,True,83.8,88.2,15.0,89.0,68.2,关注
C0209,2025-01-01,True,85.8,90.5,15.0,88.8,69.6,关注
C0209,2025-02-01,True,87.9,88.2,15.0,86.7,69.6,关注
C0209,2025-03-01,True,89.9,91.2,15.0,87.3,71.2,关注
C0209,2025-04-01,True,87.9,85.7,15.0,85.3,68.9,关注
C0209,2025-05-01,True,87.9,85.0,15.0,88.0,68.9,关注
C0209,2025-06-01,False,2.0,44.9,52.8,86.0,33.8,高风险
C0209,2025-07-01,False,0.0,10.2,52.8,90.0,24.7,高风险
C0209,2025-08-01,False,0.0,10.0,52.8,80.0,23.7,高风险
C0210,2024-09-01,True,79.2,90.0,52.8,80.0,75.4,关注
C0210,2024-10-01,True,79.2,100.0,52.8,90.0,78.9,关注
C0210,2024-11-01,True,79.2,100.0,52.8,92.0,79.1,关注
C0210,2024-12-01,True,91.1,94.3,52.8,94.0,82.6,健康
C0210,2025-01-01,True,91.1,97.1,52.8,94.0,83.3,健康
C0210,2025-02-01,True,86.7,100.0,52.8,90.0,81.9,健康
C0210,2025-03-01,True,83.6,93.1,52.8,86.0,78.5,关注
C0210,2025-04-01,True,91.1,86.1,52.8,84.0,79.6,关注
C0210,2025-05-01,True,88.1,76.2,52.8,87.0,76.2,关注
C0210,2025-06-01,True,88.1,81.7,52.8,88.0,77.7,关注
C0210,2025-07-01,True,91.1,83.5,52.8,88.7,79.4,关注
C0210,2025-08-01,True,95.6,94.7,52.8,91.0,84.2,健康
C0211,2024-09-01,True,80.8,90.0,15.0,80.0,66.6,关注
C0211,2024-10-01,True,85.3,90.5,15.0,84.0,68.9,关注
C0211,2024-11-01,True,85.0,91.1,15.0,84.0,68.9,关注
C0211,2024-12-01,True,85.3,86.7,15.0,86.0,68.1,关注
C0211,2025-01-01,True,89.4,86.6,52.8,86.0,79.2,关注
C0211,2025-02-01,True,89.4,83.4,52.8,85.0,78.3,关注
C0211,2025-03-01,True,89.4,90.6,52.8,82.0,79.8,关注
C0211,2025-04-01,True,85.3,87.2,52.8,82.0,77.3,关注
C0211,2025-05-01,True,93.9,90.6,52.8,80.0,81.4,健康
C0211,2025-06-01,True,89.4,88.9,52.8,98.0,81.0,健康
C0211,2025-07-01,True,89.4,96.5,52.8,98.0,82.9,健康
C0211,2025-08-01,True,89.4,89.8,52.8,88.0,80.2,健康
C0212,2024-09-01,True,78.7,90.0,15.0,88.0,66.5,关注
C0212,2024-10-01,True,83.3,94.0,15.0,87.0,69.3,关注
C0212,2024-11-01,True,86.4,96.3,15.0,84.0,70.8,关注
C0212,2024-12-01,True,83.3,91.7,15.0,84.5,68.4,关注
C0212,2025-01-01,True,84.7,90.7,15.0,86.0,68.9,关注
C0212,2025-02-01,True,87.7,90.4,15.0,85.3,70.0,关注
C0212,2025-03-01,True,91.1,95.6,15.0,83.3,72.4,关注
C0212,2025-04-01,True,89.3,92.0,15.0,79.0,70.4,关注
C0212,2025-05-01,True,90.8,98.6,15.0,86.0,73.3,关注
C0212,2025-06-01,True,95.2,91.9,15.0,92.0,74.0,关注
C0212,2025-07-01,True,92.2,93.9,15.0,93.0,73.4,关注
C0212,2025-08-01,True,95.6,88.3,15.0,92.0,73.2,关注
C0213,2024-09-01,True,83.9,90.0,52.8,80.0,77.3,关注
C0213,2024-10-01,True,82.2,87.4,52.8,86.0,76.5,关注
C0213,2024-11-01,True,91.1,94.7,52.8,92.0,82.5,健康
C0213,2024-12-01,True,82.2,96.2,52.8,86.7,78.8,关注
C0213,2025-01-01,True,86.7,90.5,52.8,88.5,79.3,关注
C0213,2025-02-01,True,89.4,89.5,52.8,86.0,80.0,健康
C0213,2025-03-01,True,86.7,91.0,52.8,90.7,79.7,关注
C0213,2025-04-01,True,91.1,82.2,52.8,90.7,79.3,关注
C0213,2025-05-01,True,89.4,92.6,52.8,85.3,80.7,健康
C0213,2025-06-01,True,86.7,89.5,52.8,87.3,79.0,关注
C0213,2025-07-01,True,95.6,98.7,52.8,86.7,84.8,健康
C0213,2025-08-01,True,95.6,95.1,52.8,94.0,84.6,健康
C0214,2024-09-01,True,83.7,90.0,15.0,92.0,68.9,关注
C0214,2024-10-01,True,80.7,83.9,15.0,92.0,66.2,关注
C0214,2024-11-01,True,91.1,86.4,15.0,94.0,71.2,关注
C0214,2024-12-01,True,83.7,94.9,15.0,90.7,70.0,关注
C0214,2025-01-01,True,85.1,93.7,15.0,87.5,70.0,关注
C0214,2025-02-01,True,88.1,99.7,15.0,84.0,72.3,关注
C0214,2025-03-01,True,85.1,94.7,52.8,82.0,79.1,关注
C0214,2025-04-01,True,88.1,88.6,52.8,86.0,79.2,关注
C0214,2025-05-01,True,88.1,86.2,52.8,84.0,78.4,关注
C0214,2025-06-01,True,95.6,91.2,15.0,87.0,73.5,关注
C0214,2025-07-01,True,91.1,97.8,15.0,91.0,73.7,关注
C0214,2025-08-01,True,91.1,97.3,15.0,90.0,73.5,关注
C0215,2024-09-01,True,82.5,90.0,15.0,90.0,68.3,关注
C0215,2024-10-01,True,79.6,83.2,15.0,90.0,65.4,关注
C0215,2024-11-01,True,88.5,84.4,15.0,88.0,69.0,关注
C0215,2024-12-01,True,87.0,90.9,15.0,88.0,70.1,关注
C0215,2025-01-01,True,85.5,90.5,15.0,90.0,69.6,关注
C0215,2025-02-01,True,85.5,85.1,15.0,96.0,68.8,关注
C0215,2025-03-01,True,87.0,89.0,15.0,96.0,70.4,关注
C0215,2025-04-01,True,85.5,87.8,15.0,94.0,69.3,关注
C0215,2025-05-01,True,85.5,94.0,15.0,93.0,70.8,关注
C0215,2025-06-01,True,90.0,93.3,15.0,90.0,72.1,关注
C0215,2025-07-01,True,90.0,88.3,15.0,86.0,70.4,关注
C0215,2025-08-01,True,91.1,94.2,15.0,83.3,72.1,关注
C0216,2024-09-01,True,79.2,90.0,52.8,90.0,76.4,关注
C0216,2024-10-01,True,83.6,82.7,52.8,90.0,76.3,关注
C0216,2024-11-01,True,79.2,87.2,52.8,86.0,75.3,关注
C0216,2024-12-01,True,79.2,96.2,52.8,87.3,77.6,关注
C0216,2025-01-01,True,83.6,91.7,52.8,88.5,78.4,关注
C0216,2025-02-01,True,83.6,88.6,52.8,91.0,77.9,关注
C0216,2025-03-01,True,95.6,87.9,52.8,92.0,82.6,健康
C0216,2025-04-01,True,83.6,83.9,52.8,76.0,75.2,关注
C0216,2025-05-01,True,83.6,96.8,52.8,78.0,78.6,关注
C0216,2025-06-01,True,83.6,87.2,52.8,78.0,76.2,关注
C0216,2025-07-01,True,88.1,84.3,52.8,89.0,78.4,关注
C0216,2025-08-01,True,95.6,83.9,52.8,97.0,82.1,健康
C0217,2024-09-01,True,78.2,90.0,52.8,86.0,75.6,关注
C0217,2024-10-01,True,87.4,92.9,52.8,88.0,80.2,健康
C0217,2024-11-01,True,82.9,98.3,52.8,88.0,79.7,关注
C0217,2024-12-01,True,87.4,94.4,52.8,86.0,80.3,健康
C0217,2025-01-01,True,87.4,92.9,52.8,86.8,80.1,健康
C0217,2025-02-01,True,87.4,100.0,52.8,87.3,81.9,健康
C0217,2025-03-01,True,87.4,100.0,52.8,88.0,81.9,健康
C0217,2025-04-01,True,87.4,94.6,52.8,84.7,80.3,健康
C0217,2025-05-01,True,87.4,92.4,52.8,84.0,79.6,关注
C0217,2025-06-01,True,87.4,87.4,52.8,85.0,78.5,关注
C0217,2025-07-01,True,91.8,89.7,52.8,92.0,81.5,健康
C0217,2025-08-01,True,91.8,88.8,52.8,94.0,81.5,健康
C0218,2024-09-01,True,86.7,90.0,52.8,80.0,78.4,关注
C0218,2024-10-01,True,86.7,93.7,52.8,80.0,79.3,关注
C0218,2024-11-01,True,91.1,93.7,52.8,80.0,81.1,健康
C0218,2024-12-01,True,91.1,92.2,52.8,80.0,80.7,健康
C0218,2025-01-01,True,76.1,87.5,52.8,80.0,73.5,关注
C0218,2025-02-01,True,91.1,85.8,52.8,80.0,79.1,关注
C0218,2025-03-01,True,91.1,74.7,52.8,94.0,77.7,关注
C0218,2025-04-01,True,91.1,88.6,52.8,94.0,81.2,健康
C0218,2025-05-01,True,91.1,89.3,52.8,94.0,81.4,健康
C0218,2025-06-01,True,95.6,96.6,52.8,80.0,83.6,健康
C0218,2025-07-01,True,76.1,83.4,52.8,80.0,72.5,关注
C0218,2025-08-01,True,91.1,86.4,52.8,80.0,79.2,关注
C0219,2024-09-01,True,82.3,90.0,15.0,92.0,68.4,关注
C0219,2024-10-01,True,84.7,87.6,15.0,94.0,69.0,关注
C0219,2024-11-01,True,78.1,79.9,15.0,93.3,64.3,关注
C0219,2024-12-01,True,86.2,79.5,15.0,93.3,67.4,关注
C0219,2025-01-01,True,84.9,89.4,15.0,93.0,69.4,关注
C0219,2025-02-01,True,91.1,97.1,15.0,86.0,73.1,关注
C0219,2025-03-01,True,88.0,100.0,15.0,84.0,72.3,关注
C0219,2025-04-01,True,86.2,100.0,15.0,85.3,71.7,关注
C0219,2025-05-01,True,91.1,84.9,15.0,88.7,70.3,关注
C0219,2025-06-01,True,93.6,84.9,15.0,89.3,71.4,关注
C0219,2025-07-01,True,91.8,88.5,15.0,86.7,71.3,关注
C0219,2025-08-01,True,93.6,91.8,15.0,86.7,72.8,关注
C0220,2024-09-01,True,79.8,90.0,15.0,84.0,66.6,关注
C0220,2024-10-01,True,79.8,84.4,15.0,83.0,65.1,关注
C0220,2024-11-01,True,82.9,79.2,15.0,85.3,65.2,关注
C0220,2024-12-01,True,85.8,84.4,15.0,86.0,67.8,关注
C0220,2025-01-01,True,88.9,90.4,15.0,87.2,70.6,关注
C0220,2025-02-01,True,87.4,92.3,15.0,90.0,70.8,关注
C0220,2025-03-01,True,85.8,94.2,15.0,87.0,70.3,关注
C0220,2025-04-01,True,87.4,95.4,15.0,87.0,71.3,关注
C0220,2025-05-01,True,84.2,87.8,15.0,88.7,68.3,关注
C0220,2025-06-01,True,87.1,89.9,15.0,92.0,70.3,关注
C0220,2025-07-01,True,93.4,87.8,15.0,89.3,72.0,关注
C0220,2025-08-01,True,94.9,94.8,15.0,86.0,74.0,关注
C0221,2024-09-01,True,78.6,90.0,52.8,80.0,75.1,关注
C0221,2024-10-01,True,86.9,92.1,52.8,88.0,79.8,关注
C0221,2024-11-01,True,88.8,94.2,52.8,89.0,81.2,健康
C0221,2024-12-01,True,78.6,88.2,52.8,88.7,75.6,关注
C0221,2025-01-01,True,85.0,84.0,52.8,89.5,77.1,关注
C0221,2025-02-01,True,86.9,78.3,52.8,90.7,76.6,关注
C0221,2025-03-01,True,86.9,88.0,52.8,88.7,78.8,关注
C0221,2025-04-01,True,85.0,94.8,52.8,90.0,79.9,关注
C0221,2025-05-01,True,83.0,94.3,52.8,89.3,78.9,关注
C0221,2025-06-01,True,91.3,88.3,52.8,90.7,80.9,健康
C0221,2025-07-01,True,89.4,82.4,52.8,88.7,78.4,关注
C0221,2025-08-01,True,89.4,87.8,52.8,88.0,79.7,关注
C0222,2024-09-01,True,82.2,90.0,52.8,84.0,77.0,关注
C0222,2024-10-01,True,77.7,84.9,52.8,86.0,74.1,关注
C0222,2024-11-01,True,86.6,90.3,52.8,86.0,79.0,关注
C0222,2024-12-01,True,88.1,96.9,15.0,87.0,71.9,关注
C0222,2025-01-01,True,88.1,94.0,52.8,87.0,80.7,健康
C0222,2025-02-01,True,85.1,92.7,52.8,88.0,79.2,关注
C0222,2025-03-01,True,89.6,91.9,15.0,86.0,71.2,关注
C0222,2025-04-01,True,86.6,80.0,52.8,88.0,76.6,关注
C0222,2025-05-01,True,88.1,93.4,52.8,88.0,80.6,健康
C0222,2025-06-01,True,89.6,90.3,15.0,88.0,71.0,关注
C0222,2025-07-01,True,83.6,90.1,52.8,87.0,77.9,关注
C0222,2025-08-01,True,91.1,84.6,15.0,89.0,70.2,关注
C0223,2024-09-01,True,80.8,90.0,52.8,86.0,76.6,关注
C0223,2024-10-01,True,80.8,90.0,52.8,86.0,76.6,关注
C0223,2024-11-01,True,80.8,90.0,52.8,86.0,76.6,关注
C0223,2024-12-01,True,80.8,90.0,52.8,84.5,76.5,关注
C0223,2025-01-01,True,76.4,90.0,52.8,84.4,74.7,关注
C0223,2025-02-01,True,85.3,90.0,52.8,83.3,78.1,关注
C0223,2025-03-01,True,85.0,92.5,52.8,86.7,79.0,关注
C0223,2025-04-01,True,63.9,72.5,52.8,84.7,65.3,关注
C0223,2025-05-01,True,34.4,39.1,52.8,80.0,44.7,高风险
C0223,2025-06-01,True,21.7,10.0,52.8,72.0,31.6,高风险
C0223,2025-07-01,False,4.2,10.0,52.8,69.0,24.3,高风险
C0223,2025-08-01,False,0.0,10.0,15.0,66.0,12.8,高风险
C0224,2024-09-01,True,82.9,90.0,52.8,88.0,77.7,关注
C0224,2024-10-01,True,85.6,92.4,52.8,86.0,79.1,关注
C0224,2024-11-01,True,90.0,91.5,52.8,87.3,80.8,健康
C0224,2024-12-01,True,87.4,87.2,52.8,88.5,78.8,关注
C0224,2025-01-01,True,87.4,88.1,52.8,88.5,79.0,关注
C0224,2025-02-01,True,90.0,82.4,52.8,93.0,79.1,关注
C0224,2025-03-01,True,87.4,81.6,52.8,84.0,76.9,关注
C0224,2025-04-01,True,91.1,86.2,52.8,84.0,79.6,关注
C0224,2025-05-01,True,91.1,91.9,52.8,74.0,80.0,健康
C0224,2025-06-01,True,94.5,97.3,52.8,88.0,84.1,健康
C0224,2025-07-01,True,95.6,93.0,52.8,88.0,83.5,健康
C0224,2025-08-01,True,94.5,92.6,52.8,88.0,83.0,健康
C0225,2024-09-01,True,91.1,90.0,52.8,84.0,80.5,健康
C0225,2024-10-01,True,91.1,90.0,52.8,86.0,80.7,健康
C0225,2024-11-01,True,91.1,90.0,52.8,86.0,80.7,健康
C0225,2024-12-01,True,91.1,90.0,52.8,86.0,80.7,健康
C0225,2025-01-01,True,91.1,90.0,52.8,87.3,80.9,健康
C0225,2025-02-01,True,91.1,90.0,52.8,90.0,81.1,健康
C0225,2025-03-01,True,91.1,90.0,52.8,90.0,81.1,健康
C0225,2025-04-01,True,91.1,90.0,52.8,80.0,80.1,健康
C0225,2025-05-01,True,91.1,82.4,52.8,80.0,78.3,关注
C0225,2025-06-01,True,76.1,67.3,52.8,80.0,68.5,关注
C0225,2025-07-01,True,76.1,52.0,52.8,80.0,64.6,关注
C0225,2025-08-01,True,61.1,39.3,52.8,54.0,52.9,高风险
C0226,2024-09-01,True,90.0,90.0,15.0,80.0,70.3,关注
C0226,2024-10-01,True,91.1,91.1,15.0,86.0,71.6,关注
C0226,2024-11-01,True,84.3,90.0,15.0,87.0,68.7,关注
C0226,2024-12-01,True,91.1,90.0,15.0,87.0,71.4,关注
C0226,2025-01-01,True,88.7,90.4,15.0,89.3,70.8,关注
C0226,2025-02-01,True,49.9,64.7,15.0,80.0,47.9,高风险
C0226,2025-03-01,True,36.1,29.3,15.0,72.0,32.7,高风险
C0226,2025-04-01,True,41.5,10.0,15.0,62.7,29.1,高风险
C0226,2025-05-01,True,68.2,30.4,15.0,68.0,45.4,高风险
C0226,2025-06-01,True,82.0,100.0,15.0,82.7,69.8,关注
C0226,2025-07-01,True,85.6,100.0,15.0,91.0,72.1,关注
C0226,2025-08-01,True,91.1,100.0,15.0,97.0,74.9,关注
C0227,2024-09-01,True,91.1,90.0,52.8,84.0,80.5,健康
C0227,2024-10-01,True,91.1,90.0,52.8,85.0,80.6,健康
C0227,2024-11-01,True,91.1,90.0,52.8,85.3,80.7,健康
C0227,2024-12-01,True,91.1,90.0,52.8,85.3,80.7,健康
C0227,2025-01-01,True,91.1,90.0,52.8,85.0,80.6,健康
C0227,2025-02-01,True,91.1,90.0,52.8,84.0,80.5,健康
C0227,2025-03-01,True,91.1,90.0,52.8,85.3,80.7,健康
C0227,2025-04-01,True,91.1,90.0,52.8,86.0,80.7,健康
C0227,2025-05-01,True,91.1,82.4,52.8,87.0,78.9,关注
C0227,2025-06-01,True,81.1,69.3,52.8,79.0,70.9,关注
C0227,2025-07-01,True,76.1,53.6,52.8,73.3,64.4,关注
C0227,2025-08-01,True,71.1,47.4,15.0,60.0,50.1,高风险
C0228,2024-09-01,True,91.1,90.0,52.8,84.0,80.5,健康
C0228,2024-10-01,True,82.9,83.4,52.8,86.0,75.8,关注
C0228,2024-11-01,True,78.2,77.0,52.8,84.0,72.2,关注
C0228,2024-12-01,True,69.1,76.6,52.8,82.5,68.3,关注
C0228,2025-01-01,True,69.1,77.9,52.8,82.5,68.6,关注
C0228,2025-02-01,True,60.0,55.2,52.8,76.0,58.6,高风险
C0228,2025-03-01,True,55.3,56.0,52.8,74.0,56.7,高风险
C0228,2025-04-01,True,46.1,51.0,52.8,71.0,51.5,高风险
C0228,2025-05-01,True,41.5,44.9,52.8,68.0,47.8,高风险
C0228,2025-06-01,True,37.0,42.3,52.8,66.7,45.2,高风险
C0228,2025-07-01,False,4.7,23.2,52.8,66.0,27.5,高风险
C0228,2025-08-01,False,0.0,10.0,52.8,64.0,22.1,高风险
C0229,2024-09-01,True,86.7,90.0,52.8,90.0,79.4,关注
C0229,2024-10-01,True,86.7,90.0,52.8,88.0,79.2,关注
C0229,2024-11-01,True,91.1,90.0,52.8,88.0,80.9,健康
C0229,2024-12-01,True,79.2,86.2,52.8,88.7,75.3,关注
C0229,2025-01-01,True,86.7,86.9,52.8,88.0,78.4,关注
C0229,2025-02-01,True,79.2,79.8,52.8,88.0,73.6,关注
C0229,2025-03-01,True,86.7,90.0,52.8,86.0,79.0,关注
C0229,2025-04-01,True,91.1,90.0,52.8,86.0,80.7,健康
C0229,2025-05-01,True,67.2,78.1,52.8,81.0,67.7,关注
C0229,2025-06-01,True,44.7,40.4,52.8,71.0,48.3,高风险
C0229,2025-07-01,False,7.5,10.0,52.8,71.0,25.8,高风险
C0229,2025-08-01,False,0.0,10.0,52.8,66.0,22.3,高风险
C0230,2024-09-01,True,86.1,90.0,15.0,80.0,68.7,关注
C0230,2024-10-01,True,86.1,98.5,15.0,80.0,70.8,关注
C0230,2024-11-01,True,81.7,100.0,15.0,80.0,69.4,关注
C0230,2024-12-01,True,86.1,91.6,52.8,83.0,78.9,关注
C0230,2025-01-01,True,76.7,85.1,52.8,86.0,73.7,关注
C0230,2025-02-01,True,81.7,81.4,52.8,89.0,75.1,关注
C0230,2025-03-01,True,85.6,75.1,52.8,85.0,74.7,关注
C0230,2025-04-01,True,86.1,81.0,52.8,78.0,75.7,关注
C0230,2025-05-01,True,76.1,68.8,52.8,83.0,69.2,关注
C0230,2025-06-01,True,86.1,77.8,52.8,88.0,75.9,关注
C0230,2025-07-01,True,90.6,86.9,52.8,88.0,80.0,健康
C0230,2025-08-01,True,95.6,100.0,52.8,82.0,84.6,健康
C0231,2024-09-01,True,79.2,90.0,52.8,90.0,76.4,关注
C0231,2024-10-01,True,79.2,100.0,52.8,89.0,78.8,关注
C0231,2024-11-01,True,83.6,99.1,52.8,88.0,80.2,健康
C0231,2024-12-01,True,83.6,88.8,52.8,88.0,77.6,关注
C0231,2025-01-01,True,91.1,90.4,52.8,88.0,81.0,健康
C0231,2025-02-01,True,83.6,89.2,52.8,80.0,76.9,关注
C0231,2025-03-01,True,83.6,80.1,52.8,86.0,75.3,关注
C0231,2025-04-01,True,91.1,84.3,52.8,89.0,79.6,关注
C0231,2025-05-01,True,91.1,90.7,52.8,88.0,81.1,健康
C0231,2025-06-01,True,95.6,100.0,52.8,87.3,85.2,健康
C0231,2025-07-01,True,91.1,100.0,52.8,85.0,83.1,健康
C0231,2025-08-01,True,95.6,95.9,52.8,84.0,83.8,健康
C0232,2024-09-01,True,88.6,90.0,15.0,88.0,70.5,关注
C0232,2024-10-01,True,91.1,92.4,15.0,87.0,72.0,关注
C0232,2024-11-01,True,89.2,92.0,15.0,87.0,71.1,关注
C0232,2024-12-01,True,90.3,89.7,15.0,86.0,70.9,关注
C0232,2025-01-01,True,91.1,91.3,15.0,86.0,71.6,关注
C0232,2025-02-01,True,89.8,84.8,15.0,86.0,69.5,关注
C0232,2025-03-01,True,86.4,73.9,15.0,82.7,65.0,关注
C0232,2025-04-01,False,2.3,31.0,15.0,81.0,20.5,高风险
C0232,2025-05-01,False,0.0,10.0,15.0,74.0,13.6,高风险
C0232,2025-06-01,False,0.0,10.0,15.0,80.0,14.2,高风险
C0232,2025-07-01,False,0.0,10.0,15.0,80.0,14.2,高风险
C0232,2025-08-01,False,0.0,10.0,15.0,80.0,14.2,高风险
C0233,2024-09-01,True,83.8,90.0,15.0,82.0,68.0,关注
C0233,2024-10-01,True,77.9,81.5,15.0,85.0,63.8,关注
C0233,2024-11-01,True,80.9,84.5,15.0,85.3,65.8,关注
C0233,2024-12-01,True,81.6,93.1,15.0,82.5,67.9,关注
C0233,2025-01-01,True,83.1,89.7,15.0,82.4,67.7,关注
C0233,2025-02-01,True,86.1,92.9,15.0,82.0,69.6,关注
C0233,2025-03-01,True,83.8,92.5,15.0,88.0,69.2,关注
C0233,2025-04-01,True,80.9,87.5,15.0,91.0,67.1,关注
C0233,2025-05-01,True,89.0,86.7,15.0,88.0,69.8,关注
C0233,2025-06-01,True,85.3,91.5,15.0,84.0,69.2,关注
C0233,2025-07-01,True,86.8,95.4,15.0,84.0,70.7,关注
C0233,2025-08-01,True,89.8,92.7,15.0,88.0,71.6,关注
C0234,2024-09-01,True,78.6,90.0,52.8,80.0,75.1,关注
C0234,2024-10-01,True,78.6,85.9,52.8,92.0,75.3,关注
C0234,2024-11-01,True,88.8,82.1,52.8,88.0,78.0,关注
C0234,2024-12-01,True,88.8,91.8,52.8,88.7,80.5,健康
C0234,2025-01-01,True,88.8,95.0,52.8,90.5,81.5,健康
C0234,2025-02-01,True,91.1,100.0,52.8,94.0,84.0,健康
C0234,2025-03-01,True,88.8,94.4,52.8,94.0,81.7,健康
C0234,2025-04-01,True,88.8,95.6,52.8,94.0,82.0,健康
C0234,2025-05-01,True,88.8,86.3,52.8,93.0,79.6,关注
C0234,2025-06-01,True,91.1,93.7,52.8,95.0,82.6,健康
C0234,2025-07-01,True,93.2,88.0,52.8,91.0,81.6,健康
C0234,2025-08-01,True,95.6,97.1,52.8,90.0,84.7,健康
C0235,2024-09-01,True,77.8,90.0,15.0,90.0,66.4,关注
C0235,2024-10-01,True,89.1,100.0,15.0,91.0,73.5,关注
C0235,2024-11-01,True,84.8,100.0,15.0,89.3,71.6,关注
C0235,2024-12-01,True,84.8,93.7,15.0,89.3,70.0,关注
C0235,2025-01-01,True,89.9,91.3,15.0,89.3,71.5,关注
C0235,2025-02-01,True,89.9,95.7,15.0,88.0,72.4,关注
C0235,2025-03-01,True,89.1,94.3,15.0,88.0,71.8,关注
C0235,2025-04-01,True,87.5,89.1,15.0,91.3,70.2,关注
C0235,2025-05-01,True,84.8,84.0,15.0,92.0,67.9,关注
C0235,2025-06-01,True,89.9,81.2,15.0,92.7,69.3,关注
C0235,2025-07-01,True,93.5,91.8,15.0,89.3,73.0,关注
C0235,2025-08-01,True,91.0,94.6,15.0,90.0,72.8,关注
C0236,2024-09-01,True,76.7,90.0,52.8,80.0,74.4,关注
C0236,2024-10-01,True,76.7,81.7,52.8,88.0,73.1,关注
C0236,2024-11-01,True,76.7,82.4,52.8,88.0,73.3,关注
C0236,2024-12-01,True,87.4,94.0,52.8,92.0,80.9,健康
C0236,2025-01-01,True,87.4,94.7,52.8,88.7,80.7,健康
C0236,2025-02-01,True,87.4,100.0,52.8,89.0,82.0,健康
C0236,2025-03-01,True,87.4,100.0,52.8,88.0,81.9,健康
C0236,2025-04-01,True,91.8,97.0,52.8,91.0,83.3,健康
C0236,2025-05-01,True,91.8,99.7,52.8,91.0,83.9,健康
C0236,2025-06-01,True,81.1,90.8,52.8,89.0,77.3,关注
C0236,2025-07-01,True,91.8,87.5,52.8,90.0,80.8,健康
C0236,2025-08-01,True,95.6,82.1,52.8,90.0,81.0,健康
C0237,2024-09-01,True,79.6,90.0,52.8,86.0,76.1,关注
C0237,2024-10-01,True,79.6,90.8,52.8,86.0,76.3,关注
C0237,2024-11-01,True,79.6,89.4,52.8,86.0,76.0,关注
C0237,2024-12-01,True,84.1,89.8,52.8,92.0,78.5,关注
C0237,2025-01-01,True,79.6,89.9,52.8,88.7,76.4,关注
C0237,2025-02-01,True,84.1,89.4,52.8,84.7,77.6,关注
C0237,2025-03-01,True,79.6,82.8,52.8,83.3,74.1,关注
C0237,2025-04-01,True,84.1,87.1,52.8,84.7,77.1,关注
C0237,2025-05-01,True,84.1,89.4,52.8,92.0,78.4,关注
C0237,2025-06-01,True,79.6,98.0,52.8,89.3,78.5,关注
C0237,2025-07-01,True,84.1,93.6,52.8,88.0,79.0,关注
C0237,2025-08-01,True,88.5,89.7,52.8,83.3,79.4,关注
C0238,2024-09-01,True,82.9,90.0,15.0,80.0,67.4,关注
C0238,2024-10-01,True,82.0,89.1,15.0,88.0,67.6,关注
C0238,2024-11-01,True,85.6,88.2,15.0,88.0,68.8,关注
C0238,2024-12-01,True,80.2,88.1,15.0,86.0,66.5,关注
C0238,2025-01-01,True,86.7,91.3,15.0,85.3,69.8,关注
C0238,2025-02-01,True,83.8,93.3,15.0,83.3,68.9,关注
C0238,2025-03-01,True,82.9,96.6,15.0,83.0,69.4,关注
C0238,2025-04-01,False,0.9,51.5,15.0,82.0,25.2,高风险
C0238,2025-05-01,False,0.0,12.8,15.0,80.0,15.0,高风险
C0238,2025-06-01,False,0.0,10.0,15.0,80.0,14.2,高风险
C0238,2025-07-01,False,0.0,10.0,15.0,80.0,14.2,高风险
C0238,2025-08-01,False,0.0,10.0,52.8,80.0,23.7,高风险
C0239,2024-09-01,True,71.7,90.0,52.8,80.0,72.4,关注
C0239,2024-10-01,True,71.7,90.0,52.8,80.0,72.4,关注
C0239,2024-11-01,True,91.1,100.0,52.8,92.0,83.8,健康
C0239,2024-12-01,True,91.1,100.0,52.8,92.0,83.8,健康
C0239,2025-01-01,True,86.7,94.7,52.8,94.0,80.9,健康
C0239,2025-02-01,True,91.1,100.0,52.8,90.0,83.6,健康
C0239,2025-03-01,True,91.1,92.0,52.8,90.0,81.6,健康
C0239,2025-04-01,True,91.1,84.7,52.8,87.0,79.5,关注
C0239,2025-05-01,True,91.1,91.9,52.8,93.0,81.9,健康
C0239,2025-06-01,True,91.1,96.8,52.8,93.0,83.1,健康
C0239,2025-07-01,True,95.6,91.9,52.8,96.0,84.0,健康
C0239,2025-08-01,True,95.6,93.8,52.8,80.0,82.9,健康
C0240,2024-09-01,True,88.9,90.0,15.0,84.0,70.2,关注
C0240,2024-10-01,True,85.6,86.6,15.0,87.0,68.3,关注
C0240,2024-11-01,True,89.9,88.4,15.0,88.0,70.6,关注
C0240,2024-12-01,True,91.1,94.1,15.0,87.5,72.5,关注
C0240,2025-01-01,True,89.4,88.0,15.0,87.2,70.2,关注
C0240,2025-02-01,True,86.5,78.1,15.0,82.7,66.2,关注
C0240,2025-03-01,True,83.7,61.6,15.0,78.0,60.4,关注
C0240,2025-04-01,False,2.4,31.8,15.0,74.0,20.0,高风险
C0240,2025-05-01,False,0.0,10.0,15.0,72.0,13.4,高风险
C0240,2025-06-01,False,0.0,10.0,15.0,80.0,14.2,高风险
C0240,2025-07-01,False,0.0,10.0,15.0,80.0,14.2,高风险
C0240,2025-08-01,False,0.0,10.0,15.0,80.0,14.2,高风险
C0241,2024-09-01,True,79.7,90.0,52.8,92.0,76.8,关注
C0241,2024-10-01,True,79.7,85.5,52.8,90.0,75.5,关注
C0241,2024-11-01,True,89.6,89.7,52.8,88.7,80.4,健康
C0241,2024-12-01,True,77.9,92.0,52.8,88.5,76.2,关注
C0241,2025-01-01,True,84.2,90.2,52.8,88.4,78.3,关注
C0241,2025-02-01,True,87.8,93.5,52.8,92.0,80.9,健康
C0241,2025-03-01,True,87.8,100.0,52.8,94.0,82.7,健康
C0241,2025-04-01,True,87.8,96.4,52.8,94.0,81.8,健康
C0241,2025-05-01,True,89.6,94.2,52.8,91.3,81.7,健康
C0241,2025-06-01,True,91.1,92.7,52.8,90.0,81.8,健康
C0241,2025-07-01,True,89.6,91.6,52.8,90.0,81.0,健康
C0241,2025-08-01,True,94.1,94.1,52.8,88.0,83.2,健康
C0242,2024-09-01,True,81.0,90.0,52.8,90.0,77.1,关注
C0242,2024-10-01,True,81.0,86.0,52.8,84.0,75.5,关注
C0242,2024-11-01,True,81.0,85.6,52.8,85.3,75.5,关注
C0242,2024-12-01,True,89.2,93.6,15.0,86.5,71.5,关注
C0242,2025-01-01,True,83.6,93.1,15.0,88.0,69.3,关注
C0242,2025-02-01,True,85.5,95.5,15.0,92.0,71.0,关注
C0242,2025-03-01,True,89.2,93.9,15.0,94.0,72.3,关注
C0242,2025-04-01,True,87.4,100.0,15.0,80.0,71.7,关注
C0242,2025-05-01,True,91.8,100.0,52.8,92.0,84.1,健康
C0242,2025-06-01,True,87.4,93.6,15.0,88.0,70.9,关注
C0242,2025-07-01,True,93.7,82.0,15.0,87.3,70.5,关注
C0242,2025-08-01,True,93.7,76.0,15.0,88.0,69.0,关注
C0243,2024-09-01,True,82.9,90.0,52.8,94.0,78.3,关注
C0243,2024-10-01,True,82.7,82.9,52.8,94.0,76.4,关注
C0243,2024-11-01,True,91.1,87.4,52.8,90.0,80.5,健康
C0243,2024-12-01,True,82.7,91.3,52.8,87.3,77.8,关注
C0243,2025-01-01,True,87.4,87.1,52.8,87.3,78.7,关注
C0243,2025-02-01,True,87.4,86.6,52.8,82.0,78.0,关注
C0243,2025-03-01,True,87.4,92.8,52.8,80.0,79.4,关注
C0243,2025-04-01,True,87.4,89.8,52.8,82.0,78.8,关注
C0243,2025-05-01,True,87.1,83.5,52.8,86.0,77.5,关注
C0243,2025-06-01,True,87.1,81.4,52.8,86.0,77.0,关注
C0243,2025-07-01,True,82.4,74.5,52.8,90.0,73.8,关注
C0243,2025-08-01,True,82.7,82.1,52.8,90.0,75.8,关注
C0244,2024-09-01,True,79.2,90.0,52.8,80.0,75.4,关注
C0244,2024-10-01,True,79.2,90.6,52.8,94.0,76.9,关注
C0244,2024-11-01,True,79.2,98.1,52.8,92.0,78.6,关注
C0244,2024-12-01,True,82.9,99.4,52.8,88.0,80.0,健康
C0244,2025-01-01,True,83.6,90.1,52.8,87.0,77.9,关注
C0244,2025-02-01,True,83.6,92.9,52.8,82.0,78.1,关注
C0244,2025-03-01,True,83.6,85.7,52.8,84.0,76.5,关注
C0244,2025-04-01,True,83.6,90.3,52.8,84.0,77.6,关注
C0244,2025-05-01,True,87.4,87.1,52.8,87.0,78.6,关注
C0244,2025-06-01,True,88.1,88.3,52.8,90.7,79.6,关注
C0244,2025-07-01,True,91.8,87.6,52.8,94.0,81.2,健康
C0244,2025-08-01,True,88.1,93.6,52.8,89.0,80.7,健康
C0245,2024-09-01,True,86.4,90.0,15.0,86.0,69.4,关注
C0245,2024-10-01,True,83.9,87.4,15.0,85.0,67.7,关注
C0245,2024-11-01,True,86.4,88.3,15.0,84.7,68.9,关注
C0245,2024-12-01,True,80.1,88.2,15.0,85.5,66.4,关注
C0245,2025-01-01,True,82.6,86.7,15.0,86.0,67.1,关注
C0245,2025-02-01,True,91.1,85.8,15.0,88.0,70.4,关注
C0245,2025-03-01,True,81.3,90.7,15.0,88.0,67.8,关注
C0245,2025-04-01,True,81.3,90.6,15.0,86.0,67.5,关注
C0245,2025-05-01,True,87.0,86.5,15.0,87.0,68.9,关注
C0245,2025-06-01,True,70.5,68.9,15.0,85.3,57.7,高风险
C0245,2025-07-01,True,36.8,38.2,15.0,85.0,36.5,高风险
C0245,2025-08-01,True,26.7,10.0,15.0,68.0,23.7,高风险
C0246,2024-09-01,True,82.7,90.0,15.0,96.0,68.9,关注
C0246,2024-10-01,True,88.5,94.3,15.0,89.0,71.6,关注
C0246,2024-11-01,True,83.4,94.5,15.0,88.7,69.6,关注
C0246,2024-12-01,True,84.5,87.3,15.0,89.5,68.3,关注
C0246,2025-01-01,True,85.2,86.6,15.0,90.0,68.5,关注
C0246,2025-02-01,True,88.5,79.9,15.0,92.0,68.3,关注
C0246,2025-03-01,True,87.9,87.1,15.0,87.0,69.4,关注
C0246,2025-04-01,True,87.2,90.4,15.0,86.0,69.8,关注
C0246,2025-05-01,True,85.8,93.9,15.0,83.3,69.9,关注
C0246,2025-06-01,True,86.5,84.7,15.0,86.0,68.1,关注
C0246,2025-07-01,True,93.7,88.5,15.0,87.3,72.1,关注
C0246,2025-08-01,True,88.3,89.1,15.0,88.7,70.2,关注
C0247,2024-09-01,True,78.0,90.0,52.8,84.0,75.3,关注
C0247,2024-10-01,True,82.4,94.1,52.8,81.0,77.8,关注
C0247,2024-11-01,True,78.0,94.1,52.8,86.0,76.5,关注
C0247,2024-12-01,True,78.0,88.6,52.8,88.5,75.4,关注
C0247,2025-01-01,True,81.9,87.8,52.8,88.5,76.8,关注
C0247,2025-02-01,True,86.4,85.1,52.8,90.0,78.0,关注
C0247,2025-03-01,True,86.4,84.5,52.8,88.0,77.7,关注
C0247,2025-04-01,True,86.4,90.5,52.8,88.0,79.2,关注
C0247,2025-05-01,True,86.4,93.8,52.8,92.0,80.4,健康
C0247,2025-06-01,True,91.1,100.0,52.8,80.0,82.6,健康
C0247,2025-07-01,True,94.8,100.0,52.8,82.0,84.3,健康
C0247,2025-08-01,True,90.8,100.0,52.8,83.0,82.8,健康
C0248,2024-09-01,True,80.0,90.0,15.0,80.0,66.2,关注
C0248,2024-10-01,True,80.0,86.5,15.0,80.0,65.3,关注
C0248,2024-11-01,True,91.1,87.2,15.0,80.0,70.0,关注
C0248,2024-12-01,True,83.9,92.5,15.0,80.0,68.4,关注
C0248,2025-01-01,True,84.4,93.3,15.0,98.0,70.6,关注
C0248,2025-02-01,True,88.3,92.4,15.0,96.0,71.8,关注
C0248,2025-03-01,True,88.3,90.9,15.0,92.7,71.1,关注
C0248,2025-04-01,True,86.4,80.0,15.0,90.0,67.3,关注
C0248,2025-05-01,True,86.4,87.7,52.8,86.0,78.3,关注
C0248,2025-06-01,True,90.8,85.3,52.8,90.0,79.9,关注
C0248,2025-07-01,True,88.8,95.1,15.0,90.0,72.1,关注
C0248,2025-08-01,True,88.8,90.7,15.0,91.0,71.1,关注
C0249,2024-09-01,True,78.6,90.0,52.8,80.0,75.1,关注
C0249,2024-10-01,True,84.4,100.0,52.8,92.0,81.1,健康
C0249,2024-11-01,True,83.0,100.0,52.8,92.0,80.6,健康
C0249,2024-12-01,True,88.8,88.4,52.8,90.0,79.8,关注
C0249,2025-01-01,True,83.0,89.3,52.8,90.0,77.7,关注
C0249,2025-02-01,True,88.8,93.0,52.8,88.0,80.8,健康
C0249,2025-03-01,True,83.0,86.3,52.8,90.0,77.0,关注
C0249,2025-04-01,True,93.2,99.5,52.8,90.0,84.4,健康
C0249,2025-05-01,True,88.8,91.4,52.8,89.0,80.5,健康
C0249,2025-06-01,True,88.8,98.0,52.8,86.0,81.8,健康
C0249,2025-07-01,True,88.8,91.0,52.8,88.0,80.3,健康
C0249,2025-08-01,True,95.6,98.1,52.8,90.0,85.0,健康
C0250,2024-09-01,True,85.1,90.0,15.0,86.0,68.9,关注
C0250,2024-10-01,True,83.2,91.7,15.0,86.0,68.6,关注
C0250,2024-11-01,True,83.2,89.2,15.0,86.0,67.9,关注
C0250,2024-12-01,True,84.0,85.9,15.0,87.0,67.5,关注
C0250,2025-01-01,True,85.6,89.6,15.0,90.0,69.4,关注
C0250,2025-02-01,True,85.6,88.2,15.0,92.0,69.2,关注
C0250,2025-03-01,True,84.8,89.9,15.0,94.0,69.5,关注
C0250,2025-04-01,True,87.2,88.5,15.0,92.0,69.9,关注
C0250,2025-05-01,True,91.1,90.9,15.0,92.0,72.1,关注
C0250,2025-06-01,True,91.6,91.9,15.0,92.0,72.6,关注
C0250,2025-07-01,True,92.4,92.7,15.0,90.0,72.9,关注
C0250,2025-08-01,True,94.0,92.5,15.0,86.0,73.1,关注
C0251,2024-09-01,True,80.6,90.0,15.0,88.0,67.3,关注
C0251,2024-10-01,True,84.7,93.8,15.0,86.0,69.7,关注
C0251,2024-11-01,True,82.7,93.8,15.0,84.7,68.7,关注
C0251,2024-12-01,True,83.2,90.2,15.0,84.7,68.0,关注
C0251,2025-01-01,True,84.2,90.7,15.0,85.5,68.7,关注
C0251,2025-02-01,True,82.7,91.2,15.0,87.0,68.3,关注
C0251,2025-03-01,True,81.6,88.6,15.0,86.0,67.2,关注
C0251,2025-04-01,True,69.5,69.6,15.0,82.7,57.2,高风险
C0251,2025-05-01,True,45.9,39.0,15.0,78.0,39.6,高风险
C0251,2025-06-01,True,23.6,10.0,15.0,72.7,23.0,高风险
C0251,2025-07-01,False,1.0,10.0,15.0,70.0,13.7,高风险
C0251,2025-08-01,False,0.0,10.0,15.0,68.0,13.0,高风险
C0252,2024-09-01,True,86.7,90.0,52.8,80.0,78.4,关注
C0252,2024-10-01,True,91.1,90.0,52.8,100.0,82.1,健康
C0252,2024-11-01,True,91.1,90.0,52.8,96.0,81.7,健康
C0252,2024-12-01,True,91.1,90.0,52.8,96.0,81.7,健康
C0252,2025-01-01,True,86.7,90.0,52.8,93.3,79.7,关注
C0252,2025-02-01,True,47.8,62.8,52.8,88.0,56.8,高风险
C0252,2025-03-01,True,35.8,29.4,52.8,72.0,42.1,高风险
C0252,2025-04-01,True,43.3,10.0,52.8,63.0,39.3,高风险
C0252,2025-05-01,True,76.1,34.3,52.8,63.0,58.5,高风险
C0252,2025-06-01,True,83.6,100.0,52.8,81.0,79.7,关注
C0252,2025-07-01,True,86.7,100.0,52.8,91.0,82.0,健康
C0252,2025-08-01,True,91.1,100.0,52.8,90.0,83.6,健康
C0253,2024-09-01,True,81.7,90.0,15.0,78.0,66.7,关注
C0253,2024-10-01,True,78.3,79.5,15.0,78.0,62.8,关注
C0253,2024-11-01,True,83.3,76.3,15.0,77.0,63.9,关注
C0253,2024-12-01,True,87.8,85.3,15.0,81.3,68.3,关注
C0253,2025-01-01,True,78.3,87.9,15.0,82.0,65.3,关注
C0253,2025-02-01,True,86.1,82.3,15.0,87.3,67.5,关注
C0253,2025-03-01,True,84.4,90.6,15.0,86.0,68.8,关注
C0253,2025-04-01,True,86.1,91.2,15.0,90.0,70.0,关注
C0253,2025-05-01,True,86.1,95.4,15.0,85.0,70.5,关注
C0253,2025-06-01,True,79.4,84.8,15.0,84.7,65.2,关注
C0253,2025-07-01,True,90.6,84.9,15.0,83.3,69.5,关注
C0253,2025-08-01,True,92.2,81.7,15.0,86.7,69.7,关注
C0254,2024-09-01,True,80.9,90.0,15.0,84.0,67.0,关注
C0254,2024-10-01,True,83.2,88.6,15.0,91.0,68.3,关注
C0254,2024-11-01,True,82.1,86.8,15.0,91.0,67.4,关注
C0254,2024-12-01,True,84.4,91.1,15.0,90.7,69.3,关注
C0254,2025-01-01,True,86.5,93.7,15.0,91.5,70.9,关注
C0254,2025-02-01,True,87.6,100.0,15.0,88.0,72.6,关注
C0254,2025-03-01,True,90.0,94.2,15.0,84.7,71.7,关注
C0254,2025-04-01,True,81.9,84.7,15.0,82.7,65.9,关注
C0254,2025-05-01,True,90.0,76.8,15.0,87.3,67.7,关注
C0254,2025-06-01,True,90.9,80.6,15.0,90.0,69.3,关注
C0254,2025-07-01,True,88.8,90.7,15.0,91.0,71.0,关注
C0254,2025-08-01,True,95.6,93.5,15.0,84.0,73.7,关注
C0255,2024-09-01,True,79.4,90.0,52.8,82.0,75.6,关注
C0255,2024-10-01,True,83.8,86.9,52.8,80.0,76.5,关注
C0255,2024-11-01,True,81.8,85.2,52.8,84.0,75.6,关注
C0255,2024-12-01,True,81.4,87.4,52.8,84.0,76.0,关注
C0255,2025-01-01,True,83.8,87.9,15.0,86.0,67.8,关注
C0255,2025-02-01,True,84.8,88.6,15.0,92.0,69.0,关注
C0255,2025-03-01,True,87.9,92.6,15.0,92.0,71.3,关注
C0255,2025-04-01,True,86.9,92.2,15.0,80.0,69.5,关注
C0255,2025-05-01,True,88.3,85.6,15.0,94.0,69.9,关注
C0255,2025-06-01,True,92.3,86.6,15.0,91.0,71.4,关注
C0255,2025-07-01,True,86.9,96.8,15.0,92.0,71.9,关注
C0255,2025-08-01,True,88.3,100.0,15.0,88.7,72.9,关注
C0256,2024-09-01,True,79.2,90.0,52.8,82.0,75.6,关注
C0256,2024-10-01,True,79.2,90.0,52.8,82.0,75.6,关注
C0256,2024-11-01,True,79.2,84.0,52.8,84.0,74.3,关注
C0256,2024-12-01,True,83.6,84.0,52.8,86.7,76.3,关注
C0256,2025-01-01,True,83.6,91.8,52.8,86.7,78.3,关注
C0256,2025-02-01,True,83.6,91.2,52.8,92.0,78.6,关注
C0256,2025-03-01,True,91.1,98.0,52.8,84.0,82.6,健康
C0256,2025-04-01,True,91.1,99.8,52.8,88.0,83.4,健康
C0256,2025-05-01,True,91.1,100.0,52.8,90.7,83.7,健康
C0256,2025-06-01,True,95.6,95.1,52.8,88.0,84.0,健康
C0256,2025-07-01,True,91.1,87.4,52.8,86.0,80.1,健康
C0256,2025-08-01,True,91.1,86.2,52.8,76.0,78.8,关注
C0257,2024-09-01,True,81.2,90.0,52.8,92.0,77.4,关注
C0257,2024-10-01,True,81.2,86.9,52.8,89.0,76.3,关注
C0257,2024-11-01,True,81.2,87.8,52.8,88.7,76.5,关注
C0257,2024-12-01,True,91.1,96.2,52.8,89.0,82.6,健康
C0257,2025-01-01,True,89.1,94.7,52.8,88.4,81.3,健康
C0257,2025-02-01,True,89.1,98.2,52.8,89.3,82.3,健康
C0257,2025-03-01,True,85.7,82.8,52.8,88.7,77.0,关注
C0257,2025-04-01,True,89.1,82.1,52.8,90.0,78.4,关注
C0257,2025-05-01,True,89.1,85.0,52.8,87.0,78.8,关注
C0257,2025-06-01,True,95.6,98.2,52.8,89.0,84.9,健康
C0257,2025-07-01,True,89.1,100.0,52.8,89.3,82.8,健康
C0257,2025-08-01,True,93.5,98.4,52.8,92.7,84.5,健康
C0258,2024-09-01,True,87.7,90.0,52.8,84.0,79.2,关注
C0258,2024-10-01,True,89.0,91.2,52.8,88.0,80.4,健康
C0258,2024-11-01,True,87.7,90.8,52.8,86.0,79.6,关注
C0258,2024-12-01,True,91.1,91.7,15.0,85.0,71.6,关注
C0258,2025-01-01,True,85.1,90.6,15.0,84.4,68.9,关注
C0258,2025-02-01,True,91.1,94.6,15.0,84.7,72.3,关注
C0258,2025-03-01,True,91.1,91.4,15.0,86.7,71.7,关注
C0258,2025-04-01,True,87.7,95.4,52.8,88.7,81.0,健康
C0258,2025-05-01,True,89.0,80.8,15.0,86.0,68.2,关注
C0258,2025-06-01,True,82.4,67.2,15.0,85.0,62.0,关注
C0258,2025-07-01,True,75.8,52.3,52.8,82.0,64.8,关注
C0258,2025-08-01,True,68.0,48.1,15.0,52.0,48.2,高风险
C0259,2024-09-01,True,86.7,90.0,52.8,80.0,78.4,关注
C0259,2024-10-01,True,79.2,83.0,52.8,80.0,73.6,关注
C0259,2024-11-01,True,86.7,83.8,52.8,96.0,78.4,关注
C0259,2024-12-01,True,79.2,86.3,52.8,90.0,75.4,关注
C0259,2025-01-01,True,91.1,86.1,52.8,91.3,80.3,健康
C0259,2025-02-01,True,83.6,78.5,52.8,89.3,75.2,关注
C0259,2025-03-01,True,83.6,88.8,52.8,92.0,78.0,关注
C0259,2025-04-01,True,91.1,92.0,52.8,91.0,81.7,健康
C0259,2025-05-01,True,91.1,100.0,52.8,93.0,83.9,健康
C0259,2025-06-01,True,95.6,100.0,52.8,92.0,85.6,健康
C0259,2025-07-01,True,95.6,100.0,52.8,92.7,85.7,健康
C0259,2025-08-01,True,95.6,90.9,52.8,92.0,83.3,健康
C0260,2024-09-01,True,78.4,90.0,15.0,88.0,66.4,关注
C0260,2024-10-01,True,77.1,88.8,15.0,89.0,65.7,关注
C0260,2024-11-01,True,83.6,91.9,15.0,86.7,68.8,关注
C0260,2024-12-01,True,88.0,92.2,15.0,88.0,70.8,关注
C0260,2025-01-01,True,84.1,87.4,15.0,88.8,68.1,关注
C0260,2025-02-01,True,84.1,85.1,15.0,90.7,67.7,关注
C0260,2025-03-01,True,84.1,86.5,15.0,90.0,68.0,关注
C0260,2025-04-01,True,82.8,88.5,15.0,89.0,67.9,关注
C0260,2025-05-01,True,88.6,89.0,15.0,94.0,70.8,关注
C0260,2025-06-01,True,86.7,88.3,52.8,93.0,79.3,关注
C0260,2025-07-01,True,93.7,91.3,52.8,93.0,82.8,健康
C0260,2025-08-01,True,88.6,93.5,15.0,88.0,71.3,关注
C0261,2024-09-01,True,81.1,90.0,52.8,80.0,76.1,关注
C0261,2024-10-01,True,81.1,90.0,52.8,88.0,76.9,关注
C0261,2024-11-01,True,91.1,97.9,52.8,88.0,82.9,健康
C0261,2024-12-01,True,91.1,100.0,52.8,87.0,83.3,健康
C0261,2025-01-01,True,91.1,95.9,52.8,87.0,82.3,健康
C0261,2025-02-01,True,91.1,100.0,52.8,85.0,83.1,健康
C0261,2025-03-01,True,91.1,96.8,52.8,87.0,82.6,健康
C0261,2025-04-01,True,91.1,82.5,52.8,85.3,78.8,关注
C0261,2025-05-01,True,81.1,68.7,52.8,81.3,71.0,关注
C0261,2025-06-01,True,81.1,54.8,52.8,72.7,66.6,关注
C0261,2025-07-01,True,68.6,46.2,52.8,64.0,58.6,高风险
C0261,2025-08-01,True,68.6,49.2,52.8,56.7,58.6,高风险
C0262,2024-09-01,True,78.9,90.0,52.8,84.0,75.7,关注
C0262,2024-10-01,True,78.9,85.7,52.8,86.0,74.8,关注
C0262,2024-11-01,True,85.7,84.8,52.8,88.0,77.5,关注
C0262,2024-12-01,True,85.8,91.3,52.8,87.5,79.1,关注
C0262,2025-01-01,True,85.7,92.8,52.8,86.8,79.3,关注
C0262,2025-02-01,True,87.9,96.2,52.8,85.3,81.0,健康
C0262,2025-03-01,True,87.9,91.3,52.8,86.0,79.8,关注
C0262,2025-04-01,True,90.2,91.7,52.8,84.7,80.7,健康
C0262,2025-05-01,True,90.2,88.9,15.0,84.0,70.5,关注
C0262,2025-06-01,True,95.6,98.7,15.0,81.3,74.8,关注
C0262,2025-07-01,True,91.1,91.8,52.8,82.0,80.8,健康
C0262,2025-08-01,True,94.6,94.7,52.8,80.0,82.7,健康
C0263,2024-09-01,True,80.2,90.0,52.8,88.0,76.6,关注
C0263,2024-10-01,True,80.2,90.0,52.8,88.0,76.6,关注
C0263,2024-11-01,True,85.6,93.3,52.8,89.0,79.7,关注
C0263,2024-12-01,True,80.2,92.5,52.8,87.3,77.1,关注
C0263,2025-01-01,True,80.2,88.5,52.8,87.3,76.2,关注
C0263,2025-02-01,True,85.6,90.0,52.8,85.0,78.4,关注
C0263,2025-03-01,True,80.2,90.0,15.0,85.0,66.8,关注
C0263,2025-04-01,True,70.4,73.2,52.8,82.0,67.9,关注
C0263,2025-05-01,True,39.2,39.0,52.8,76.0,46.2,高风险
C0263,2025-06-01,True,24.0,10.0,52.8,68.7,32.2,高风险
C0263,2025-07-01,True,14.2,10.0,52.8,63.3,27.7,高风险
C0263,2025-08-01,False,5.4,10.0,52.8,61.0,23.9,高风险
C0264,2024-09-01,True,91.1,90.0,52.8,94.0,81.5,健康
C0264,2024-10-01,True,86.7,90.0,52.8,84.0,78.8,关注
C0264,2024-11-01,True,91.1,90.0,52.8,84.0,80.5,健康
C0264,2024-12-01,True,91.1,90.0,52.8,84.0,80.5,健康
C0264,2025-01-01,True,91.1,90.0,52.8,84.0,80.5,健康
C0264,2025-02-01,True,51.9,64.1,52.8,80.0,58.0,高风险
C0264,2025-03-01,True,33.8,29.9,52.8,80.0,42.2,高风险
C0264,2025-04-01,True,40.6,10.0,52.8,62.0,38.1,高风险
C0264,2025-05-01,True,67.6,27.0,52.8,71.0,54.1,高风险
C0264,2025-06-01,True,78.8,100.0,52.8,75.3,77.3,关注
C0264,2025-07-01,True,86.7,100.0,52.8,82.0,81.1,健康
C0264,2025-08-01,True,91.1,100.0,52.8,87.0,83.3,健康
C0265,2024-09-01,True,91.1,90.0,52.8,86.0,80.7,健康
C0265,2024-10-01,True,91.1,90.0,52.8,84.0,80.5,健康
C0265,2024-11-01,True,85.7,85.7,52.8,84.0,77.3,关注
C0265,2024-12-01,True,91.1,86.8,52.8,84.0,79.7,关注
C0265,2025-01-01,True,85.7,89.1,52.8,84.0,78.1,关注
C0265,2025-02-01,True,91.1,90.0,52.8,84.0,80.5,健康
C0265,2025-03-01,True,91.1,90.0,52.8,85.0,80.6,健康
C0265,2025-04-01,True,91.1,97.9,52.8,85.3,82.6,健康
C0265,2025-05-01,True,91.1,93.8,52.8,85.3,81.6,健康
C0265,2025-06-01,True,33.8,59.6,52.8,74.7,49.1,高风险
C0265,2025-07-01,False,6.8,17.9,52.8,69.0,27.3,高风险
C0265,2025-08-01,False,0.0,10.0,52.8,54.0,21.1,高风险
C0266,2024-09-01,True,82.9,90.0,15.0,84.0,67.8,关注
C0266,2024-10-01,True,79.8,81.0,15.0,87.0,64.6,关注
C0266,2024-11-01,True,82.7,75.5,15.0,87.3,64.4,关注
C0266,2024-12-01,True,84.2,83.0,15.0,89.5,67.1,关注
C0266,2025-01-01,True,85.8,89.0,15.0,89.6,69.3,关注
C0266,2025-02-01,True,85.8,87.2,15.0,93.0,69.2,关注
C0266,2025-03-01,True,85.8,97.7,15.0,84.0,70.9,关注
C0266,2025-04-01,True,84.2,98.7,15.0,85.0,70.6,关注
C0266,2025-05-01,True,90.2,93.3,15.0,85.3,71.7,关注
C0266,2025-06-01,True,87.1,84.3,15.0,85.3,68.2,关注
C0266,2025-07-01,True,93.4,82.2,15.0,84.0,70.1,关注
C0266,2025-08-01,True,82.7,86.7,15.0,83.0,66.8,关注
C0267,2024-09-01,True,81.5,90.0,15.0,80.0,66.9,关注
C0267,2024-10-01,True,84.2,83.0,15.0,82.0,66.4,关注
C0267,2024-11-01,True,84.2,82.8,15.0,85.0,66.6,关注
C0267,2024-12-01,True,82.3,92.6,15.0,86.0,68.4,关注
C0267,2025-01-01,True,87.8,93.3,15.0,85.5,70.8,关注
C0267,2025-02-01,True,89.6,98.6,15.0,83.3,72.6,关注
C0267,2025-03-01,True,82.3,93.4,15.0,81.0,68.1,关注
C0267,2025-04-01,True,87.8,89.1,15.0,83.0,69.4,关注
C0267,2025-05-01,True,88.6,83.3,15.0,85.0,68.5,关注
C0267,2025-06-01,True,92.3,88.9,15.0,85.0,71.4,关注
C0267,2025-07-01,True,80.5,86.1,15.0,83.0,65.8,关注
C0267,2025-08-01,True,90.4,89.4,15.0,89.0,71.2,关注
C0268,2024-09-01,True,83.6,90.0,15.0,80.0,67.7,关注
C0268,2024-10-01,True,83.6,87.7,15.0,90.0,68.1,关注
C0268,2024-11-01,True,85.4,83.1,15.0,87.0,67.4,关注
C0268,2024-12-01,True,84.1,80.5,15.0,87.3,66.2,关注
C0268,2025-01-01,True,88.0,85.9,15.0,88.0,69.2,关注
C0268,2025-02-01,True,88.0,79.1,15.0,88.7,67.6,关注
C0268,2025-03-01,True,88.0,94.1,15.0,89.3,71.4,关注
C0268,2025-04-01,True,88.0,92.7,15.0,91.3,71.3,关注
C0268,2025-05-01,True,88.0,92.1,15.0,90.0,71.0,关注
C0268,2025-06-01,True,90.6,91.5,15.0,94.7,72.3,关注
C0268,2025-07-01,True,90.6,94.2,15.0,94.0,72.9,关注
C0268,2025-08-01,True,95.0,100.0,15.0,104.0,77.2,关注
C0269,2024-09-01,True,84.7,90.0,52.8,84.0,78.0,关注
C0269,2024-10-01,True,84.7,90.0,52.8,84.0,78.0,关注
C0269,2024-11-01,True,91.1,96.9,52.8,85.0,82.4,健康
C0269,2024-12-01,True,91.1,100.0,52.8,85.0,83.1,健康
C0269,2025-01-01,True,84.7,91.3,52.8,84.7,78.4,关注
C0269,2025-02-01,True,84.7,90.0,52.8,84.0,78.0,关注
C0269,2025-03-01,True,91.1,83.0,52.8,84.0,78.8,关注
C0269,2025-04-01,True,84.7,83.0,52.8,80.0,75.8,关注
C0269,2025-05-01,True,84.7,82.5,52.8,88.0,76.5,关注
C0269,2025-06-01,True,84.7,67.5,52.8,80.0,72.0,关注
C0269,2025-07-01,True,74.0,54.1,52.8,73.3,63.6,关注
C0269,2025-08-01,True,74.0,53.3,52.8,59.3,62.0,关注
C0270,2024-09-01,True,81.9,90.0,52.8,86.0,77.1,关注
C0270,2024-10-01,True,85.9,99.3,52.8,86.0,81.0,健康
C0270,2024-11-01,True,81.9,100.0,52.8,83.0,79.3,关注
C0270,2024-12-01,True,78.0,84.3,52.8,90.0,74.5,关注
C0270,2025-01-01,True,86.4,86.6,52.8,88.0,78.2,关注
C0270,2025-02-01,True,86.4,85.0,52.8,93.3,78.3,关注
C0270,2025-03-01,True,86.4,97.3,52.8,90.0,81.1,健康
C0270,2025-04-01,True,86.4,91.7,52.8,93.3,80.0,健康
C0270,2025-05-01,True,86.4,93.6,52.8,88.0,80.0,健康
C0270,2025-06-01,True,86.4,91.0,52.8,83.3,78.8,关注
C0270,2025-07-01,True,90.8,96.3,52.8,82.0,81.8,健康
C0270,2025-08-01,True,90.8,90.3,52.8,88.0,80.9,健康
C0271,2024-09-01,True,80.2,90.0,52.8,94.0,77.2,关注
C0271,2024-10-01,True,80.2,92.3,52.8,94.0,77.8,关注
C0271,2024-11-01,True,84.7,89.4,52.8,94.0,78.8,关注
C0271,2024-12-01,True,84.7,85.7,52.8,94.0,77.9,关注
C0271,2025-01-01,True,84.7,90.5,52.8,94.0,79.1,关注
C0271,2025-02-01,True,91.1,98.1,52.8,88.0,83.0,健康
C0271,2025-03-01,True,91.1,100.0,52.8,88.0,83.4,健康
C0271,2025-04-01,True,91.1,100.0,52.8,88.0,83.4,健康
C0271,2025-05-01,True,95.6,100.0,52.8,78.0,84.2,健康
C0271,2025-06-01,True,84.7,87.0,52.8,87.0,77.5,关注
C0271,2025-07-01,True,95.6,82.8,52.8,87.0,80.8,健康
C0271,2025-08-01,True,91.1,86.6,52.8,96.0,80.9,健康
C0272,2024-09-01,True,83.7,90.0,15.0,90.0,68.7,关注
C0272,2024-10-01,True,79.7,82.9,15.0,93.0,65.6,关注
C0272,2024-11-01,True,79.7,82.5,15.0,93.0,65.5,关注
C0272,2024-12-01,True,91.1,91.6,15.0,89.3,72.0,关注
C0272,2025-01-01,True,82.1,89.8,15.0,88.5,67.9,关注
C0272,2025-02-01,True,83.7,87.6,15.0,86.7,67.8,关注
C0272,2025-03-01,True,83.7,86.4,15.0,89.0,67.7,关注
C0272,2025-04-01,True,89.1,95.3,15.0,90.0,72.2,关注
C0272,2025-05-01,True,86.1,99.1,15.0,82.0,71.2,关注
C0272,2025-06-01,True,88.1,99.5,15.0,83.3,72.2,关注
C0272,2025-07-01,True,95.6,95.1,15.0,81.0,73.9,关注
C0272,2025-08-01,True,95.6,100.0,15.0,83.0,75.3,关注
C0273,2024-09-01,True,90.3,90.0,52.8,80.0,79.8,关注
C0273,2024-10-01,True,81.9,86.3,52.8,84.0,75.9,关注
C0273,2024-11-01,True,85.9,87.5,52.8,86.0,78.0,关注
C0273,2024-12-01,True,81.9,90.0,52.8,86.0,77.1,关注
C0273,2025-01-01,True,85.9,89.5,52.8,86.5,78.6,关注
C0273,2025-02-01,True,81.9,87.5,52.8,85.3,76.4,关注
C0273,2025-03-01,True,65.6,70.4,52.8,82.7,65.3,关注
C0273,2025-04-01,True,33.6,32.9,52.8,76.0,42.5,高风险
C0273,2025-05-01,False,3.9,10.0,52.8,73.0,24.6,高风险
C0273,2025-06-01,False,0.0,10.0,52.8,68.0,22.5,高风险
C0273,2025-07-01,False,0.0,10.0,15.0,80.0,14.2,高风险
C0273,2025-08-01,False,0.0,10.0,15.0,80.0,14.2,高风险
C0274,2024-09-01,True,83.3,90.0,15.0,88.0,68.4,关注
C0274,2024-10-01,True,79.3,88.1,15.0,88.0,66.3,关注
C0274,2024-11-01,True,81.7,88.6,15.0,90.7,67.7,关注
C0274,2024-12-01,True,85.4,92.3,15.0,89.0,69.9,关注
C0274,2025-01-01,True,87.0,92.7,15.0,87.6,70.5,关注
C0274,2025-02-01,True,86.2,95.4,15.0,83.3,70.4,关注
C0274,2025-03-01,True,87.8,93.5,15.0,87.3,71.0,关注
C0274,2025-04-01,True,91.0,93.4,15.0,90.7,72.5,关注
C0274,2025-05-01,True,87.0,92.5,15.0,95.3,71.2,关注
C0274,2025-06-01,True,93.0,90.4,15.0,94.7,73.0,关注
C0274,2025-07-01,True,95.6,89.8,15.0,94.7,73.9,关注
C0274,2025-08-01,True,89.4,89.9,15.0,93.3,71.3,关注
C0275,2024-09-01,True,85.9,90.0,15.0,86.0,69.2,关注
C0275,2024-10-01,True,86.7,91.1,15.0,86.0,69.8,关注
C0275,2024-11-01,True,80.6,87.4,15.0,86.0,66.4,关注
C0275,2024-12-01,True,89.0,86.1,15.0,84.5,69.3,关注
C0275,2025-01-01,True,84.6,90.0,15.0,85.6,68.6,关注
C0275,2025-02-01,True,83.2,89.2,15.0,86.7,68.0,关注
C0275,2025-03-01,True,84.6,90.1,15.0,88.7,69.0,关注
C0275,2025-04-01,True,84.6,91.6,15.0,87.3,69.2,关注
C0275,2025-05-01,True,86.4,89.1,15.0,86.7,69.2,关注
C0275,2025-06-01,True,70.9,70.3,15.0,84.0,58.1,高风险
C0275,2025-07-01,True,41.5,38.9,15.0,76.7,37.7,高风险
C0275,2025-08-01,True,23.9,10.0,15.0,64.0,22.2,高风险
C0276,2024-09-01,True,90.2,90.0,15.0,88.0,71.1,关注
C0276,2024-10-01,True,85.1,87.1,15.0,88.0,68.4,关注
C0276,2024-11-01,True,81.3,82.2,15.0,85.0,65.3,关注
C0276,2024-12-01,True,71.2,78.8,15.0,81.3,60.1,关注
C0276,2025-01-01,True,68.6,77.9,15.0,81.0,58.8,高风险
C0276,2025-02-01,True,57.8,53.3,15.0,77.0,47.9,高风险
C0276,2025-03-01,True,57.2,51.6,15.0,78.0,47.3,高风险
C0276,2025-04-01,True,48.3,49.5,15.0,73.0,42.8,高风险
C0276,2025-05-01,True,44.5,50.8,15.0,71.3,41.4,高风险
C0276,2025-06-01,True,36.9,46.7,15.0,68.0,37.0,高风险
C0276,2025-07-01,True,33.0,43.9,15.0,66.0,34.5,高风险
C0276,2025-08-01,True,23.5,37.6,15.0,63.3,28.9,高风险
C0277,2024-09-01,True,82.9,90.0,15.0,82.0,67.6,关注
C0277,2024-10-01,True,80.6,79.1,15.0,83.0,64.1,关注
C0277,2024-11-01,True,82.9,75.7,15.0,86.0,64.4,关注
C0277,2024-12-01,True,82.9,85.3,15.0,84.0,66.6,关注
C0277,2025-01-01,True,78.2,89.1,15.0,86.8,66.0,关注
C0277,2025-02-01,True,80.3,84.8,15.0,87.3,65.8,关注
C0277,2025-03-01,True,87.4,92.8,15.0,87.3,70.6,关注
C0277,2025-04-01,True,87.4,93.7,15.0,82.0,70.3,关注
C0277,2025-05-01,True,85.0,99.0,15.0,82.0,70.7,关注
C0277,2025-06-01,True,89.7,95.4,52.8,87.0,81.6,健康
C0277,2025-07-01,True,91.8,92.0,52.8,86.7,81.6,健康
C0277,2025-08-01,True,87.4,91.3,15.0,87.3,70.2,关注
C0278,2024-09-01,True,81.1,90.0,52.8,80.0,76.1,关注
C0278,2024-10-01,True,82.9,89.3,52.8,90.0,77.7,关注
C0278,2024-11-01,True,76.7,92.8,52.8,86.0,75.7,关注
C0278,2024-12-01,True,82.9,98.2,52.8,84.0,79.3,关注
C0278,2025-01-01,True,87.4,93.6,52.8,83.0,79.8,关注
C0278,2025-02-01,True,87.4,99.8,52.8,81.3,81.2,健康
C0278,2025-03-01,True,87.4,85.3,52.8,83.3,77.8,关注
C0278,2025-04-01,True,87.4,87.1,52.8,86.0,78.5,关注
C0278,2025-05-01,True,91.8,79.2,52.8,88.0,78.5,关注
C0278,2025-06-01,True,87.4,89.6,52.8,89.0,79.4,关注
C0278,2025-07-01,True,91.8,85.2,52.8,90.0,80.2,健康
C0278,2025-08-01,True,91.8,98.6,52.8,80.0,82.6,健康
C0279,2024-09-01,True,84.0,90.0,52.8,98.0,79.1,关注
C0279,2024-10-01,True,84.0,91.1,52.8,93.0,78.9,关注
C0279,2024-11-01,True,84.0,93.7,52.8,93.0,79.5,关注
C0279,2024-12-01,True,84.0,95.4,52.8,93.3,80.0,健康
C0279,2025-01-01,True,88.5,93.2,52.8,95.5,81.4,健康
C0279,2025-02-01,True,88.5,99.8,52.8,97.3,83.3,健康
C0279,2025-03-01,True,91.1,99.8,52.8,94.7,84.1,健康
C0279,2025-04-01,True,88.5,96.3,52.8,91.0,81.8,健康
C0279,2025-05-01,True,95.6,98.1,52.8,86.0,84.5,健康
C0279,2025-06-01,True,95.6,85.6,52.8,94.0,82.2,健康
C0279,2025-07-01,True,92.9,92.5,52.8,92.0,82.7,健康
C0279,2025-08-01,True,95.6,82.9,52.8,90.7,81.2,健康
C0280,2024-09-01,True,80.8,90.0,52.8,80.0,76.0,关注
C0280,2024-10-01,True,76.7,84.4,52.8,94.0,74.4,关注
C0280,2024-11-01,True,81.1,82.0,52.8,91.0,75.2,关注
C0280,2024-12-01,True,81.1,85.8,52.8,91.3,76.2,关注
C0280,2025-01-01,True,85.3,89.1,52.8,88.0,78.4,关注
C0280,2025-02-01,True,85.3,91.0,52.8,86.0,78.7,关注
C0280,2025-03-01,True,89.4,98.5,52.8,83.0,81.9,健康
C0280,2025-04-01,True,85.3,100.0,52.8,88.0,81.1,健康
C0280,2025-05-01,True,85.3,94.4,52.8,86.0,79.5,关注
C0280,2025-06-01,True,89.4,96.4,52.8,86.0,81.7,健康
C0280,2025-07-01,True,89.7,89.7,52.8,85.3,80.1,健康
C0280,2025-08-01,True,93.9,93.5,52.8,86.0,82.7,健康
C0281,2024-09-01,True,91.1,90.0,52.8,86.0,80.7,健康
C0281,2024-10-01,True,91.1,90.0,52.8,85.0,80.6,健康
C0281,2024-11-01,True,91.1,90.0,52.8,85.3,80.7,健康
C0281,2024-12-01,True,91.1,90.0,52.8,86.0,80.7,健康
C0281,2025-01-01,True,91.1,90.0,52.8,86.0,80.7,健康
C0281,2025-02-01,True,91.1,90.0,52.8,88.0,80.9,健康
C0281,2025-03-01,True,91.1,90.0,52.8,80.0,80.1,健康
C0281,2025-04-01,True,91.1,81.7,52.8,88.0,78.9,关注
C0281,2025-05-01,True,91.1,73.3,52.8,80.0,76.0,关注
C0281,2025-06-01,True,76.1,57.6,52.8,76.0,65.6,关注
C0281,2025-07-01,True,76.1,56.1,52.8,66.0,64.3,关注
C0281,2025-08-01,True,61.1,45.0,52.8,58.0,54.7,高风险
C0282,2024-09-01,True,81.2,90.0,52.8,80.0,76.2,关注
C0282,2024-10-01,True,81.2,88.5,52.8,84.0,76.2,关注
C0282,2024-11-01,True,74.4,86.6,52.8,81.0,72.7,关注
C0282,2024-12-01,True,85.7,87.4,52.8,84.7,77.8,关注
C0282,2025-01-01,True,91.1,93.6,52.8,84.7,81.5,健康
C0282,2025-02-01,True,85.7,93.0,52.8,90.0,79.7,关注
C0282,2025-03-01,True,91.1,97.1,52.8,87.0,82.6,健康
C0282,2025-04-01,True,85.7,86.6,52.8,85.3,77.6,关注
C0282,2025-05-01,True,90.1,90.4,52.8,84.0,80.2,健康
C0282,2025-06-01,True,90.1,83.7,52.8,84.0,78.6,关注
C0282,2025-07-01,True,85.7,83.5,52.8,89.0,77.2,关注
C0282,2025-08-01,True,90.1,85.6,52.8,89.3,79.6,关注
C0283,2024-09-01,True,91.1,90.0,15.0,88.0,71.5,关注
C0283,2024-10-01,True,80.8,80.9,15.0,87.0,65.0,关注
C0283,2024-11-01,True,78.3,75.0,15.0,84.0,62.2,关注
C0283,2024-12-01,True,70.2,77.7,15.0,84.0,59.6,高风险
C0283,2025-01-01,True,68.9,78.7,15.0,84.0,59.4,高风险
C0283,2025-02-01,True,59.6,56.4,15.0,80.0,49.7,高风险
C0283,2025-03-01,True,54.7,56.0,15.0,76.0,47.2,高风险
C0283,2025-04-01,False,1.2,27.5,15.0,72.0,18.3,高风险
C0283,2025-05-01,False,0.0,10.0,15.0,72.0,13.4,高风险
C0283,2025-06-01,False,0.0,10.0,15.0,80.0,14.2,高风险
C0283,2025-07-01,False,0.0,10.0,52.8,80.0,23.7,高风险
C0283,2025-08-01,False,0.0,10.0,52.8,80.0,23.7,高风险
C0284,2024-09-01,True,81.0,90.0,52.8,90.0,77.1,关注
C0284,2024-10-01,True,83.6,89.2,52.8,88.0,77.7,关注
C0284,2024-11-01,True,81.0,90.6,52.8,89.3,77.2,关注
C0284,2024-12-01,True,83.6,89.6,15.0,89.3,68.5,关注
C0284,2025-01-01,True,84.1,87.0,15.0,87.0,67.9,关注
C0284,2025-02-01,True,89.3,88.9,15.0,80.0,69.7,关注
C0284,2025-03-01,True,86.7,92.4,15.0,78.0,69.3,关注
C0284,2025-04-01,True,91.1,98.0,15.0,80.0,72.7,关注
C0284,2025-05-01,True,95.0,98.6,15.0,84.0,74.8,关注
C0284,2025-06-01,True,95.6,100.0,15.0,90.7,76.0,关注
C0284,2025-07-01,True,95.6,100.0,15.0,92.0,76.2,关注
C0284,2025-08-01,True,95.6,93.3,15.0,90.0,74.3,关注
C0285,2024-09-01,True,89.4,90.0,52.8,80.0,79.5,关注
C0285,2024-10-01,True,85.0,87.7,52.8,80.0,77.1,关注
C0285,2024-11-01,True,76.7,80.1,52.8,80.0,71.9,关注
C0285,2024-12-01,True,72.2,77.2,52.8,79.0,69.3,关注
C0285,2025-01-01,True,63.9,77.3,52.8,78.7,66.0,关注
C0285,2025-02-01,True,59.4,54.1,52.8,77.3,58.2,高风险
C0285,2025-03-01,True,59.4,52.1,52.8,77.3,57.7,高风险
C0285,2025-04-01,False,8.3,32.3,52.8,77.0,32.3,高风险
C0285,2025-05-01,False,0.0,10.0,52.8,78.0,23.5,高风险
C0285,2025-06-01,False,0.0,10.0,52.8,80.0,23.7,高风险
C0285,2025-07-01,False,0.0,10.0,52.8,80.0,23.7,高风险
C0285,2025-08-01,False,0.0,10.0,52.8,80.0,23.7,高风险
C0286,2024-09-01,True,78.6,90.0,52.8,98.0,76.9,关注
C0286,2024-10-01,True,84.4,90.8,52.8,96.0,79.2,关注
C0286,2024-11-01,True,78.6,85.8,52.8,93.3,75.4,关注
C0286,2024-12-01,True,84.4,90.0,52.8,93.3,78.8,关注
C0286,2025-01-01,True,83.0,92.5,52.8,92.0,78.7,关注
C0286,2025-02-01,True,88.8,94.6,52.8,86.0,81.0,健康
C0286,2025-03-01,True,88.8,86.7,52.8,81.3,78.5,关注
C0286,2025-04-01,True,83.0,92.1,52.8,78.7,77.3,关注
C0286,2025-05-01,True,88.8,90.0,52.8,76.0,78.8,关注
C0286,2025-06-01,True,83.0,88.5,52.8,80.0,76.5,关注
C0286,2025-07-01,True,83.0,84.8,52.8,83.0,75.9,关注
C0286,2025-08-01,True,87.5,79.5,52.8,81.3,76.2,关注
C0287,2024-09-01,True,91.1,90.0,15.0,84.0,71.1,关注
C0287,2024-10-01,True,84.0,83.6,15.0,83.0,66.6,关注
C0287,2024-11-01,True,82.5,79.2,15.0,82.0,64.8,关注
C0287,2024-12-01,True,75.2,80.5,15.0,82.0,62.1,关注
C0287,2025-01-01,True,64.9,77.5,15.0,82.0,57.3,高风险
C0287,2025-02-01,True,61.9,54.6,15.0,78.0,50.0,高风险
C0287,2025-03-01,True,56.0,49.0,15.0,74.0,45.8,高风险
C0287,2025-04-01,True,48.6,50.9,15.0,74.0,43.3,高风险
C0287,2025-05-01,True,45.7,48.4,15.0,70.0,41.1,高风险
C0287,2025-06-01,False,1.5,27.1,15.0,70.0,18.1,高风险
C0287,2025-07-01,False,0.0,10.0,15.0,70.0,13.2,高风险
C0287,2025-08-01,False,0.0,10.0,15.0,80.0,14.2,高风险
C0288,2024-09-01,True,88.8,90.0,52.8,82.0,79.4,关注
C0288,2024-10-01,True,84.4,87.6,52.8,82.0,77.0,关注
C0288,2024-11-01,True,78.6,81.6,52.8,82.0,73.2,关注
C0288,2024-12-01,True,74.1,79.9,52.8,81.3,71.0,关注
C0288,2025-01-01,True,68.4,80.0,52.8,80.0,68.5,关注
C0288,2025-02-01,True,63.9,61.2,52.8,76.7,61.7,关注
C0288,2025-03-01,True,58.2,56.4,52.8,75.0,58.1,高风险
C0288,2025-04-01,False,5.8,31.3,52.8,74.0,30.7,高风险
C0288,2025-05-01,False,0.0,10.0,52.8,80.0,23.7,高风险
C0288,2025-06-01,False,0.0,10.0,52.8,80.0,23.7,高风险
C0288,2025-07-01,False,0.0,10.0,52.8,80.0,23.7,高风险
C0288,2025-08-01,False,0.0,10.0,52.8,80.0,23.7,高风险
C0289,2024-09-01,True,80.2,90.0,15.0,80.0,66.3,关注
C0289,2024-10-01,True,76.3,85.2,15.0,78.0,63.4,关注
C0289,2024-11-01,True,83.7,84.8,15.0,79.0,66.3,关注
C0289,2024-12-01,True,86.6,90.3,15.0,85.3,69.5,关注
C0289,2025-01-01,True,83.7,91.4,15.0,85.3,68.6,关注
C0289,2025-02-01,True,90.5,100.0,15.0,93.0,74.3,关注
C0289,2025-03-01,True,89.6,100.0,15.0,88.0,73.4,关注
C0289,2025-04-01,True,90.5,100.0,15.0,86.0,73.6,关注
C0289,2025-05-01,True,92.0,98.3,15.0,86.0,73.7,关注
C0289,2025-06-01,True,91.1,92.3,15.0,86.0,71.9,关注
C0289,2025-07-01,True,94.0,84.0,15.0,83.3,70.7,关注
C0289,2025-08-01,True,95.6,84.7,15.0,81.0,71.3,关注
C0290,2024-09-01,True,91.1,90.0,15.0,96.0,72.3,关注
C0290,2024-10-01,True,91.1,89.1,15.0,92.0,71.7,关注
C0290,2024-11-01,True,90.8,87.5,15.0,92.0,71.1,关注
C0290,2024-12-01,True,89.3,86.9,15.0,90.0,70.2,关注
C0290,2025-01-01,True,91.1,89.1,15.0,88.0,71.3,关注
C0290,2025-02-01,True,49.4,61.6,15.0,79.3,46.9,高风险
C0290,2025-03-01,True,35.8,31.9,15.0,70.0,33.0,高风险
C0290,2025-04-01,True,41.9,10.0,15.0,64.7,29.5,高风险
C0290,2025-05-01,True,68.0,30.0,15.0,68.7,45.3,高风险
C0290,2025-06-01,True,82.1,100.0,15.0,80.7,69.7,关注
C0290,2025-07-01,True,89.8,100.0,15.0,89.3,73.6,关注
C0290,2025-08-01,True,91.1,100.0,15.0,89.3,74.1,关注
C0291,2024-09-01,True,91.1,90.0,15.0,82.0,70.9,关注
C0291,2024-10-01,True,84.3,85.1,15.0,84.0,67.1,关注
C0291,2024-11-01,True,80.2,79.6,15.0,83.3,64.1,关注
C0291,2024-12-01,True,74.5,79.7,15.0,82.0,61.7,关注
C0291,2025-01-01,True,69.1,79.5,15.0,80.8,59.3,高风险
C0291,2025-02-01,True,59.3,57.0,15.0,76.7,49.4,高风险
C0291,2025-03-01,True,56.6,52.0,15.0,74.0,46.8,高风险
C0291,2025-04-01,True,49.5,49.6,15.0,73.3,43.3,高风险
C0291,2025-05-01,True,45.5,48.7,15.0,71.3,41.2,高风险
C0291,2025-06-01,True,35.7,46.7,15.0,70.7,36.8,高风险
C0291,2025-07-01,True,34.3,43.5,15.0,67.3,35.1,高风险
C0291,2025-08-01,True,23.2,36.3,15.0,65.3,28.6,高风险
C0292,2024-09-01,True,87.4,90.0,15.0,80.0,69.2,关注
C0292,2024-10-01,True,82.9,93.2,15.0,80.0,68.2,关注
C0292,2024-11-01,True,87.4,98.5,15.0,84.0,71.7,关注
C0292,2024-12-01,True,87.4,95.0,15.0,82.7,70.7,关注
C0292,2025-01-01,True,87.4,90.1,52.8,82.7,78.9,关注
C0292,2025-02-01,True,87.4,90.5,52.8,82.0,79.0,关注
C0292,2025-03-01,True,87.4,92.4,52.8,84.0,79.6,关注
C0292,2025-04-01,True,87.4,90.0,52.8,82.0,78.8,关注
C0292,2025-05-01,True,95.6,99.2,52.8,80.0,84.2,健康
C0292,2025-06-01,True,95.6,92.8,52.8,86.0,83.2,健康
C0292,2025-07-01,True,95.6,97.1,52.8,94.0,85.1,健康
C0292,2025-08-01,True,87.4,83.3,52.8,94.7,78.4,关注
C0293,2024-09-01,True,89.8,90.0,52.8,80.0,79.6,关注
C0293,2024-10-01,True,89.8,90.0,52.8,80.0,79.6,关注
C0293,2024-11-01,True,91.1,92.0,52.8,84.0,81.1,健康
C0293,2024-12-01,True,91.1,93.1,52.8,84.0,81.3,健康
C0293,2025-01-01,True,89.8,90.4,52.8,84.0,80.1,健康
C0293,2025-02-01,True,89.8,90.0,52.8,86.0,80.2,健康
C0293,2025-03-01,True,91.1,87.7,52.8,86.7,80.2,健康
C0293,2025-04-01,True,91.1,91.7,52.8,88.7,81.4,健康
C0293,2025-05-01,True,91.1,95.8,52.8,87.3,82.3,健康
C0293,2025-06-01,True,36.2,62.3,15.0,77.3,41.5,高风险
C0293,2025-07-01,False,3.3,18.3,15.0,71.0,16.7,高风险
C0293,2025-08-01,False,0.0,10.0,52.8,58.0,21.5,高风险
C0294,2024-09-01,True,82.3,90.0,15.0,96.0,68.8,关注
C0294,2024-10-01,True,83.6,98.5,15.0,91.0,70.9,关注
C0294,2024-11-01,True,83.6,100.0,15.0,91.0,71.3,关注
C0294,2024-12-01,True,86.7,93.1,52.8,88.7,80.0,健康
C0294,2025-01-01,True,86.7,90.5,52.8,89.0,79.4,关注
C0294,2025-02-01,True,86.7,92.6,52.8,84.7,79.5,关注
C0294,2025-03-01,True,85.4,87.9,52.8,89.3,78.3,关注
C0294,2025-04-01,True,91.1,93.9,52.8,88.7,82.0,健康
C0294,2025-05-01,True,89.3,96.1,15.0,92.0,72.7,关注
C0294,2025-06-01,True,86.7,98.6,15.0,88.7,72.0,关注
C0294,2025-07-01,True,91.1,91.1,52.8,89.3,81.4,健康
C0294,2025-08-01,True,95.6,89.3,52.8,89.3,82.7,健康
C0295,2024-09-01,True,81.9,90.0,52.8,80.0,76.5,关注
C0295,2024-10-01,True,88.3,93.9,52.8,78.0,79.8,关注
C0295,2024-11-01,True,84.4,89.1,52.8,81.0,77.3,关注
C0295,2024-12-01,True,86.4,84.0,52.8,85.3,77.3,关注
C0295,2025-01-01,True,86.4,89.2,52.8,88.0,78.8,关注
C0295,2025-02-01,True,84.4,85.3,52.8,90.7,77.3,关注
C0295,2025-03-01,True,84.4,82.3,52.8,89.0,76.4,关注
C0295,2025-04-01,True,86.9,80.0,52.8,88.0,76.7,关注
C0295,2025-05-01,True,84.4,80.4,52.8,96.0,76.7,关注
C0295,2025-06-01,True,84.4,87.6,52.8,87.3,77.6,关注
C0295,2025-07-01,True,92.8,93.9,52.8,89.3,82.7,健康
C0295,2025-08-01,True,92.8,93.8,52.8,88.0,82.6,健康
C0296,2024-09-01,True,82.9,90.0,52.8,94.0,78.3,关注
C0296,2024-10-01,True,82.9,88.5,52.8,93.0,77.8,关注
C0296,2024-11-01,True,82.9,88.7,52.8,92.0,77.7,关注
C0296,2024-12-01,True,82.9,91.1,52.8,89.0,78.0,关注
C0296,2025-01-01,True,82.9,92.7,52.8,90.0,78.5,关注
C0296,2025-02-01,True,87.4,96.6,52.8,87.0,81.0,健康
C0296,2025-03-01,True,87.4,94.8,52.8,89.0,80.7,健康
C0296,2025-04-01,True,91.1,91.6,52.8,84.0,81.0,健康
C0296,2025-05-01,True,91.8,90.3,52.8,84.0,80.9,健康
C0296,2025-06-01,True,87.4,94.6,52.8,94.0,81.2,健康
C0296,2025-07-01,True,87.4,91.9,52.8,91.0,80.2,健康
C0296,2025-08-01,True,95.6,91.6,52.8,91.0,83.4,健康
C0297,2024-09-01,True,76.7,90.0,52.8,80.0,74.4,关注
C0297,2024-10-01,True,81.7,87.9,52.8,92.0,77.0,关注
C0297,2024-11-01,True,81.7,95.5,52.8,86.0,78.3,关注
C0297,2024-12-01,True,86.1,99.1,52.8,84.7,80.9,健康
C0297,2025-01-01,True,86.1,91.9,52.8,84.0,79.0,关注
C0297,2025-02-01,True,91.1,99.5,52.8,82.0,82.7,健康
C0297,2025-03-01,True,91.1,99.8,52.8,85.0,83.1,健康
C0297,2025-04-01,True,91.1,100.0,52.8,91.0,83.7,健康
C0297,2025-05-01,True,91.1,99.9,52.8,88.0,83.4,健康
C0297,2025-06-01,True,95.6,94.8,52.8,88.0,83.9,健康
C0297,2025-07-01,True,91.1,93.6,52.8,82.0,81.2,健康
C0297,2025-08-01,True,95.6,89.1,52.8,80.0,81.7,健康
C0298,2024-09-01,True,86.7,90.0,52.8,80.0,78.4,关注
C0298,2024-10-01,True,80.7,82.4,52.8,90.0,75.1,关注
C0298,2024-11-01,True,83.7,78.0,52.8,90.0,75.2,关注
C0298,2024-12-01,True,77.7,83.5,52.8,85.0,73.6,关注
C0298,2025-01-01,True,85.1,85.2,52.8,88.0,77.3,关注
C0298,2025-02-01,True,85.1,81.7,52.8,87.3,76.4,关注
C0298,2025-03-01,True,91.1,92.7,52.8,89.3,81.7,健康
C0298,2025-04-01,True,85.1,96.0,52.8,86.7,79.9,关注
C0298,2025-05-01,True,85.1,87.8,15.0,86.0,68.3,关注
C0298,2025-06-01,True,91.1,81.6,15.0,86.0,69.2,关注
C0298,2025-07-01,True,95.6,92.0,52.8,92.0,83.6,健康
C0298,2025-08-01,True,92.6,100.0,52.8,92.0,84.4,健康
C0299,2024-09-01,True,84.7,90.0,15.0,102.0,70.3,关注
C0299,2024-10-01,True,74.8,76.0,15.0,91.0,61.8,关注
C0299,2024-11-01,True,81.9,80.2,15.0,88.0,65.3,关注
C0299,2024-12-01,True,83.5,90.4,15.0,88.5,68.6,关注
C0299,2025-01-01,True,84.9,81.8,15.0,87.2,66.9,关注
C0299,2025-02-01,True,84.9,77.8,15.0,88.7,66.0,关注
C0299,2025-03-01,True,83.5,92.0,15.0,86.0,68.7,关注
C0299,2025-04-01,True,86.3,100.0,15.0,90.0,72.3,关注
C0299,2025-05-01,True,90.7,100.0,15.0,89.3,74.0,关注
C0299,2025-06-01,True,89.3,100.0,15.0,91.3,73.6,关注
C0299,2025-07-01,True,89.3,89.9,15.0,86.0,70.6,关注
C0299,2025-08-01,True,89.3,85.0,15.0,83.3,69.1,关注
C0300,2024-09-01,True,91.1,90.0,15.0,88.0,71.5,关注
C0300,2024-10-01,True,82.9,83.7,15.0,85.0,66.3,关注
C0300,2024-11-01,True,83.8,80.6,15.0,83.3,65.7,关注
C0300,2024-12-01,True,70.8,80.1,15.0,81.5,60.2,关注
C0300,2025-01-01,True,66.5,76.8,15.0,80.4,57.6,高风险
C0300,2025-02-01,True,57.8,51.1,15.0,76.0,47.2,高风险
C0300,2025-03-01,True,57.8,50.7,15.0,74.7,47.0,高风险
C0300,2025-04-01,True,45.7,48.1,15.0,72.0,41.3,高风险
C0300,2025-05-01,False,0.9,27.8,15.0,70.0,18.0,高风险
C0300,2025-06-01,False,0.0,10.0,15.0,68.0,13.0,高风险
C0300,2025-07-01,False,0.0,10.0,15.0,80.0,14.2,高风险
C0300,2025-08-01,False,0.0,10.0,15.0,80.0,14.2,高风险
C0301,2024-09-01,True,81.7,90.0,52.8,80.0,76.4,关注
C0301,2024-10-01,True,81.7,91.1,52.8,92.0,77.8,关注
C0301,2024-11-01,True,81.7,90.7,52.8,92.0,77.8,关注
C0301,2024-12-01,True,86.1,89.0,52.8,89.0,78.8,关注
C0301,2025-01-01,True,86.1,89.7,52.8,89.0,79.0,关注
C0301,2025-02-01,True,86.1,90.4,52.8,88.0,79.0,关注
C0301,2025-03-01,True,91.1,97.4,52.8,88.0,82.8,健康
C0301,2025-04-01,True,86.1,94.8,52.8,88.0,80.1,健康
C0301,2025-05-01,True,86.1,88.3,52.8,84.0,78.1,关注
C0301,2025-06-01,True,95.6,73.6,52.8,82.0,78.0,关注
C0301,2025-07-01,True,91.1,80.5,52.8,83.3,78.1,关注
C0301,2025-08-01,True,95.6,90.7,52.8,84.0,82.5,健康
C0302,2024-09-01,True,76.7,90.0,15.0,84.0,65.3,关注
C0302,2024-10-01,True,86.1,96.3,15.0,89.0,71.2,关注
C0302,2024-11-01,True,81.7,96.1,15.0,88.7,69.3,关注
C0302,2024-12-01,True,81.7,92.4,15.0,88.5,68.4,关注
C0302,2025-01-01,True,86.1,91.6,52.8,88.8,79.4,关注
C0302,2025-02-01,True,86.1,93.2,52.8,90.0,80.0,健康
C0302,2025-03-01,True,81.1,84.0,52.8,89.3,75.6,关注
C0302,2025-04-01,True,86.1,91.1,52.8,89.0,79.3,关注
C0302,2025-05-01,False,5.0,51.9,52.8,86.0,36.8,高风险
C0302,2025-06-01,False,0.0,16.1,52.8,80.0,25.2,高风险
C0302,2025-07-01,False,0.0,10.0,52.8,80.0,23.7,高风险
C0302,2025-08-01,False,0.0,10.0,52.8,80.0,23.7,高风险
C0303,2024-09-01,True,80.2,90.0,52.8,80.0,75.8,关注
C0303,2024-10-01,True,80.2,90.0,52.8,82.0,76.0,关注
C0303,2024-11-01,True,80.2,90.0,52.8,82.0,76.0,关注
C0303,2024-12-01,True,80.2,90.0,52.8,82.0,76.0,关注
C0303,2025-01-01,True,80.2,90.0,52.8,84.0,76.2,关注
C0303,2025-02-01,True,85.6,93.4,52.8,84.0,79.2,关注
C0303,2025-03-01,True,80.2,93.4,52.8,84.7,77.1,关注
C0303,2025-04-01,True,65.1,74.3,52.8,82.7,66.1,关注
C0303,2025-05-01,True,39.2,36.7,52.8,78.7,45.9,高风险
C0303,2025-06-01,True,24.0,10.0,52.8,72.7,32.6,高风险
C0303,2025-07-01,True,14.2,10.0,52.8,67.3,28.1,高风险
C0303,2025-08-01,True,4.4,10.0,52.8,62.0,23.7,高风险
C0304,2024-09-01,True,87.4,90.0,52.8,80.0,78.6,关注
C0304,2024-10-01,True,82.9,87.4,52.8,80.0,76.2,关注
C0304,2024-11-01,True,73.5,78.8,52.8,80.0,70.3,关注
C0304,2024-12-01,True,69.1,76.1,52.8,78.0,67.7,关注
C0304,2025-01-01,True,69.1,80.1,52.8,78.0,68.7,关注
C0304,2025-02-01,True,64.7,63.2,52.8,79.0,62.8,关注
C0304,2025-03-01,True,55.3,62.4,52.8,76.0,58.5,高风险
C0304,2025-04-01,False,9.4,35.1,52.8,76.0,33.3,高风险
C0304,2025-05-01,False,0.0,10.0,52.8,72.0,22.9,高风险
C0304,2025-06-01,False,0.0,10.0,52.8,80.0,23.7,高风险
C0304,2025-07-01,False,0.0,10.0,52.8,80.0,23.7,高风险
C0304,2025-08-01,False,0.0,10.0,52.8,80.0,23.7,高风险
C0305,2024-09-01,True,76.7,90.0,52.8,80.0,74.4,关注
C0305,2024-10-01,True,81.1,86.2,52.8,84.0,75.6,关注
C0305,2024-11-01,True,87.4,92.2,52.8,86.0,79.8,关注
C0305,2024-12-01,True,87.4,98.2,52.8,86.0,81.3,健康
C0305,2025-01-01,True,87.4,95.2,52.8,86.0,80.5,健康
C0305,2025-02-01,True,87.4,100.0,52.8,84.0,81.5,健康
C0305,2025-03-01,True,87.4,95.5,52.8,84.0,80.4,健康
C0305,2025-04-01,True,87.4,87.0,52.8,84.0,78.3,关注
C0305,2025-05-01,True,87.4,92.2,52.8,80.0,79.2,关注
C0305,2025-06-01,True,81.1,96.5,52.8,88.0,78.6,关注
C0305,2025-07-01,True,87.4,97.5,52.8,88.0,81.3,健康
C0305,2025-08-01,True,87.4,86.7,52.8,84.0,78.2,关注
C0306,2024-09-01,True,80.2,90.0,15.0,86.0,66.9,关注
C0306,2024-10-01,True,80.2,79.9,15.0,89.0,64.7,关注
C0306,2024-11-01,True,82.0,83.0,15.0,86.7,66.0,关注
C0306,2024-12-01,True,81.6,93.9,15.0,86.7,68.5,关注
C0306,2025-01-01,True,86.0,91.6,15.0,88.0,69.9,关注
C0306,2025-02-01,True,90.0,98.2,15.0,92.0,73.5,关注
C0306,2025-03-01,True,90.0,100.0,15.0,95.0,74.3,关注
C0306,2025-04-01,True,91.1,100.0,15.0,92.0,74.4,关注
C0306,2025-05-01,True,90.0,100.0,15.0,90.7,73.8,关注
C0306,2025-06-01,True,95.6,96.2,15.0,87.3,74.8,关注
C0306,2025-07-01,True,94.5,77.1,15.0,85.3,69.3,关注
C0306,2025-08-01,True,95.6,84.9,15.0,85.3,71.7,关注
C0307,2024-09-01,True,84.0,90.0,15.0,92.0,69.0,关注
C0307,2024-10-01,True,78.5,86.7,15.0,89.0,65.7,关注
C0307,2024-11-01,True,87.2,92.2,15.0,90.0,70.7,关注
C0307,2024-12-01,True,85.4,94.6,15.0,90.0,70.6,关注
C0307,2025-01-01,True,86.6,89.9,15.0,90.4,69.9,关注
C0307,2025-02-01,True,84.2,90.0,15.0,94.0,69.3,关注
C0307,2025-03-01,True,86.6,90.3,15.0,95.3,70.5,关注
C0307,2025-04-01,True,87.8,83.7,15.0,94.7,69.3,关注
C0307,2025-05-01,True,89.8,85.5,15.0,90.0,70.1,关注
C0307,2025-06-01,True,90.9,89.5,15.0,88.0,71.3,关注
C0307,2025-07-01,True,89.2,95.8,15.0,86.7,72.1,关注
C0307,2025-08-01,True,89.6,100.0,15.0,86.7,73.3,关注
C0308,2024-09-01,True,84.7,90.0,52.8,88.0,78.4,关注
C0308,2024-10-01,True,84.7,90.0,52.8,88.0,78.4,关注
C0308,2024-11-01,True,84.7,90.0,52.8,87.0,78.3,关注
C0308,2024-12-01,True,91.1,94.7,52.8,87.0,82.0,健康
C0308,2025-01-01,True,84.7,93.8,52.8,86.7,79.2,关注
C0308,2025-02-01,True,91.1,100.0,52.8,88.0,83.4,健康
C0308,2025-03-01,True,84.7,82.4,52.8,88.0,76.5,关注
C0308,2025-04-01,False,10.7,45.2,52.8,90.0,37.8,高风险
C0308,2025-05-01,False,0.0,10.0,52.8,80.0,23.7,高风险
C0308,2025-06-01,False,0.0,10.0,52.8,80.0,23.7,高风险
C0308,2025-07-01,False,0.0,10.0,52.8,80.0,23.7,高风险
C0308,2025-08-01,False,0.0,10.0,52.8,80.0,23.7,高风险
C0309,2024-09-01,True,74.8,90.0,15.0,86.0,64.8,关注
C0309,2024-10-01,True,86.3,100.0,15.0,92.0,72.5,关注
C0309,2024-11-01,True,82.1,98.6,15.0,90.7,70.3,关注
C0309,2024-12-01,True,83.3,91.8,15.0,90.7,69.1,关注
C0309,2025-01-01,True,87.7,94.0,15.0,88.5,71.2,关注
C0309,2025-02-01,True,90.5,100.0,15.0,84.0,73.4,关注
C0309,2025-03-01,True,87.7,92.9,15.0,85.3,70.6,关注
C0309,2025-04-01,True,89.1,100.0,15.0,88.0,73.2,关注
C0309,2025-05-01,True,91.1,95.2,15.0,89.0,72.9,关注
C0309,2025-06-01,True,92.2,94.0,15.0,90.0,73.1,关注
C0309,2025-07-01,True,95.6,87.3,15.0,82.0,72.0,关注
C0309,2025-08-01,True,95.6,84.2,52.8,89.0,81.4,健康
C0310,2024-09-01,True,82.6,90.0,15.0,88.0,68.1,关注
C0310,2024-10-01,True,86.7,94.3,15.0,85.0,70.5,关注
C0310,2024-11-01,True,84.3,93.9,15.0,84.7,69.4,关注
C0310,2024-12-01,True,82.6,88.4,15.0,85.0,67.4,关注
C0310,2025-01-01,True,82.1,88.0,15.0,85.6,67.2,关注
C0310,2025-02-01,True,89.8,87.1,15.0,87.0,70.1,关注
C0310,2025-03-01,True,61.4,65.9,15.0,82.0,53.0,高风险
C0310,2025-04-01,False,1.1,29.1,15.0,76.0,19.1,高风险
C0310,2025-05-01,False,0.0,10.0,15.0,76.0,13.8,高风险
C0310,2025-06-01,False,0.0,10.0,15.0,80.0,14.2,高风险
C0310,2025-07-01,False,0.0,10.0,15.0,80.0,14.2,高风险
C0310,2025-08-01,False,0.0,10.0,15.0,80.0,14.2,高风险
C0311,2024-09-01,True,78.7,90.0,15.0,80.0,65.8,关注
C0311,2024-10-01,True,80.8,92.9,15.0,90.0,68.3,关注
C0311,2024-11-01,True,82.9,92.0,15.0,92.0,69.1,关注
C0311,2024-12-01,True,85.3,88.0,15.0,92.0,69.1,关注
C0311,2025-01-01,True,89.4,89.7,15.0,92.0,71.2,关注
C0311,2025-02-01,True,89.4,91.5,15.0,88.0,71.2,关注
C0311,2025-03-01,True,91.1,96.5,15.0,84.0,72.7,关注
C0311,2025-04-01,True,91.1,99.4,15.0,91.0,74.1,关注
C0311,2025-05-01,True,93.9,100.0,15.0,92.0,75.5,关注
C0311,2025-06-01,True,95.6,100.0,15.0,90.7,76.0,关注
C0311,2025-07-01,True,91.1,100.0,15.0,87.3,73.9,关注
C0311,2025-08-01,True,95.6,99.9,52.8,87.3,85.1,健康
C0312,2024-09-01,True,85.7,90.0,52.8,94.0,79.4,关注
C0312,2024-10-01,True,78.8,88.9,52.8,89.0,75.9,关注
C0312,2024-11-01,True,81.2,94.7,52.8,89.0,78.3,关注
C0312,2024-12-01,True,81.2,96.1,52.8,89.3,78.7,关注
C0312,2025-01-01,True,85.7,92.9,52.8,89.5,79.6,关注
C0312,2025-02-01,True,85.7,95.7,52.8,89.3,80.3,健康
C0312,2025-03-01,True,85.7,95.0,52.8,88.7,80.1,健康
C0312,2025-04-01,True,90.1,85.8,52.8,86.7,79.4,关注
C0312,2025-05-01,True,85.7,92.3,52.8,86.0,79.1,关注
C0312,2025-06-01,True,95.6,95.8,52.8,88.0,84.2,健康
C0312,2025-07-01,True,90.1,98.8,52.8,92.0,83.1,健康
C0312,2025-08-01,True,90.1,93.0,52.8,92.0,81.7,健康
C0313,2024-09-01,True,76.7,90.0,52.8,84.0,74.8,关注
C0313,2024-10-01,True,87.4,95.7,52.8,84.0,80.5,健康
C0313,2024-11-01,True,81.1,91.8,52.8,83.0,76.9,关注
C0313,2024-12-01,True,91.1,93.5,52.8,88.0,81.8,健康
C0313,2025-01-01,True,87.4,97.1,52.8,88.5,81.3,健康
C0313,2025-02-01,True,91.1,100.0,52.8,94.0,84.0,健康
C0313,2025-03-01,True,87.4,92.1,52.8,90.0,80.2,健康
C0313,2025-04-01,True,87.4,97.1,52.8,94.0,81.8,健康
C0313,2025-05-01,True,91.1,85.8,52.8,89.0,80.0,健康
C0313,2025-06-01,True,91.8,91.5,52.8,89.3,81.7,健康
C0313,2025-07-01,True,95.6,92.2,52.8,87.3,83.2,健康
C0313,2025-08-01,True,95.6,92.2,52.8,88.0,83.3,健康
C0314,2024-09-01,True,79.2,90.0,52.8,82.0,75.6,关注
C0314,2024-10-01,True,82.9,89.5,52.8,82.0,76.9,关注
C0314,2024-11-01,True,86.7,89.4,52.8,86.0,78.8,关注
C0314,2024-12-01,True,87.4,88.1,52.8,88.0,79.0,关注
C0314,2025-01-01,True,87.4,89.7,52.8,89.0,79.5,关注
C0314,2025-02-01,True,87.4,93.9,52.8,93.3,80.9,健康
C0314,2025-03-01,True,87.4,100.0,52.8,92.0,82.3,健康
C0314,2025-04-01,True,91.1,98.6,52.8,89.3,83.2,健康
C0314,2025-05-01,True,87.4,89.5,15.0,86.0,69.7,关注
C0314,2025-06-01,True,95.6,85.8,52.8,84.0,81.3,健康
C0314,2025-07-01,True,95.6,82.8,52.8,82.0,80.3,健康
C0314,2025-08-01,True,95.6,91.7,52.8,86.0,83.0,健康
C0315,2024-09-01,True,81.8,90.0,15.0,90.0,68.0,关注
C0315,2024-10-01,True,77.4,81.1,15.0,93.0,64.3,关注
C0315,2024-11-01,True,84.1,79.5,15.0,93.3,66.6,关注
C0315,2024-12-01,True,79.6,87.9,15.0,92.5,66.8,关注
C0315,2025-01-01,True,84.1,90.6,15.0,92.0,69.2,关注
C0315,2025-02-01,True,86.3,92.4,15.0,90.7,70.4,关注
C0315,2025-03-01,True,86.3,97.1,15.0,87.3,71.3,关注
C0315,2025-04-01,True,86.3,92.6,15.0,84.0,69.8,关注
C0315,2025-05-01,True,81.8,89.9,15.0,83.3,67.3,关注
C0315,2025-06-01,True,84.1,91.0,15.0,85.3,68.7,关注
C0315,2025-07-01,True,92.9,94.3,15.0,84.7,73.0,关注
C0315,2025-08-01,True,84.1,94.0,15.0,82.0,69.1,关注
C0316,2024-09-01,True,81.2,90.0,52.8,94.0,77.6,关注
C0316,2024-10-01,True,85.7,88.9,52.8,94.0,79.1,关注
C0316,2024-11-01,True,81.2,86.8,52.8,94.0,76.8,关注
C0316,2024-12-01,True,85.7,89.7,52.8,94.0,79.3,关注
C0316,2025-01-01,True,81.2,93.4,52.8,94.0,78.4,关注
C0316,2025-02-01,True,91.1,100.0,52.8,80.0,82.6,健康
C0316,2025-03-01,True,85.7,98.3,52.8,92.0,81.2,健康
C0316,2025-04-01,True,91.1,100.0,52.8,92.0,83.8,健康
C0316,2025-05-01,True,91.1,89.0,52.8,92.0,81.1,健康
C0316,2025-06-01,True,91.1,99.1,52.8,90.0,83.4,健康
C0316,2025-07-01,True,90.1,85.0,52.8,90.0,79.5,关注
C0316,2025-08-01,True,95.6,95.6,52.8,90.0,84.3,健康
C0317,2024-09-01,True,81.1,90.0,52.8,80.0,76.1,关注
C0317,2024-10-01,True,82.9,100.0,52.8,78.0,79.2,关注
C0317,2024-11-01,True,82.9,100.0,52.8,78.0,79.2,关注
C0317,2024-12-01,True,87.4,97.7,52.8,84.0,81.0,健康
C0317,2025-01-01,True,87.4,93.0,52.8,84.0,79.8,关注
C0317,2025-02-01,True,87.4,100.0,52.8,95.0,82.6,健康
C0317,2025-03-01,True,87.4,91.9,52.8,95.0,80.6,健康
C0317,2025-04-01,True,81.1,90.3,52.8,95.0,77.7,关注
C0317,2025-05-01,True,95.6,89.6,52.8,93.0,83.1,健康
C0317,2025-06-01,True,91.8,84.8,52.8,95.0,80.6,健康
C0317,2025-07-01,True,91.8,97.9,52.8,94.0,83.8,健康
C0317,2025-08-01,True,91.8,87.4,52.8,93.0,81.1,健康
C0318,2024-09-01,True,80.8,90.0,52.8,80.0,76.0,关注
C0318,2024-10-01,True,83.2,93.2,52.8,88.0,78.6,关注
C0318,2024-11-01,True,87.4,99.3,52.8,88.0,81.8,健康
C0318,2024-12-01,True,83.2,97.0,15.0,87.0,70.0,关注
C0318,2025-01-01,True,85.3,91.5,15.0,88.7,69.6,关注
C0318,2025-02-01,True,87.4,90.4,15.0,91.3,70.4,关注
C0318,2025-03-01,True,89.4,90.2,15.0,90.7,71.1,关注
C0318,2025-04-01,True,87.4,92.8,52.8,90.0,80.3,健康
C0318,2025-05-01,True,89.4,100.0,52.8,88.7,82.8,健康
C0318,2025-06-01,True,95.6,97.4,52.8,90.0,84.8,健康
C0318,2025-07-01,True,95.6,93.7,52.8,89.3,83.8,健康
C0318,2025-08-01,True,91.8,92.1,52.8,91.3,82.1,健康
C0319,2024-09-01,True,78.9,90.0,52.8,88.0,76.1,关注
C0319,2024-10-01,True,87.9,92.8,52.8,81.0,79.7,关注
C0319,2024-11-01,True,90.2,94.3,52.8,84.0,81.3,健康
C0319,2024-12-01,True,83.5,95.2,52.8,85.5,79.0,关注
C0319,2025-01-01,True,85.7,94.5,52.8,85.5,79.6,关注
C0319,2025-02-01,True,83.4,95.2,52.8,93.0,79.7,关注
C0319,2025-03-01,True,85.7,81.5,52.8,96.0,77.4,关注
C0319,2025-04-01,True,90.2,80.4,52.8,94.0,78.8,关注
C0319,2025-05-01,False,2.3,49.0,52.8,92.0,35.6,高风险
C0319,2025-06-01,False,0.0,17.4,52.8,92.0,26.8,高风险
C0319,2025-07-01,False,0.0,10.0,52.8,80.0,23.7,高风险
C0319,2025-08-01,False,0.0,10.0,52.8,80.0,23.7,高风险
C0320,2024-09-01,True,79.6,90.0,15.0,94.0,67.5,关注
C0320,2024-10-01,True,83.1,88.2,15.0,89.0,67.9,关注
C0320,2024-11-01,True,87.6,87.4,15.0,90.0,69.6,关注
C0320,2024-12-01,True,87.6,90.7,15.0,89.5,70.4,关注
C0320,2025-01-01,True,83.2,89.9,15.0,87.2,68.2,关注
C0320,2025-02-01,True,83.2,86.7,15.0,86.7,67.4,关注
C0320,2025-03-01,True,84.9,80.8,15.0,86.0,66.5,关注
C0320,2025-04-01,True,85.8,83.0,15.0,94.0,68.2,关注
C0320,2025-05-01,True,84.9,92.0,15.0,80.0,68.7,关注
C0320,2025-06-01,True,85.8,94.3,15.0,74.0,69.1,关注
C0320,2025-07-01,True,92.9,93.8,15.0,82.0,72.6,关注
C0320,2025-08-01,True,89.4,84.9,15.0,83.3,69.1,关注
C0321,2024-09-01,True,87.4,90.0,52.8,80.0,78.6,关注
C0321,2024-10-01,True,87.4,90.0,52.8,86.0,79.2,关注
C0321,2024-11-01,True,87.4,90.0,52.8,86.0,79.2,关注
C0321,2024-12-01,True,87.4,90.0,52.8,86.0,79.2,关注
C0321,2025-01-01,True,87.4,85.2,52.8,85.3,78.0,关注
C0321,2025-02-01,True,87.4,74.0,52.8,82.0,74.8,关注
C0321,2025-03-01,True,87.4,66.0,52.8,77.3,72.4,关注
C0321,2025-04-01,True,78.0,67.1,52.8,72.7,68.4,关注
C0321,2025-05-01,False,9.4,37.6,52.8,71.0,33.5,高风险
C0321,2025-06-01,False,0.0,10.0,52.8,70.0,22.7,高风险
C0321,2025-07-01,False,0.0,10.0,52.8,80.0,23.7,高风险
C0321,2025-08-01,False,0.0,10.0,52.8,80.0,23.7,高风险
C0322,2024-09-01,True,85.0,90.0,52.8,84.0,78.1,关注
C0322,2024-10-01,True,76.7,83.6,52.8,88.0,73.6,关注
C0322,2024-11-01,True,81.1,82.7,52.8,90.0,75.3,关注
C0322,2024-12-01,True,81.1,89.3,52.8,89.5,76.9,关注
C0322,2025-01-01,True,81.1,90.3,52.8,89.5,77.2,关注
C0322,2025-02-01,True,81.1,89.5,52.8,89.0,76.9,关注
C0322,2025-03-01,True,81.1,90.0,52.8,90.0,77.1,关注
C0322,2025-04-01,True,81.1,85.0,52.8,90.0,75.9,关注
C0322,2025-05-01,True,81.1,84.1,52.8,89.0,75.6,关注
C0322,2025-06-01,True,85.6,84.0,52.8,89.0,77.3,关注
C0322,2025-07-01,True,85.6,86.2,52.8,90.0,78.0,关注
C0322,2025-08-01,True,93.9,95.0,52.8,86.0,83.1,健康
C0323,2024-09-01,True,76.4,90.0,15.0,92.0,66.0,关注
C0323,2024-10-01,True,83.9,97.4,15.0,92.0,70.8,关注
C0323,2024-11-01,True,82.9,99.3,15.0,89.3,70.7,关注
C0323,2024-12-01,True,88.3,95.1,15.0,89.3,71.8,关注
C0323,2025-01-01,True,89.2,92.2,15.0,89.0,71.4,关注
C0323,2025-02-01,True,87.4,93.3,15.0,92.0,71.2,关注
C0323,2025-03-01,True,87.4,80.9,15.0,92.7,68.2,关注
C0323,2025-04-01,True,89.2,88.4,15.0,92.0,70.8,关注
C0323,2025-05-01,True,84.5,88.5,15.0,87.3,68.4,关注
C0323,2025-06-01,True,91.8,92.3,15.0,84.0,71.9,关注
C0323,2025-07-01,True,92.7,83.3,15.0,83.0,70.0,关注
C0323,2025-08-01,True,94.6,90.0,52.8,84.0,81.9,健康
C0324,2024-09-01,True,86.2,90.0,15.0,88.0,69.5,关注
C0324,2024-10-01,True,90.8,94.2,15.0,87.0,72.3,关注
C0324,2024-11-01,True,89.3,94.7,15.0,86.7,71.8,关注
C0324,2024-12-01,True,90.8,91.3,15.0,87.5,71.7,关注
C0324,2025-01-01,True,91.1,92.0,15.0,87.2,71.9,关注
C0324,2025-02-01,True,89.3,93.6,15.0,86.7,71.5,关注
C0324,2025-03-01,True,89.3,90.0,15.0,86.0,70.6,关注
C0324,2025-04-01,True,87.7,86.0,15.0,87.3,69.1,关注
C0324,2025-05-01,True,89.3,86.0,15.0,89.3,69.9,关注
C0324,2025-06-01,False,1.5,48.3,15.0,90.0,25.4,高风险
C0324,2025-07-01,False,0.0,13.6,15.0,90.0,16.2,高风险
C0324,2025-08-01,False,0.0,10.0,15.0,80.0,14.2,高风险
C0325,2024-09-01,True,83.4,90.0,52.8,96.0,78.7,关注
C0325,2024-10-01,True,79.4,90.8,52.8,96.0,77.3,关注
C0325,2024-11-01,True,85.8,93.5,52.8,91.0,80.0,健康
C0325,2024-12-01,True,81.4,94.9,15.0,89.3,69.0,关注
C0325,2025-01-01,True,81.4,89.8,15.0,90.0,67.7,关注
C0325,2025-02-01,True,89.9,91.5,15.0,91.3,71.7,关注
C0325,2025-03-01,True,83.8,86.2,15.0,94.0,68.2,关注
C0325,2025-04-01,True,87.9,95.3,52.8,91.3,81.3,健康
C0325,2025-05-01,True,87.9,94.2,52.8,89.0,80.8,健康
C0325,2025-06-01,True,94.3,95.8,52.8,85.0,83.4,健康
C0325,2025-07-01,True,90.3,86.8,52.8,86.0,79.6,关注
C0325,2025-08-01,True,92.3,87.5,52.8,86.0,80.6,健康
C0326,2024-09-01,True,82.3,90.0,15.0,80.0,67.2,关注
C0326,2024-10-01,True,84.3,82.6,15.0,81.0,66.2,关注
C0326,2024-11-01,True,89.2,82.2,15.0,84.0,68.4,关注
C0326,2024-12-01,True,84.7,89.9,52.8,84.5,78.0,关注
C0326,2025-01-01,True,86.8,91.6,52.8,86.0,79.4,关注
C0326,2025-02-01,True,86.8,88.6,52.8,87.3,78.8,关注
C0326,2025-03-01,True,84.3,89.4,52.8,88.7,78.2,关注
C0326,2025-04-01,True,89.2,83.8,52.8,87.3,78.6,关注
C0326,2025-05-01,True,93.6,96.8,52.8,88.0,83.6,健康
C0326,2025-06-01,True,93.6,100.0,52.8,88.0,84.4,健康
C0326,2025-07-01,True,91.2,99.9,52.8,90.7,83.7,健康
C0326,2025-08-01,True,91.2,89.7,52.8,92.0,81.3,健康
C0327,2024-09-01,True,88.1,90.0,15.0,86.0,70.1,关注
C0327,2024-10-01,True,88.1,90.0,15.0,86.0,70.1,关注
C0327,2024-11-01,True,85.1,88.0,15.0,85.3,68.3,关注
C0327,2024-12-01,True,88.1,88.5,15.0,86.0,69.7,关注
C0327,2025-01-01,True,88.1,90.7,15.0,86.0,70.3,关注
C0327,2025-02-01,True,89.6,84.9,15.0,86.0,69.4,关注
C0327,2025-03-01,True,86.6,76.2,52.8,81.3,75.0,关注
C0327,2025-04-01,True,82.1,65.0,52.8,77.3,70.0,关注
C0327,2025-05-01,True,79.1,63.1,15.0,70.7,58.2,高风险
C0327,2025-06-01,True,76.1,64.1,15.0,67.3,57.0,高风险
C0327,2025-07-01,True,71.6,67.9,15.0,60.7,55.4,高风险
C0327,2025-08-01,True,68.6,66.2,15.0,59.0,53.7,高风险
C0328,2024-09-01,True,85.7,90.0,52.8,80.0,78.0,关注
C0328,2024-10-01,True,78.8,85.6,52.8,86.0,74.7,关注
C0328,2024-11-01,True,81.2,84.1,52.8,87.3,75.5,关注
C0328,2024-12-01,True,85.7,88.7,52.8,89.5,78.6,关注
C0328,2025-01-01,True,85.7,90.5,52.8,89.5,79.0,关注
C0328,2025-02-01,True,85.7,90.0,52.8,90.0,79.0,关注
C0328,2025-03-01,True,85.7,90.0,52.8,84.0,78.4,关注
C0328,2025-04-01,True,91.1,93.8,52.8,86.0,81.7,健康
C0328,2025-05-01,True,85.7,96.8,52.8,86.0,80.3,健康
C0328,2025-06-01,True,90.1,100.0,52.8,87.0,82.9,健康
C0328,2025-07-01,True,90.1,92.2,52.8,84.0,80.7,健康
C0328,2025-08-01,True,90.1,85.1,52.8,87.0,79.2,关注
C0329,2024-09-01,True,91.1,90.0,52.8,90.0,81.1,健康
C0329,2024-10-01,True,91.1,90.0,52.8,88.0,80.9,健康
C0329,2024-11-01,True,85.7,85.6,52.8,88.0,77.7,关注
C0329,2024-12-01,True,91.1,86.7,52.8,88.0,80.1,健康
C0329,2025-01-01,True,91.1,91.6,52.8,88.0,81.3,健康
C0329,2025-02-01,True,91.1,93.9,52.8,88.0,81.9,健康
C0329,2025-03-01,True,91.1,86.4,52.8,87.0,79.9,关注
C0329,2025-04-01,True,85.7,74.6,52.8,84.0,74.5,关注
C0329,2025-05-01,True,78.8,56.0,52.8,78.7,66.6,关注
C0329,2025-06-01,True,78.8,54.6,52.8,71.3,65.5,关注
C0329,2025-07-01,True,72.0,55.8,52.8,68.0,62.8,关注
C0329,2025-08-01,True,72.0,65.7,52.8,56.0,64.0,关注
C0330,2024-09-01,True,91.1,90.0,15.0,88.0,71.5,关注
C0330,2024-10-01,True,86.7,87.1,15.0,88.0,69.0,关注
C0330,2024-11-01,True,79.2,80.4,15.0,88.0,64.3,关注
C0330,2024-12-01,True,74.7,78.2,52.8,88.0,71.4,关注
C0330,2025-01-01,True,67.2,78.3,52.8,84.7,68.1,关注
C0330,2025-02-01,True,62.8,56.7,52.8,76.0,60.1,关注
C0330,2025-03-01,True,55.3,51.7,52.8,74.7,55.7,高风险
C0330,2025-04-01,False,7.5,28.9,52.8,73.0,30.7,高风险
C0330,2025-05-01,False,0.0,10.0,52.8,72.0,22.9,高风险
C0330,2025-06-01,False,0.0,10.0,52.8,80.0,23.7,高风险
C0330,2025-07-01,False,0.0,10.0,52.8,80.0,23.7,高风险
C0330,2025-08-01,False,0.0,10.0,52.8,80.0,23.7,高风险
C0331,2024-09-01,True,79.2,90.0,52.8,78.0,75.2,关注
C0331,2024-10-01,True,91.1,100.0,52.8,78.0,82.4,健康
C0331,2024-11-01,True,86.7,100.0,52.8,82.0,81.1,健康
C0331,2024-12-01,True,86.7,90.4,52.8,82.0,78.7,关注
C0331,2025-01-01,True,83.6,91.3,52.8,82.0,77.7,关注
C0331,2025-02-01,True,91.1,98.4,52.8,82.0,82.4,健康
C0331,2025-03-01,True,91.1,93.4,52.8,90.0,82.0,健康
C0331,2025-04-01,True,83.6,97.1,52.8,88.0,79.7,关注
C0331,2025-05-01,True,83.6,81.0,52.8,88.0,75.7,关注
C0331,2025-06-01,True,95.6,79.2,52.8,89.0,80.1,健康
C0331,2025-07-01,True,95.6,88.1,52.8,92.0,82.6,健康
C0331,2025-08-01,True,95.6,100.0,52.8,92.0,85.6,健康
C0332,2024-09-01,True,80.9,90.0,15.0,88.0,67.4,关注
C0332,2024-10-01,True,80.0,78.6,15.0,85.0,63.9,关注
C0332,2024-11-01,True,85.4,83.3,15.0,86.0,67.3,关注
C0332,2024-12-01,True,85.4,94.4,15.0,87.5,70.3,关注
C0332,2025-01-01,True,84.4,91.5,15.0,88.0,69.2,关注
C0332,2025-02-01,True,84.4,88.1,15.0,88.7,68.4,关注
C0332,2025-03-01,True,85.4,89.3,15.0,86.7,68.9,关注
C0332,2025-04-01,True,81.4,74.1,15.0,85.0,63.4,关注
C0332,2025-05-01,True,87.4,87.6,15.0,87.0,69.3,关注
C0332,2025-06-01,True,90.8,89.6,15.0,84.0,70.9,关注
C0332,2025-07-01,True,87.9,98.3,15.0,86.0,72.1,关注
C0332,2025-08-01,True,90.8,91.6,15.0,88.0,71.8,关注
C0333,2024-09-01,True,84.4,90.0,52.8,92.0,78.6,关注
C0333,2024-10-01,True,88.8,87.5,52.8,94.0,80.0,健康
C0333,2024-11-01,True,81.5,82.9,52.8,96.7,76.2,关注
C0333,2024-12-01,True,91.1,87.1,52.8,92.5,80.7,健康
C0333,2025-01-01,True,85.9,87.7,52.8,91.2,78.6,关注
C0333,2025-02-01,True,85.9,84.5,52.8,86.0,77.3,关注
C0333,2025-03-01,True,83.0,78.9,52.8,90.7,75.2,关注
C0333,2025-04-01,True,83.0,87.8,52.8,92.0,77.6,关注
C0333,2025-05-01,True,85.9,87.9,52.8,93.3,78.9,关注
C0333,2025-06-01,True,93.2,96.2,52.8,91.3,83.7,健康
C0333,2025-07-01,True,93.2,97.6,52.8,89.3,83.8,健康
C0333,2025-08-01,True,90.4,97.4,52.8,87.3,82.4,健康
C0334,2024-09-01,True,81.2,90.0,15.0,76.0,66.3,关注
C0334,2024-10-01,True,76.7,84.5,15.0,82.0,63.8,关注
C0334,2024-11-01,True,81.2,85.0,15.0,85.3,66.0,关注
C0334,2024-12-01,True,81.1,89.6,52.8,85.3,76.6,关注
C0334,2025-01-01,True,85.7,85.9,52.8,87.0,77.6,关注
C0334,2025-02-01,True,83.4,81.4,52.8,87.0,75.6,关注
C0334,2025-03-01,True,87.9,86.3,52.8,87.0,78.7,关注
C0334,2025-04-01,True,85.7,96.3,52.8,84.0,79.9,关注
C0334,2025-05-01,True,85.7,99.1,15.0,86.0,71.4,关注
C0334,2025-06-01,True,85.7,98.0,15.0,86.0,71.1,关注
C0334,2025-07-01,True,87.8,91.5,15.0,86.0,70.4,关注
C0334,2025-08-01,True,92.4,90.5,15.0,88.0,72.1,关注
C0335,2024-09-01,True,76.7,90.0,52.8,80.0,74.4,关注
C0335,2024-10-01,True,76.7,90.0,52.8,80.0,74.4,关注
C0335,2024-11-01,True,81.1,87.7,52.8,80.0,75.6,关注
C0335,2024-12-01,True,86.7,90.7,52.8,80.0,78.6,关注
C0335,2025-01-01,True,91.1,96.2,52.8,80.0,81.7,健康
C0335,2025-02-01,True,81.1,98.0,52.8,94.0,79.5,关注
C0335,2025-03-01,True,91.1,97.8,52.8,92.0,83.3,健康
C0335,2025-04-01,True,81.1,82.5,52.8,92.0,75.5,关注
C0335,2025-05-01,True,91.1,88.9,52.8,90.0,80.9,健康
C0335,2025-06-01,True,81.1,80.5,52.8,96.0,75.4,关注
C0335,2025-07-01,True,95.6,98.8,52.8,96.0,85.7,健康
C0335,2025-08-01,True,85.6,90.0,52.8,96.0,79.5,关注
C0336,2024-09-01,True,76.7,90.0,52.8,80.0,74.4,关注
C0336,2024-10-01,True,76.7,96.4,52.8,80.0,76.0,关注
C0336,2024-11-01,True,86.7,100.0,52.8,92.0,82.1,健康
C0336,2024-12-01,True,81.1,97.0,52.8,92.0,79.1,关注
C0336,2025-01-01,True,81.1,82.5,52.8,92.0,75.5,关注
C0336,2025-02-01,True,81.1,71.2,52.8,90.0,72.5,关注
C0336,2025-03-01,True,91.1,84.4,52.8,90.0,79.7,关注
C0336,2025-04-01,True,81.1,91.2,52.8,90.0,77.5,关注
C0336,2025-05-01,True,85.6,100.0,52.8,90.0,81.4,健康
C0336,2025-06-01,True,85.6,84.1,52.8,80.0,76.5,关注
C0336,2025-07-01,True,85.6,74.3,52.8,80.0,74.0,关注
C0336,2025-08-01,True,95.6,80.2,52.8,80.0,79.5,关注
C0337,2024-09-01,True,81.2,90.0,52.8,80.0,76.2,关注
C0337,2024-10-01,True,81.2,80.6,52.8,83.0,74.1,关注
C0337,2024-11-01,True,81.2,81.8,52.8,83.0,74.4,关注
C0337,2024-12-01,True,85.7,92.0,52.8,83.0,78.8,关注
C0337,2025-01-01,True,81.2,91.4,52.8,84.0,76.9,关注
C0337,2025-02-01,True,85.7,92.2,52.8,86.0,79.1,关注
C0337,2025-03-01,True,85.7,91.3,52.8,86.0,78.9,关注
C0337,2025-04-01,True,85.7,87.0,52.8,90.0,78.2,关注
C0337,2025-05-01,True,85.7,89.0,52.8,94.0,79.1,关注
C0337,2025-06-01,True,85.7,88.5,52.8,94.0,79.0,关注
C0337,2025-07-01,True,91.1,90.4,52.8,95.0,81.8,健康
C0337,2025-08-01,True,95.6,93.5,52.8,91.0,83.9,健康
C0338,2024-09-01,True,80.0,90.0,15.0,86.0,66.9,关注
C0338,2024-10-01,True,84.6,94.3,15.0,86.0,69.7,关注
C0338,2024-11-01,True,84.0,95.3,15.0,86.0,69.8,关注
C0338,2024-12-01,True,81.5,90.4,15.0,86.0,67.6,关注
C0338,2025-01-01,True,83.0,89.5,15.0,86.0,67.9,关注
C0338,2025-02-01,True,80.5,87.6,15.0,86.0,66.5,关注
C0338,2025-03-01,True,81.5,86.6,15.0,87.3,66.7,关注
C0338,2025-04-01,True,84.6,88.6,15.0,88.0,68.5,关注
C0338,2025-05-01,True,84.0,93.0,15.0,88.0,69.4,关注
C0338,2025-06-01,True,70.0,75.7,15.0,82.0,58.9,高风险
C0338,2025-07-01,False,2.0,32.8,15.0,82.0,20.9,高风险
C0338,2025-08-01,False,0.0,10.0,15.0,78.0,14.0,高风险
C0339,2024-09-01,True,78.0,90.0,52.8,80.0,74.9,关注
C0339,2024-10-01,True,81.9,93.4,52.8,100.0,79.3,关注
C0339,2024-11-01,True,85.9,97.6,52.8,100.0,82.0,健康
C0339,2024-12-01,True,86.4,94.3,52.8,93.0,80.6,健康
C0339,2025-01-01,True,86.4,91.4,52.8,93.0,79.9,关注
C0339,2025-02-01,True,86.4,91.4,52.8,87.0,79.3,关注
C0339,2025-03-01,True,86.4,85.6,52.8,88.0,77.9,关注
C0339,2025-04-01,True,86.4,82.5,52.8,88.0,77.2,关注
C0339,2025-05-01,True,86.4,89.6,52.8,88.0,78.9,关注
C0339,2025-06-01,True,82.4,93.2,52.8,88.0,78.3,关注
C0339,2025-07-01,True,90.3,92.3,52.8,88.0,81.2,健康
C0339,2025-08-01,True,94.8,90.0,52.8,88.0,82.4,健康
C0340,2024-09-01,True,80.2,90.0,52.8,92.0,77.0,关注
C0340,2024-10-01,True,85.6,91.2,52.8,92.0,79.4,关注
C0340,2024-11-01,True,90.0,88.8,52.8,90.0,80.4,健康
C0340,2024-12-01,True,80.2,87.1,52.8,85.3,75.6,关注
C0340,2025-01-01,True,84.7,86.3,52.8,87.0,77.4,关注
C0340,2025-02-01,True,84.7,78.5,52.8,85.3,75.2,关注
C0340,2025-03-01,True,84.7,74.5,52.8,88.7,74.6,关注
C0340,2025-04-01,True,84.7,84.5,52.8,91.3,77.3,关注
C0340,2025-05-01,True,84.7,89.0,52.8,93.0,78.6,关注
C0340,2025-06-01,True,84.7,97.8,52.8,93.0,80.8,健康
C0340,2025-07-01,True,84.7,93.2,52.8,86.0,79.0,关注
C0340,2025-08-01,True,89.1,94.6,52.8,86.0,81.1,健康
C0341,2024-09-01,True,78.8,90.0,15.0,78.0,65.6,关注
C0341,2024-10-01,True,80.5,82.5,15.0,79.0,64.5,关注
C0341,2024-11-01,True,83.7,85.2,15.0,84.7,67.0,关注
C0341,2024-12-01,True,86.5,93.6,15.0,84.0,70.2,关注
C0341,2025-01-01,True,83.3,90.7,15.0,84.8,68.2,关注
C0341,2025-02-01,True,88.2,94.9,15.0,87.3,71.5,关注
C0341,2025-03-01,True,88.2,99.7,15.0,88.7,72.8,关注
C0341,2025-04-01,True,88.2,100.0,52.8,89.3,82.4,健康
C0341,2025-05-01,True,91.1,99.7,52.8,86.7,83.2,健康
C0341,2025-06-01,True,92.6,90.1,52.8,86.0,81.4,健康
C0341,2025-07-01,True,94.3,81.8,52.8,84.0,79.7,关注
C0341,2025-08-01,True,94.3,83.0,52.8,84.7,80.1,健康
C0342,2024-09-01,True,78.0,90.0,52.8,88.0,75.7,关注
C0342,2024-10-01,True,81.9,92.9,52.8,94.0,78.6,关注
C0342,2024-11-01,True,86.4,95.9,52.8,90.7,80.8,健康
C0342,2024-12-01,True,81.9,94.3,52.8,91.5,78.7,关注
C0342,2025-01-01,True,90.3,93.3,52.8,90.0,81.7,健康
C0342,2025-02-01,True,90.3,98.3,52.8,90.7,83.0,健康
C0342,2025-03-01,True,86.4,93.8,52.8,87.3,79.9,关注
C0342,2025-04-01,True,91.1,91.9,52.8,88.0,81.4,健康
C0342,2025-05-01,True,91.1,93.8,52.8,86.7,81.8,健康
C0342,2025-06-01,True,90.3,99.7,15.0,86.0,73.4,关注
C0342,2025-07-01,True,94.8,93.6,15.0,86.0,73.7,关注
C0342,2025-08-01,True,91.1,91.6,15.0,89.0,72.0,关注
C0343,2024-09-01,True,81.1,90.0,52.8,86.0,76.7,关注
C0343,2024-10-01,True,81.1,93.9,52.8,89.0,78.0,关注
C0343,2024-11-01,True,85.0,100.0,52.8,90.0,81.2,健康
C0343,2024-12-01,True,85.0,100.0,52.8,88.5,81.0,健康
C0343,2025-01-01,True,89.4,95.3,52.8,88.4,81.6,健康
C0343,2025-02-01,True,89.4,99.3,52.8,87.3,82.5,健康
C0343,2025-03-01,True,89.4,87.9,52.8,89.0,79.9,关注
C0343,2025-04-01,True,89.4,84.8,52.8,89.0,79.1,关注
C0343,2025-05-01,True,89.4,87.5,52.8,88.0,79.7,关注
C0343,2025-06-01,True,93.9,91.1,52.8,88.0,82.3,健康
C0343,2025-07-01,True,93.9,88.3,52.8,84.0,81.2,健康
C0343,2025-08-01,True,95.6,100.0,52.8,84.0,84.8,健康
C0344,2024-09-01,True,75.8,90.0,52.8,92.0,75.2,关注
C0344,2024-10-01,True,78.4,96.9,52.8,92.0,78.0,关注
C0344,2024-11-01,True,78.4,96.8,52.8,92.0,78.0,关注
C0344,2024-12-01,True,85.4,90.5,52.8,92.0,79.2,关注
C0344,2025-01-01,True,85.4,93.2,52.8,93.3,80.0,健康
C0344,2025-02-01,True,85.4,94.7,52.8,90.0,80.0,健康
C0344,2025-03-01,True,85.4,92.7,52.8,87.3,79.3,关注
C0344,2025-04-01,True,82.8,87.9,52.8,83.3,76.6,关注
C0344,2025-05-01,True,92.5,93.6,52.8,83.3,81.9,健康
C0344,2025-06-01,True,84.7,87.1,52.8,87.3,77.6,关注
C0344,2025-07-01,True,87.3,84.8,52.8,89.0,78.2,关注
C0344,2025-08-01,True,89.9,73.1,52.8,89.0,76.3,关注
C0345,2024-09-01,True,79.2,90.0,15.0,82.0,66.1,关注
C0345,2024-10-01,True,79.2,93.5,15.0,84.0,67.2,关注
C0345,2024-11-01,True,86.6,92.7,15.0,82.7,69.8,关注
C0345,2024-12-01,True,83.6,88.7,15.0,82.7,67.6,关注
C0345,2025-01-01,True,82.1,86.2,15.0,83.0,66.4,关注
C0345,2025-02-01,True,83.6,80.8,15.0,83.0,65.7,关注
C0345,2025-03-01,True,85.1,75.4,15.0,83.3,65.0,关注
C0345,2025-04-01,True,89.6,97.0,15.0,84.7,72.3,关注
C0345,2025-05-01,True,83.6,100.0,15.0,86.7,70.9,关注
C0345,2025-06-01,True,85.1,100.0,15.0,86.7,71.5,关注
C0345,2025-07-01,True,89.6,93.4,15.0,87.3,71.7,关注
C0345,2025-08-01,True,86.6,94.8,15.0,88.7,70.9,关注
C0346,2024-09-01,True,85.9,90.0,52.8,88.0,78.9,关注
C0346,2024-10-01,True,86.4,92.7,52.8,88.0,79.7,关注
C0346,2024-11-01,True,81.9,88.3,52.8,90.0,77.1,关注
C0346,2024-12-01,True,86.4,86.0,52.8,90.5,78.3,关注
C0346,2025-01-01,True,86.4,89.2,52.8,89.2,79.0,关注
C0346,2025-02-01,True,86.4,86.6,52.8,88.0,78.2,关注
C0346,2025-03-01,True,86.4,85.2,52.8,84.0,77.5,关注
C0346,2025-04-01,True,94.8,98.2,52.8,80.0,83.6,健康
C0346,2025-05-01,True,94.8,100.0,52.8,84.0,84.5,健康
C0346,2025-06-01,True,94.8,100.0,52.8,84.0,84.5,健康
C0346,2025-07-01,True,95.6,96.2,52.8,83.0,83.8,健康
C0346,2025-08-01,True,94.8,88.7,52.8,89.0,82.2,健康
C0347,2024-09-01,True,78.0,90.0,15.0,82.0,65.6,关注
C0347,2024-10-01,True,81.9,91.2,15.0,88.0,68.1,关注
C0347,2024-11-01,True,81.9,97.6,15.0,86.7,69.6,关注
C0347,2024-12-01,True,84.4,96.1,15.0,87.5,70.3,关注
C0347,2025-01-01,True,84.4,91.5,15.0,88.4,69.2,关注
C0347,2025-02-01,True,88.3,91.9,15.0,93.3,71.4,关注
C0347,2025-03-01,True,88.3,93.5,15.0,93.3,71.8,关注
C0347,2025-04-01,True,84.4,83.1,15.0,88.7,67.1,关注
C0347,2025-05-01,True,88.8,93.7,15.0,82.7,71.0,关注
C0347,2025-06-01,True,91.1,87.2,15.0,85.3,70.5,关注
C0347,2025-07-01,True,90.3,100.0,15.0,88.7,73.7,关注
C0347,2025-08-01,True,92.8,95.4,15.0,93.0,74.0,关注
C0348,2024-09-01,True,81.4,90.0,15.0,92.0,68.0,关注
C0348,2024-10-01,True,82.4,95.3,15.0,93.0,69.8,关注
C0348,2024-11-01,True,79.5,90.3,15.0,93.0,67.4,关注
C0348,2024-12-01,True,81.4,81.6,15.0,90.0,65.7,关注
C0348,2025-01-01,True,83.9,87.5,15.0,90.0,68.2,关注
C0348,2025-02-01,True,89.8,90.7,15.0,86.7,71.0,关注
C0348,2025-03-01,True,82.9,94.1,15.0,84.0,68.8,关注
C0348,2025-04-01,True,84.9,96.5,15.0,82.0,70.0,关注
C0348,2025-05-01,True,79.5,80.2,15.0,78.0,63.4,关注
C0348,2025-06-01,True,83.9,83.6,15.0,79.0,66.1,关注
C0348,2025-07-01,True,84.4,87.5,15.0,83.0,67.7,关注
C0348,2025-08-01,True,90.3,99.7,15.0,94.0,74.2,关注
C0349,2024-09-01,True,88.5,90.0,52.8,84.0,79.5,关注
C0349,2024-10-01,True,84.1,85.3,52.8,85.0,76.6,关注
C0349,2024-11-01,True,88.5,86.9,52.8,86.7,79.0,关注
C0349,2024-12-01,True,88.5,92.1,52.8,86.7,80.3,健康
C0349,2025-01-01,True,91.1,92.7,52.8,86.7,81.5,健康
C0349,2025-02-01,True,88.5,95.3,52.8,84.0,80.8,健康
C0349,2025-03-01,True,88.5,95.3,52.8,84.0,80.8,健康
C0349,2025-04-01,True,88.5,79.5,52.8,83.3,76.8,关注
C0349,2025-05-01,False,4.4,40.6,52.8,83.0,33.4,高风险
C0349,2025-06-01,False,0.0,10.0,15.0,82.0,14.4,高风险
C0349,2025-07-01,False,0.0,10.0,52.8,80.0,23.7,高风险
C0349,2025-08-01,False,0.0,10.0,52.8,80.0,23.7,高风险
C0350,2024-09-01,True,85.0,90.0,52.8,82.0,77.9,关注
C0350,2024-10-01,True,85.0,84.5,52.8,82.0,76.5,关注
C0350,2024-11-01,True,89.4,85.7,52.8,87.0,79.1,关注
C0350,2024-12-01,True,80.8,87.8,52.8,85.3,76.0,关注
C0350,2025-01-01,True,85.0,87.8,52.8,85.0,77.6,关注
C0350,2025-02-01,True,89.4,86.2,52.8,82.7,78.8,关注
C0350,2025-03-01,True,85.3,92.3,52.8,84.7,78.8,关注
C0350,2025-04-01,True,89.4,89.0,52.8,86.0,79.8,关注
C0350,2025-05-01,True,93.9,84.1,52.8,88.7,80.7,健康
C0350,2025-06-01,True,89.7,81.9,52.8,90.7,78.6,关注
C0350,2025-07-01,True,89.4,79.6,52.8,88.0,77.7,关注
C0350,2025-08-01,True,93.9,92.9,52.8,84.7,82.5,健康
C0351,2024-09-01,True,79.2,90.0,15.0,80.0,65.9,关注
C0351,2024-10-01,True,88.3,100.0,15.0,86.0,72.7,关注
C0351,2024-11-01,True,79.2,100.0,15.0,89.0,69.3,关注
C0351,2024-12-01,True,88.3,87.2,15.0,91.3,70.0,关注
C0351,2025-01-01,True,84.8,91.9,15.0,90.0,69.6,关注
C0351,2025-02-01,True,86.4,94.9,15.0,90.7,71.1,关注
C0351,2025-03-01,True,88.3,90.5,15.0,91.3,70.8,关注
C0351,2025-04-01,True,89.2,89.0,15.0,89.3,70.6,关注
C0351,2025-05-01,True,95.6,90.5,15.0,88.7,73.5,关注
C0351,2025-06-01,True,89.2,97.7,15.0,81.3,72.0,关注
C0351,2025-07-01,True,91.1,100.0,15.0,84.0,73.6,关注
C0351,2025-08-01,True,95.6,100.0,15.0,83.3,75.3,关注
C0352,2024-09-01,True,91.1,90.0,52.8,84.0,80.5,健康
C0352,2024-10-01,True,85.6,85.3,52.8,84.0,77.2,关注
C0352,2024-11-01,True,80.2,79.1,52.8,84.0,73.5,关注
C0352,2024-12-01,True,70.4,77.0,52.8,84.0,69.0,关注
C0352,2025-01-01,True,67.8,77.1,52.8,82.7,67.8,关注
C0352,2025-02-01,True,60.6,53.1,52.8,78.0,58.5,高风险
C0352,2025-03-01,True,58.0,53.8,52.8,75.3,57.4,高风险
C0352,2025-04-01,True,50.8,55.0,52.8,72.7,54.6,高风险
C0352,2025-05-01,True,42.8,51.3,52.8,70.0,50.1,高风险
C0352,2025-06-01,True,38.4,47.3,52.8,69.3,47.3,高风险
C0352,2025-07-01,True,35.7,42.1,52.8,68.0,44.8,高风险
C0352,2025-08-01,True,20.5,37.8,52.8,68.0,37.6,高风险
C0353,2024-09-01,True,71.7,90.0,52.8,88.0,73.2,关注
C0353,2024-10-01,True,91.1,100.0,52.8,85.0,83.1,健康
C0353,2024-11-01,True,91.1,100.0,52.8,85.0,83.1,健康
C0353,2024-12-01,True,91.1,96.7,52.8,83.3,82.1,健康
C0353,2025-01-01,True,91.1,93.7,52.8,83.5,81.4,健康
C0353,2025-02-01,True,91.1,93.4,52.8,82.0,81.2,健康
C0353,2025-03-01,True,91.1,84.5,52.8,84.0,79.2,关注
C0353,2025-04-01,True,91.1,83.7,52.8,86.0,79.2,关注
C0353,2025-05-01,True,95.6,100.0,52.8,85.0,84.9,健康
C0353,2025-06-01,True,95.6,100.0,52.8,85.0,84.9,健康
C0353,2025-07-01,True,95.6,100.0,52.8,88.0,85.2,健康
C0353,2025-08-01,True,95.6,84.0,52.8,92.0,81.6,健康
C0354,2024-09-01,True,80.8,90.0,15.0,78.0,66.4,关注
C0354,2024-10-01,True,86.7,91.7,15.0,83.0,69.6,关注
C0354,2024-11-01,True,79.4,89.3,15.0,84.7,66.3,关注
C0354,2024-12-01,True,86.7,91.4,15.0,85.0,69.8,关注
C0354,2025-01-01,True,85.0,96.6,15.0,84.8,70.4,关注
C0354,2025-02-01,True,85.3,99.8,15.0,83.3,71.2,关注
C0354,2025-03-01,True,81.1,89.8,15.0,82.0,66.8,关注
C0354,2025-04-01,True,85.3,78.2,15.0,87.0,66.1,关注
C0354,2025-05-01,True,88.3,76.4,15.0,90.0,67.2,关注
C0354,2025-06-01,True,86.7,82.1,52.8,91.3,77.5,关注
C0354,2025-07-01,True,85.6,84.2,52.8,91.3,77.6,关注
C0354,2025-08-01,True,89.7,91.8,52.8,92.7,81.3,健康
C0355,2024-09-01,True,91.1,90.0,52.8,84.0,80.5,健康
C0355,2024-10-01,True,82.9,82.6,52.8,84.0,75.4,关注
C0355,2024-11-01,True,77.3,75.4,52.8,84.0,71.4,关注
C0355,2024-12-01,True,71.0,76.6,52.8,83.3,69.1,关注
C0355,2025-01-01,True,67.2,78.0,15.0,81.5,58.3,高风险
C0355,2025-02-01,True,60.9,55.8,15.0,79.3,50.0,高风险
C0355,2025-03-01,True,57.2,56.1,15.0,76.0,48.2,高风险
C0355,2025-04-01,True,49.0,55.6,15.0,76.0,44.8,高风险
C0355,2025-05-01,True,45.2,50.9,15.0,71.0,41.7,高风险
C0355,2025-06-01,True,37.0,47.0,15.0,70.0,37.3,高风险
C0355,2025-07-01,True,35.1,43.8,15.0,70.0,35.8,高风险
C0355,2025-08-01,True,25.1,40.3,15.0,67.0,30.6,高风险
C0356,2024-09-01,True,80.2,90.0,52.8,88.0,76.6,关注
C0356,2024-10-01,True,91.1,99.8,52.8,90.0,83.6,健康
C0356,2024-11-01,True,84.7,96.5,52.8,90.0,80.2,健康
C0356,2024-12-01,True,84.7,84.8,52.8,90.0,77.3,关注
C0356,2025-01-01,True,91.1,91.2,52.8,91.3,81.6,健康
C0356,2025-02-01,True,49.9,66.8,52.8,82.0,58.1,高风险
C0356,2025-03-01,True,34.8,36.2,52.8,73.3,43.5,高风险
C0356,2025-04-01,True,45.5,10.0,52.8,62.7,40.2,高风险
C0356,2025-05-01,False,10.7,10.0,52.8,59.0,25.9,高风险
C0356,2025-06-01,False,0.0,10.0,52.8,62.0,21.9,高风险
C0356,2025-07-01,False,0.0,10.0,52.8,80.0,23.7,高风险
C0356,2025-08-01,False,0.0,10.0,52.8,80.0,23.7,高风险
C0357,2024-09-01,True,86.8,90.0,15.0,88.0,69.8,关注
C0357,2024-10-01,True,80.2,87.6,15.0,88.0,66.5,关注
C0357,2024-11-01,True,84.6,88.2,15.0,90.0,68.7,关注
C0357,2024-12-01,True,85.7,93.6,15.0,88.7,70.3,关注
C0357,2025-01-01,True,86.8,91.5,15.0,87.5,70.1,关注
C0357,2025-02-01,True,89.6,95.3,15.0,87.3,72.1,关注
C0357,2025-03-01,True,85.2,86.7,15.0,91.3,68.6,关注
C0357,2025-04-01,True,86.8,92.7,15.0,93.3,71.0,关注
C0357,2025-05-01,True,91.1,92.4,15.0,94.0,72.7,关注
C0357,2025-06-01,True,89.0,100.0,15.0,90.0,73.4,关注
C0357,2025-07-01,True,95.6,97.4,15.0,84.0,74.7,关注
C0357,2025-08-01,True,95.1,97.0,15.0,84.7,74.5,关注
C0358,2024-09-01,True,76.7,90.0,52.8,80.0,74.4,关注
C0358,2024-10-01,True,89.4,100.0,52.8,80.0,82.0,健康
C0358,2024-11-01,True,85.0,100.0,52.8,80.0,80.2,健康
C0358,2024-12-01,True,81.1,90.7,52.8,82.0,76.5,关注
C0358,2025-01-01,True,81.1,84.6,52.8,85.0,75.3,关注
C0358,2025-02-01,True,81.1,77.5,52.8,85.0,73.5,关注
C0358,2025-03-01,True,81.1,76.9,52.8,88.0,73.7,关注
C0358,2025-04-01,True,81.1,85.6,52.8,88.0,75.8,关注
C0358,2025-05-01,True,89.4,100.0,52.8,91.0,83.1,健康
C0358,2025-06-01,True,85.6,93.9,52.8,92.0,80.1,健康
C0358,2025-07-01,True,89.4,98.8,52.8,90.0,82.7,健康
C0358,2025-08-01,True,85.6,86.8,52.8,87.3,77.9,关注
C0359,2024-09-01,True,91.1,90.0,52.8,86.0,80.7,健康
C0359,2024-10-01,True,82.0,81.2,52.8,84.0,74.7,关注
C0359,2024-11-01,True,76.7,73.8,52.8,82.7,70.6,关注
C0359,2024-12-01,True,70.4,76.2,52.8,82.7,68.7,关注
C0359,2025-01-01,True,66.9,77.9,15.0,82.7,58.2,高风险
C0359,2025-02-01,True,58.8,54.4,15.0,76.0,48.5,高风险
C0359,2025-03-01,True,57.1,55.6,15.0,75.0,48.0,高风险
C0359,2025-04-01,True,47.3,53.5,15.0,75.3,43.6,高风险
C0359,2025-05-01,True,45.5,51.4,15.0,72.0,42.0,高风险
C0359,2025-06-01,True,37.5,47.5,15.0,70.0,37.6,高风险
C0359,2025-07-01,True,33.9,46.0,15.0,67.0,35.5,高风险
C0359,2025-08-01,True,24.1,39.8,15.0,65.0,29.8,高风险
C0360,2024-09-01,True,79.0,90.0,15.0,90.0,66.9,关注
C0360,2024-10-01,True,83.3,100.0,15.0,84.0,70.5,关注
C0360,2024-11-01,True,83.3,100.0,15.0,86.0,70.7,关注
C0360,2024-12-01,True,86.3,91.2,15.0,85.5,69.6,关注
C0360,2025-01-01,True,86.3,88.7,15.0,85.5,69.0,关注
C0360,2025-02-01,True,86.3,84.6,15.0,84.0,67.8,关注
C0360,2025-03-01,True,83.5,80.4,15.0,80.0,65.2,关注
C0360,2025-04-01,True,84.9,77.1,15.0,90.0,66.0,关注
C0360,2025-05-01,True,89.1,81.0,15.0,85.0,68.1,关注
C0360,2025-06-01,True,95.0,86.3,15.0,83.3,71.7,关注
C0360,2025-07-01,True,90.7,94.5,15.0,82.7,71.9,关注
C0360,2025-08-01,True,95.0,100.0,15.0,86.7,75.4,关注
C0361,2024-09-01,True,76.7,90.0,52.8,94.0,75.8,关注
C0361,2024-10-01,True,81.1,86.7,52.8,92.0,76.5,关注
C0361,2024-11-01,True,81.1,84.4,52.8,90.7,75.8,关注
C0361,2024-12-01,True,81.1,89.1,52.8,90.7,77.0,关注
C0361,2025-01-01,True,81.1,94.4,52.8,89.5,78.2,关注
C0361,2025-02-01,True,91.1,100.0,52.8,86.0,83.2,健康
C0361,2025-03-01,True,91.1,100.0,52.8,91.0,83.7,健康
C0361,2025-04-01,True,91.1,100.0,52.8,89.0,83.5,健康
C0361,2025-05-01,True,91.1,100.0,52.8,90.7,83.7,健康
C0361,2025-06-01,True,95.6,86.5,52.8,88.0,81.9,健康
C0361,2025-07-01,True,91.1,78.4,52.8,94.0,78.6,关注
C0361,2025-08-01,True,95.6,79.1,52.8,80.0,79.2,关注
C0362,2024-09-01,True,91.1,90.0,15.0,84.0,71.1,关注
C0362,2024-10-01,True,90.4,88.9,15.0,86.0,70.8,关注
C0362,2024-11-01,True,91.1,90.0,15.0,86.0,71.3,关注
C0362,2024-12-01,True,91.1,90.9,15.0,86.0,71.5,关注
C0362,2025-01-01,True,88.2,88.7,15.0,86.5,69.9,关注
C0362,2025-02-01,True,91.1,88.6,15.0,86.7,71.0,关注
C0362,2025-03-01,True,90.4,87.9,15.0,86.0,70.5,关注
C0362,2025-04-01,True,88.2,89.3,15.0,85.3,69.9,关注
C0362,2025-05-01,False,1.1,48.8,15.0,85.0,24.9,高风险
C0362,2025-06-01,False,0.0,12.1,15.0,86.0,15.4,高风险
C0362,2025-07-01,False,0.0,10.0,15.0,80.0,14.2,高风险
C0362,2025-08-01,False,0.0,10.0,52.8,80.0,23.7,高风险
C0363,2024-09-01,True,86.7,90.0,52.8,80.0,78.4,关注
C0363,2024-10-01,True,86.7,90.0,52.8,80.0,78.4,关注
C0363,2024-11-01,True,86.7,90.0,52.8,80.0,78.4,关注
C0363,2024-12-01,True,71.7,82.8,52.8,84.0,71.0,关注
C0363,2025-01-01,True,86.7,84.3,52.8,83.0,77.2,关注
C0363,2025-02-01,True,86.7,80.5,52.8,84.7,76.4,关注
C0363,2025-03-01,True,86.7,98.9,52.8,85.0,81.1,健康
C0363,2025-04-01,True,67.2,78.0,52.8,82.0,67.8,关注
C0363,2025-05-01,True,37.2,40.3,52.8,76.0,45.8,高风险
C0363,2025-06-01,True,13.3,10.0,52.8,72.7,28.3,高风险
C0363,2025-07-01,True,8.9,10.0,52.8,67.3,26.0,高风险
C0363,2025-08-01,True,4.4,10.0,52.8,63.0,23.8,高风险
C0364,2024-09-01,True,83.2,90.0,15.0,80.0,67.5,关注
C0364,2024-10-01,True,85.0,96.4,15.0,80.0,69.9,关注
C0364,2024-11-01,True,85.0,100.0,15.0,84.0,71.2,关注
C0364,2024-12-01,True,85.3,91.7,15.0,84.7,69.3,关注
C0364,2025-01-01,True,87.4,89.7,15.0,84.0,69.5,关注
C0364,2025-02-01,True,85.3,87.8,15.0,86.0,68.4,关注
C0364,2025-03-01,True,89.4,94.5,15.0,83.3,71.5,关注
C0364,2025-04-01,True,87.6,87.5,15.0,86.7,69.4,关注
C0364,2025-05-01,True,89.7,95.4,15.0,85.0,72.0,关注
C0364,2025-06-01,True,87.4,81.4,15.0,90.0,68.0,关注
C0364,2025-07-01,True,91.8,91.2,15.0,86.0,71.9,关注
C0364,2025-08-01,True,93.9,90.7,15.0,86.7,72.7,关注
C0365,2024-09-01,True,85.5,90.0,52.8,80.0,77.9,关注
C0365,2024-10-01,True,84.4,88.8,52.8,84.0,77.5,关注
C0365,2024-11-01,True,83.2,87.7,52.8,84.7,76.9,关注
C0365,2024-12-01,True,84.4,88.9,52.8,85.5,77.7,关注
C0365,2025-01-01,True,82.1,89.1,52.8,86.4,76.9,关注
C0365,2025-02-01,True,61.5,65.9,52.8,86.0,62.9,关注
C0365,2025-03-01,True,39.5,32.3,15.0,85.0,36.1,高风险
C0365,2025-04-01,True,20.3,10.0,15.0,80.0,22.4,高风险
C0365,2025-05-01,True,16.8,10.0,15.0,62.0,19.2,高风险
C0365,2025-06-01,True,5.6,10.0,15.0,61.0,14.6,高风险
C0365,2025-07-01,True,1.2,10.0,15.0,59.3,12.6,高风险
C0365,2025-08-01,False,2.3,10.0,15.0,58.0,13.0,高风险
C0366,2024-09-01,True,82.9,90.0,52.8,80.0,76.9,关注
C0366,2024-10-01,True,82.9,91.8,52.8,80.0,77.3,关注
C0366,2024-11-01,True,82.9,91.2,52.8,80.0,77.2,关注
C0366,2024-12-01,True,87.4,88.5,52.8,80.0,78.3,关注
C0366,2025-01-01,True,87.4,89.9,52.8,80.0,78.6,关注
C0366,2025-02-01,True,87.4,87.3,52.8,80.0,78.0,关注
C0366,2025-03-01,True,87.4,90.0,52.8,82.0,78.8,关注
C0366,2025-04-01,True,87.4,91.7,52.8,82.0,79.3,关注
C0366,2025-05-01,True,91.8,92.4,52.8,86.0,81.6,健康
C0366,2025-06-01,True,87.4,88.0,52.8,87.0,78.8,关注
C0366,2025-07-01,True,87.4,78.7,52.8,87.0,76.5,关注
C0366,2025-08-01,True,95.6,86.0,52.8,84.0,81.3,健康
C0367,2024-09-01,True,76.7,90.0,52.8,80.0,74.4,关注
C0367,2024-10-01,True,81.1,95.3,52.8,90.0,78.5,关注
C0367,2024-11-01,True,76.7,93.0,52.8,90.0,76.1,关注
C0367,2024-12-01,True,81.1,86.2,52.8,88.0,76.0,关注
C0367,2025-01-01,True,81.1,89.7,52.8,88.0,76.9,关注
C0367,2025-02-01,True,89.4,92.5,52.8,76.0,79.7,关注
C0367,2025-03-01,True,81.1,92.5,52.8,66.0,75.4,关注
C0367,2025-04-01,True,89.4,98.5,52.8,80.0,81.6,健康
C0367,2025-05-01,True,93.9,96.2,52.8,92.0,84.0,健康
C0367,2025-06-01,True,93.9,100.0,52.8,92.0,85.0,健康
C0367,2025-07-01,True,85.6,93.2,52.8,92.0,79.9,关注
C0367,2025-08-01,True,93.9,91.4,52.8,90.0,82.6,健康
C0368,2024-09-01,True,82.1,90.0,15.0,84.0,67.5,关注
C0368,2024-10-01,True,85.4,89.7,15.0,82.0,68.5,关注
C0368,2024-11-01,True,82.1,88.4,15.0,86.0,67.3,关注
C0368,2024-12-01,True,86.5,90.8,52.8,86.0,79.1,关注
C0368,2025-01-01,True,89.8,92.7,52.8,87.5,81.0,健康
C0368,2025-02-01,True,89.8,97.4,52.8,92.0,82.7,健康
C0368,2025-03-01,True,87.7,89.4,52.8,92.0,79.8,关注
C0368,2025-04-01,True,89.8,87.8,15.0,96.0,71.2,关注
C0368,2025-05-01,True,83.3,76.8,52.8,96.0,75.3,关注
C0368,2025-06-01,True,91.0,84.3,52.8,94.0,80.1,健康
C0368,2025-07-01,True,91.0,80.5,52.8,91.0,78.8,关注
C0368,2025-08-01,True,91.0,90.2,52.8,89.3,81.1,健康
C0369,2024-09-01,True,82.9,90.0,52.8,80.0,76.9,关注
C0369,2024-10-01,True,79.2,86.1,52.8,80.0,74.4,关注
C0369,2024-11-01,True,86.7,90.0,52.8,84.0,78.8,关注
C0369,2024-12-01,True,82.9,93.5,52.8,86.0,78.3,关注
C0369,2025-01-01,True,82.9,90.0,52.8,86.7,77.5,关注
C0369,2025-02-01,True,63.5,68.8,52.8,83.3,64.1,关注
C0369,2025-03-01,True,36.5,35.8,15.0,78.0,35.1,高风险
C0369,2025-04-01,False,3.8,10.0,52.8,73.0,24.5,高风险
C0369,2025-05-01,False,0.0,10.0,52.8,72.0,22.9,高风险
C0369,2025-06-01,False,0.0,10.0,15.0,80.0,14.2,高风险
C0369,2025-07-01,False,0.0,10.0,52.8,80.0,23.7,高风险
C0369,2025-08-01,False,0.0,10.0,52.8,80.0,23.7,高风险
C0370,2024-09-01,True,87.7,90.0,15.0,90.0,70.3,关注
C0370,2024-10-01,True,86.3,88.6,15.0,90.0,69.4,关注
C0370,2024-11-01,True,83.5,86.2,15.0,86.0,67.3,关注
C0370,2024-12-01,True,87.7,88.5,15.0,86.0,69.6,关注
C0370,2025-01-01,True,90.5,92.4,15.0,85.3,71.6,关注
C0370,2025-02-01,True,91.1,97.7,15.0,84.0,73.0,关注
C0370,2025-03-01,True,87.7,97.7,15.0,84.0,71.7,关注
C0370,2025-04-01,True,89.1,86.9,15.0,83.0,69.4,关注
C0370,2025-05-01,True,84.9,69.7,15.0,82.0,63.3,关注
C0370,2025-06-01,True,79.2,57.7,15.0,74.0,57.3,高风险
C0370,2025-07-01,False,1.4,29.7,15.0,66.0,18.3,高风险
C0370,2025-08-01,False,0.0,10.0,15.0,66.0,12.8,高风险
C0371,2024-09-01,True,78.6,90.0,52.8,92.0,76.3,关注
C0371,2024-10-01,True,78.6,92.7,52.8,94.0,77.2,关注
C0371,2024-11-01,True,78.6,90.3,52.8,94.0,76.6,关注
C0371,2024-12-01,True,83.0,83.6,52.8,88.7,76.2,关注
C0371,2025-01-01,True,88.8,89.2,52.8,88.7,79.9,关注
C0371,2025-02-01,True,88.8,90.0,52.8,84.0,79.6,关注
C0371,2025-03-01,True,83.0,98.1,52.8,93.0,80.2,健康
C0371,2025-04-01,True,83.0,91.1,52.8,90.7,78.2,关注
C0371,2025-05-01,True,83.0,85.5,52.8,92.0,77.0,关注
C0371,2025-06-01,True,93.2,88.3,52.8,84.7,81.0,健康
C0371,2025-07-01,True,93.2,99.2,52.8,85.3,83.8,健康
C0371,2025-08-01,True,93.2,100.0,52.8,81.0,83.6,健康
C0372,2024-09-01,True,78.0,90.0,15.0,80.0,65.4,关注
C0372,2024-10-01,True,85.9,99.1,15.0,80.0,70.9,关注
C0372,2024-11-01,True,83.9,100.0,15.0,80.0,70.3,关注
C0372,2024-12-01,True,88.3,93.2,15.0,92.0,71.6,关注
C0372,2025-01-01,True,86.4,89.3,15.0,90.0,69.6,关注
C0372,2025-02-01,True,90.3,87.8,15.0,91.3,71.0,关注
C0372,2025-03-01,True,90.3,79.1,52.8,91.3,78.2,关注
C0372,2025-04-01,True,94.8,86.1,52.8,90.7,81.7,健康
C0372,2025-05-01,True,88.3,89.4,52.8,88.0,79.7,关注
C0372,2025-06-01,True,94.8,94.0,15.0,89.3,74.1,关注
C0372,2025-07-01,True,95.6,98.7,52.8,90.0,85.1,健康
C0372,2025-08-01,True,95.6,99.1,52.8,90.0,85.2,健康
C0373,2024-09-01,True,82.9,90.0,52.8,80.0,76.9,关注
C0373,2024-10-01,True,73.5,81.5,52.8,84.0,71.4,关注
C0373,2024-11-01,True,82.9,83.7,52.8,84.0,75.7,关注
C0373,2024-12-01,True,87.4,94.8,52.8,84.0,80.2,健康
C0373,2025-01-01,True,87.4,92.3,52.8,84.0,79.6,关注
C0373,2025-02-01,True,87.4,95.7,52.8,80.0,80.1,健康
C0373,2025-03-01,True,87.4,88.7,52.8,84.0,78.7,关注
C0373,2025-04-01,True,87.4,81.2,52.8,88.0,77.2,关注
C0373,2025-05-01,True,87.4,77.5,52.8,88.0,76.3,关注
C0373,2025-06-01,True,87.4,84.1,52.8,94.0,78.6,关注
C0373,2025-07-01,True,87.4,96.4,52.8,94.0,81.7,健康
C0373,2025-08-01,True,91.8,100.0,52.8,94.0,84.3,健康
C0374,2024-09-01,True,89.4,90.0,52.8,86.0,80.1,健康
C0374,2024-10-01,True,89.4,90.0,52.8,89.0,80.4,健康
C0374,2024-11-01,True,89.4,90.0,52.8,90.0,80.5,健康
C0374,2024-12-01,True,89.4,90.0,52.8,89.0,80.4,健康
C0374,2025-01-01,True,89.4,90.0,52.8,89.0,80.4,健康
C0374,2025-02-01,True,91.1,92.4,52.8,86.0,81.3,健康
C0374,2025-03-01,True,89.4,92.4,52.8,86.0,80.7,健康
C0374,2025-04-01,True,89.4,92.4,52.8,86.0,80.7,健康
C0374,2025-05-01,True,89.4,79.6,52.8,85.0,77.4,关注
C0374,2025-06-01,False,4.2,40.6,52.8,84.0,33.4,高风险
C0374,2025-07-01,False,0.0,10.0,52.8,84.0,24.1,高风险
C0374,2025-08-01,False,0.0,10.0,52.8,80.0,23.7,高风险
C0375,2024-09-01,True,87.4,90.0,52.8,82.0,78.8,关注
C0375,2024-10-01,True,82.9,87.4,52.8,82.0,76.4,关注
C0375,2024-11-01,True,82.9,84.8,52.8,82.0,75.8,关注
C0375,2024-12-01,True,69.1,80.6,52.8,81.3,69.1,关注
C0375,2025-01-01,True,59.7,74.6,52.8,81.3,63.9,关注
C0375,2025-02-01,True,64.7,52.3,52.8,77.0,59.8,高风险
C0375,2025-03-01,True,55.3,50.3,52.8,74.0,55.3,高风险
C0375,2025-04-01,False,9.4,34.2,52.8,74.0,32.9,高风险
C0375,2025-05-01,False,0.0,10.0,52.8,80.0,23.7,高风险
C0375,2025-06-01,False,0.0,10.0,52.8,80.0,23.7,高风险
C0375,2025-07-01,False,0.0,10.0,52.8,80.0,23.7,高风险
C0375,2025-08-01,False,0.0,10.0,52.8,80.0,23.7,高风险
C0376,2024-09-01,True,85.3,90.0,52.8,80.0,77.8,关注
C0376,2024-10-01,True,91.1,97.6,52.8,86.0,82.6,健康
C0376,2024-11-01,True,89.4,97.5,52.8,85.0,81.9,健康
C0376,2024-12-01,True,89.4,89.8,52.8,84.0,79.8,关注
C0376,2025-01-01,True,91.1,91.4,52.8,84.0,80.9,健康
C0376,2025-02-01,True,89.4,92.3,52.8,82.0,80.2,健康
C0376,2025-03-01,True,89.4,90.0,52.8,84.0,79.9,关注
C0376,2025-04-01,True,89.4,79.7,52.8,84.7,77.4,关注
C0376,2025-05-01,True,85.3,69.9,52.8,83.3,73.1,关注
C0376,2025-06-01,True,81.1,58.0,52.8,78.0,67.9,关注
C0376,2025-07-01,True,72.8,56.6,52.8,74.0,63.9,关注
C0376,2025-08-01,True,68.6,54.4,15.0,57.0,50.5,高风险
C0377,2024-09-01,True,79.3,90.0,15.0,82.0,66.2,关注
C0377,2024-10-01,True,85.4,90.7,15.0,87.0,69.3,关注
C0377,2024-11-01,True,85.4,94.1,15.0,88.0,70.2,关注
C0377,2024-12-01,True,79.3,92.6,15.0,90.0,67.6,关注
C0377,2025-01-01,True,80.6,84.6,15.0,89.6,66.1,关注
C0377,2025-02-01,True,88.6,85.9,15.0,90.7,69.7,关注
C0377,2025-03-01,True,87.0,86.5,15.0,91.3,69.3,关注
C0377,2025-04-01,True,88.6,100.0,15.0,90.0,73.2,关注
C0377,2025-05-01,True,93.0,97.1,15.0,88.7,74.1,关注
C0377,2025-06-01,True,88.6,99.2,15.0,85.3,72.5,关注
C0377,2025-07-01,True,93.0,81.8,15.0,88.0,70.2,关注
C0377,2025-08-01,True,93.0,88.6,15.0,90.0,72.1,关注
C0378,2024-09-01,True,81.2,90.0,52.8,80.0,76.2,关注
C0378,2024-10-01,True,85.7,93.3,52.8,86.0,79.4,关注
C0378,2024-11-01,True,81.2,92.1,52.8,90.0,77.7,关注
C0378,2024-12-01,True,81.2,89.0,52.8,87.3,76.7,关注
C0378,2025-01-01,True,85.7,89.9,52.8,86.0,78.5,关注
C0378,2025-02-01,True,85.7,91.0,52.8,82.7,78.5,关注
C0378,2025-03-01,True,82.2,86.3,52.8,85.3,76.2,关注
C0378,2025-04-01,True,82.2,87.8,52.8,87.0,76.7,关注
C0378,2025-05-01,True,82.2,79.6,52.8,87.0,74.7,关注
C0378,2025-06-01,True,90.1,83.6,52.8,86.0,78.7,关注
C0378,2025-07-01,True,90.1,81.6,52.8,84.7,78.1,关注
C0378,2025-08-01,True,94.5,92.5,52.8,87.3,82.9,健康
C0379,2024-09-01,True,84.2,90.0,15.0,86.0,68.5,关注
C0379,2024-10-01,True,79.1,84.8,15.0,88.0,65.4,关注
C0379,2024-11-01,True,82.0,85.0,15.0,88.0,66.6,关注
C0379,2024-12-01,True,78.4,88.4,52.8,88.5,75.5,关注
C0379,2025-01-01,True,84.9,89.9,15.0,88.0,69.0,关注
C0379,2025-02-01,True,82.7,90.4,15.0,86.7,68.1,关注
C0379,2025-03-01,True,82.7,96.9,15.0,86.0,69.7,关注
C0379,2025-04-01,True,81.3,90.9,15.0,86.7,67.7,关注
C0379,2025-05-01,False,0.7,50.8,15.0,88.0,25.6,高风险
C0379,2025-06-01,False,0.0,12.0,15.0,88.0,15.6,高风险
C0379,2025-07-01,False,0.0,10.0,15.0,80.0,14.2,高风险
C0379,2025-08-01,False,0.0,10.0,15.0,80.0,14.2,高风险
C0380,2024-09-01,True,82.4,90.0,15.0,92.0,68.4,关注
C0380,2024-10-01,True,85.0,87.9,15.0,87.0,68.4,关注
C0380,2024-11-01,True,82.4,82.7,15.0,86.0,66.0,关注
C0380,2024-12-01,True,85.0,83.6,15.0,87.5,67.4,关注
C0380,2025-01-01,True,74.7,87.3,15.0,88.0,64.3,关注
C0380,2025-02-01,True,85.0,88.6,15.0,89.3,68.8,关注
C0380,2025-03-01,True,85.0,96.7,15.0,88.0,70.7,关注
C0380,2025-04-01,True,86.9,100.0,52.8,91.0,82.1,健康
C0380,2025-05-01,True,86.9,96.6,52.8,96.0,81.7,健康
C0380,2025-06-01,True,87.5,90.3,15.0,91.3,70.5,关注
C0380,2025-07-01,True,89.4,91.0,15.0,87.3,71.0,关注
C0380,2025-08-01,True,91.3,83.2,15.0,86.7,69.7,关注
C0381,2024-09-01,True,88.7,90.0,15.0,86.0,70.3,关注
C0381,2024-10-01,True,82.5,85.9,15.0,84.0,66.6,关注
C0381,2024-11-01,True,80.7,81.9,15.0,84.0,64.9,关注
C0381,2024-12-01,True,71.1,80.2,15.0,84.0,60.6,关注
C0381,2025-01-01,True,69.3,79.1,15.0,84.0,59.7,高风险
C0381,2025-02-01,True,61.4,58.1,15.0,78.0,50.6,高风险
C0381,2025-03-01,True,56.1,55.5,52.8,75.0,57.0,高风险
C0381,2025-04-01,True,46.5,50.2,52.8,72.7,51.6,高风险
C0381,2025-05-01,True,43.0,45.1,15.0,71.3,39.3,高风险
C0381,2025-06-01,True,36.8,41.9,15.0,70.0,35.9,高风险
C0381,2025-07-01,True,35.1,43.6,15.0,68.7,35.5,高风险
C0381,2025-08-01,True,27.1,46.3,15.0,66.0,32.8,高风险
C0382,2024-09-01,True,86.7,90.0,52.8,88.0,79.2,关注
C0382,2024-10-01,True,82.9,84.0,52.8,88.0,76.2,关注
C0382,2024-11-01,True,86.0,84.0,52.8,87.3,77.3,关注
C0382,2024-12-01,True,82.9,88.4,52.8,87.0,77.2,关注
C0382,2025-01-01,True,82.9,87.5,52.8,86.8,76.9,关注
C0382,2025-02-01,True,84.2,81.8,52.8,84.7,75.8,关注
C0382,2025-03-01,True,76.7,81.7,52.8,84.0,72.7,关注
C0382,2025-04-01,True,81.1,77.5,52.8,84.7,73.5,关注
C0382,2025-05-01,True,82.9,83.4,52.8,86.0,75.8,关注
C0382,2025-06-01,True,79.8,75.0,52.8,81.0,72.0,关注
C0382,2025-07-01,True,42.8,51.1,52.8,69.0,50.0,高风险
C0382,2025-08-01,True,25.8,14.1,52.8,62.0,33.3,高风险
C0383,2024-09-01,True,89.4,90.0,52.8,82.0,79.7,关注
C0383,2024-10-01,True,89.4,90.0,52.8,85.0,80.0,健康
C0383,2024-11-01,True,89.4,90.0,52.8,85.3,80.0,健康
C0383,2024-12-01,True,91.1,91.7,52.8,86.0,81.2,健康
C0383,2025-01-01,True,91.1,92.8,52.8,86.0,81.4,健康
C0383,2025-02-01,True,89.4,94.7,52.8,87.3,81.4,健康
C0383,2025-03-01,True,89.4,90.0,52.8,87.0,80.2,健康
C0383,2025-04-01,True,91.1,87.4,52.8,89.0,80.4,健康
C0383,2025-05-01,True,91.1,90.0,52.8,87.0,80.8,健康
C0383,2025-06-01,True,34.2,59.9,52.8,77.3,49.6,高风险
C0383,2025-07-01,True,12.8,20.2,52.8,63.3,29.7,高风险
C0383,2025-08-01,True,0.0,10.0,52.8,48.0,20.5,高风险
C0384,2024-09-01,True,79.9,90.0,52.8,82.0,75.9,关注
C0384,2024-10-01,True,82.3,100.0,52.8,84.0,79.5,关注
C0384,2024-11-01,True,79.9,99.1,52.8,83.3,78.3,关注
C0384,2024-12-01,True,82.3,90.4,52.8,83.5,77.1,关注
C0384,2025-01-01,True,79.9,90.3,15.0,84.4,66.7,关注
C0384,2025-02-01,True,86.8,89.8,15.0,86.0,69.5,关注
C0384,2025-03-01,True,86.8,77.9,15.0,86.7,66.6,关注
C0384,2025-04-01,True,89.2,87.9,15.0,87.3,70.1,关注
C0384,2025-05-01,True,86.8,88.7,15.0,87.3,69.4,关注
C0384,2025-06-01,True,86.4,96.7,15.0,84.7,70.9,关注
C0384,2025-07-01,True,84.3,92.0,52.8,84.0,78.3,关注
C0384,2025-08-01,True,86.8,95.0,52.8,84.7,80.1,健康
C0385,2024-09-01,True,79.4,90.0,15.0,88.0,66.8,关注
C0385,2024-10-01,True,80.8,94.6,15.0,89.0,68.6,关注
C0385,2024-11-01,True,82.2,96.4,15.0,88.0,69.5,关注
C0385,2024-12-01,True,86.7,89.7,15.0,90.5,69.9,关注
C0385,2025-01-01,True,83.9,86.7,15.0,90.8,68.1,关注
C0385,2025-02-01,True,86.7,84.0,15.0,94.7,68.9,关注
C0385,2025-03-01,True,89.4,88.6,15.0,91.3,70.8,关注
C0385,2025-04-01,True,89.4,94.0,15.0,90.7,72.1,关注
C0385,2025-05-01,True,89.7,97.7,15.0,90.0,73.1,关注
C0385,2025-06-01,True,95.6,93.7,15.0,88.7,74.3,关注
C0385,2025-07-01,True,90.8,96.5,15.0,88.0,73.0,关注
C0385,2025-08-01,True,93.9,90.9,15.0,89.0,72.9,关注
C0386,2024-09-01,True,86.7,90.0,52.8,78.0,78.2,关注
C0386,2024-10-01,True,79.2,85.4,52.8,81.0,74.3,关注
C0386,2024-11-01,True,83.6,84.5,52.8,81.0,75.9,关注
C0386,2024-12-01,True,83.6,87.6,52.8,86.0,77.2,关注
C0386,2025-01-01,True,91.1,90.7,52.8,86.0,80.9,健康
C0386,2025-02-01,True,91.1,91.1,52.8,96.0,82.0,健康
C0386,2025-03-01,True,83.6,95.6,52.8,94.0,80.0,健康
C0386,2025-04-01,True,83.6,88.7,52.8,94.0,78.2,关注
C0386,2025-05-01,True,83.6,88.7,52.8,94.0,78.2,关注
C0386,2025-06-01,True,83.6,86.9,52.8,93.0,77.7,关注
C0386,2025-07-01,True,95.6,91.6,52.8,92.7,83.6,健康
C0386,2025-08-01,True,88.1,88.1,52.8,90.0,79.4,关注
C0387,2024-09-01,True,87.4,90.0,52.8,84.0,79.0,关注
C0387,2024-10-01,True,79.8,89.7,52.8,83.0,75.8,关注
C0387,2024-11-01,True,79.8,90.6,52.8,86.0,76.4,关注
C0387,2024-12-01,True,84.2,89.2,52.8,85.5,77.7,关注
C0387,2025-01-01,True,79.8,87.7,52.8,88.8,75.9,关注
C0387,2025-02-01,True,87.4,88.2,52.8,93.0,79.5,关注
C0387,2025-03-01,True,87.4,96.7,52.8,102.0,82.5,健康
C0387,2025-04-01,True,90.5,99.5,52.8,82.0,82.5,健康
C0387,2025-05-01,True,94.9,99.7,52.8,84.0,84.5,健康
C0387,2025-06-01,True,91.1,97.2,52.8,89.3,82.9,健康
C0387,2025-07-01,True,94.9,99.8,52.8,92.7,85.4,健康
C0387,2025-08-01,True,94.9,98.1,52.8,94.0,85.1,健康
C0388,2024-09-01,True,76.7,90.0,52.8,88.0,75.2,关注
C0388,2024-10-01,True,86.7,89.7,52.8,88.0,79.1,关注
C0388,2024-11-01,True,73.9,86.5,52.8,87.3,73.1,关注
C0388,2024-12-01,True,83.9,85.7,15.0,86.0,67.3,关注
C0388,2025-01-01,True,76.7,85.9,15.0,85.6,64.4,关注
C0388,2025-02-01,True,86.7,89.8,15.0,80.7,68.9,关注
C0388,2025-03-01,True,83.9,91.9,52.8,84.0,78.1,关注
C0388,2025-04-01,True,91.1,100.0,52.8,84.0,83.0,健康
C0388,2025-05-01,True,86.7,86.0,15.0,85.0,68.4,关注
C0388,2025-06-01,True,91.1,89.4,15.0,86.0,71.1,关注
C0388,2025-07-01,True,91.1,81.7,52.8,87.3,78.8,关注
C0388,2025-08-01,True,91.1,100.0,52.8,90.0,83.6,健康
C0389,2024-09-01,True,80.2,90.0,15.0,80.0,66.3,关注
C0389,2024-10-01,True,84.7,88.0,15.0,86.0,68.2,关注
C0389,2024-11-01,True,83.3,86.3,15.0,88.7,67.5,关注
C0389,2024-12-01,True,88.7,88.5,15.0,90.0,70.4,关注
C0389,2025-01-01,True,84.7,90.5,15.0,89.2,69.2,关注
C0389,2025-02-01,True,81.6,92.7,15.0,90.0,68.6,关注
C0389,2025-03-01,True,87.4,92.7,15.0,91.0,71.0,关注
C0389,2025-04-01,True,83.3,85.7,15.0,92.0,67.7,关注
C0389,2025-05-01,True,88.7,84.5,15.0,88.0,69.1,关注
C0389,2025-06-01,True,94.5,90.2,15.0,84.7,72.6,关注
C0389,2025-07-01,True,93.1,100.0,15.0,83.0,74.3,关注
C0389,2025-08-01,True,93.1,100.0,15.0,88.0,74.8,关注
C0390,2024-09-01,True,82.9,90.0,52.8,78.0,76.7,关注
C0390,2024-10-01,True,87.4,94.6,52.8,83.0,80.1,健康
C0390,2024-11-01,True,82.9,95.3,52.8,82.0,78.4,关注
C0390,2024-12-01,True,82.9,92.2,52.8,81.0,77.5,关注
C0390,2025-01-01,True,82.7,91.3,52.8,83.2,77.4,关注
C0390,2025-02-01,True,87.4,94.0,52.8,84.7,80.1,健康
C0390,2025-03-01,True,87.4,85.5,52.8,88.0,78.3,关注
C0390,2025-04-01,True,87.4,86.7,52.8,85.0,78.3,关注
C0390,2025-05-01,True,82.7,81.1,52.8,86.0,75.1,关注
C0390,2025-06-01,True,91.8,90.3,52.8,87.0,81.2,健康
C0390,2025-07-01,True,91.8,91.9,52.8,88.0,81.7,健康
C0390,2025-08-01,True,95.6,100.0,52.8,87.3,85.2,健康
C0391,2024-09-01,True,81.8,90.0,15.0,86.0,67.6,关注
C0391,2024-10-01,True,81.8,93.1,15.0,89.0,68.7,关注
C0391,2024-11-01,True,84.6,91.4,15.0,88.0,69.2,关注
C0391,2024-12-01,True,88.0,88.1,15.0,89.5,69.9,关注
C0391,2025-01-01,True,87.1,87.3,15.0,89.2,69.3,关注
C0391,2025-02-01,True,87.1,81.7,15.0,90.0,68.0,关注
C0391,2025-03-01,True,91.1,92.3,15.0,88.7,72.1,关注
C0391,2025-04-01,True,87.1,100.0,15.0,90.0,72.6,关注
C0391,2025-05-01,True,95.0,100.0,15.0,89.3,75.7,关注
C0391,2025-06-01,True,91.1,100.0,15.0,86.7,73.9,关注
C0391,2025-07-01,True,95.6,98.4,15.0,88.0,75.4,关注
C0391,2025-08-01,True,95.0,87.9,15.0,90.0,72.7,关注
C0392,2024-09-01,True,82.9,90.0,52.8,90.0,77.9,关注
C0392,2024-10-01,True,82.9,90.0,52.8,90.0,77.9,关注
C0392,2024-11-01,True,87.4,89.0,52.8,89.0,79.3,关注
C0392,2024-12-01,True,87.4,89.3,52.8,92.7,79.7,关注
C0392,2025-01-01,True,87.4,93.9,52.8,92.7,80.9,健康
C0392,2025-02-01,True,78.0,93.4,52.8,94.0,77.1,关注
C0392,2025-03-01,True,87.4,94.2,52.8,88.0,80.5,健康
C0392,2025-04-01,True,87.4,82.6,52.8,89.0,77.7,关注
C0392,2025-05-01,True,87.4,93.3,52.8,90.0,80.5,健康
C0392,2025-06-01,True,91.8,91.6,52.8,91.0,81.9,健康
C0392,2025-07-01,True,82.4,89.0,52.8,92.0,77.6,关注
C0392,2025-08-01,True,91.8,79.9,52.8,92.0,79.1,关注
C0393,2024-09-01,True,91.1,90.0,52.8,90.0,81.1,健康
C0393,2024-10-01,True,84.1,81.7,52.8,90.0,76.2,关注
C0393,2024-11-01,True,88.5,81.5,52.8,89.0,77.9,关注
C0393,2024-12-01,True,88.5,89.8,52.8,88.0,79.8,关注
C0393,2025-01-01,True,91.1,91.5,52.8,87.5,81.3,健康
C0393,2025-02-01,True,88.5,92.4,52.8,85.3,80.2,健康
C0393,2025-03-01,True,88.5,95.3,52.8,86.0,81.0,健康
C0393,2025-04-01,True,91.1,90.0,15.0,87.3,71.4,关注
C0393,2025-05-01,True,88.5,82.5,15.0,86.7,68.4,关注
C0393,2025-06-01,True,84.1,72.7,52.8,81.3,73.1,关注
C0393,2025-07-01,True,75.2,55.2,52.8,70.7,64.2,关注
C0393,2025-08-01,True,66.4,47.9,52.8,58.7,57.6,高风险
C0394,2024-09-01,True,85.0,90.0,52.8,82.0,77.9,关注
C0394,2024-10-01,True,81.1,82.6,52.8,82.0,74.5,关注
C0394,2024-11-01,True,89.4,87.8,52.8,87.0,79.6,关注
C0394,2024-12-01,True,89.4,94.9,52.8,89.3,81.6,健康
C0394,2025-01-01,True,76.7,88.2,52.8,88.5,74.8,关注
C0394,2025-02-01,True,81.1,83.2,52.8,90.7,75.5,关注
C0394,2025-03-01,True,81.1,79.0,52.8,89.0,74.3,关注
C0394,2025-04-01,True,89.4,81.8,52.8,89.0,78.3,关注
C0394,2025-05-01,True,85.6,88.5,52.8,82.0,77.8,关注
C0394,2025-06-01,True,93.9,98.2,52.8,82.0,83.5,健康
C0394,2025-07-01,True,85.6,88.5,52.8,78.0,77.4,关注
C0394,2025-08-01,True,85.6,90.8,52.8,94.0,79.5,关注
C0395,2024-09-01,True,80.2,90.0,15.0,84.0,66.7,关注
C0395,2024-10-01,True,81.6,85.7,15.0,83.0,66.1,关注
C0395,2024-11-01,True,88.7,91.8,15.0,84.7,70.6,关注
C0395,2024-12-01,True,82.0,94.5,15.0,83.5,68.5,关注
C0395,2025-01-01,True,82.9,89.5,15.0,84.0,67.7,关注
C0395,2025-02-01,True,86.0,87.5,15.0,86.0,68.6,关注
C0395,2025-03-01,True,83.3,91.0,15.0,90.0,68.8,关注
C0395,2025-04-01,True,91.8,82.8,15.0,88.7,70.0,关注
C0395,2025-05-01,True,84.7,85.7,15.0,87.3,67.8,关注
C0395,2025-06-01,True,80.7,77.5,15.0,85.3,63.9,关注
C0395,2025-07-01,True,82.4,79.5,15.0,87.0,65.3,关注
C0395,2025-08-01,True,86.4,80.6,15.0,87.0,67.2,关注
C0396,2024-09-01,True,80.8,90.0,52.8,80.0,76.0,关注
C0396,2024-10-01,True,76.7,82.2,52.8,92.0,73.6,关注
C0396,2024-11-01,True,80.8,87.4,52.8,91.0,76.5,关注
C0396,2024-12-01,True,85.3,98.1,52.8,88.7,80.7,健康
C0396,2025-01-01,True,85.3,93.3,52.8,91.5,79.8,关注
C0396,2025-02-01,True,85.3,99.3,52.8,90.7,81.2,健康
C0396,2025-03-01,True,85.3,95.2,15.0,92.7,70.9,关注
C0396,2025-04-01,True,85.3,90.7,15.0,90.7,69.6,关注
C0396,2025-05-01,True,93.9,91.2,15.0,88.7,73.0,关注
C0396,2025-06-01,True,89.7,91.4,52.8,88.7,80.8,健康
C0396,2025-07-01,True,93.9,90.0,52.8,86.7,81.9,健康
C0396,2025-08-01,True,89.4,88.0,52.8,90.7,80.0,健康
C0397,2024-09-01,True,84.5,90.0,52.8,80.0,77.5,关注
C0397,2024-10-01,True,78.1,85.2,52.8,92.0,74.9,关注
C0397,2024-11-01,True,78.1,85.8,52.8,91.0,75.0,关注
C0397,2024-12-01,True,84.7,92.5,52.8,91.0,79.3,关注
C0397,2025-01-01,True,80.4,90.7,15.0,88.7,67.4,关注
C0397,2025-02-01,True,91.1,100.0,15.0,86.0,73.8,关注
C0397,2025-03-01,True,86.8,100.0,15.0,84.0,71.9,关注
C0397,2025-04-01,True,86.8,100.0,15.0,88.0,72.3,关注
C0397,2025-05-01,True,86.8,87.7,15.0,89.3,69.3,关注
C0397,2025-06-01,True,89.0,87.2,52.8,90.7,79.7,关注
C0397,2025-07-01,True,89.1,78.8,52.8,88.0,77.3,关注
C0397,2025-08-01,True,89.1,88.7,15.0,86.0,70.2,关注
C0398,2024-09-01,True,80.2,90.0,52.8,86.0,76.4,关注
C0398,2024-10-01,True,83.8,89.6,52.8,87.0,77.8,关注
C0398,2024-11-01,True,83.8,92.4,52.8,86.0,78.4,关注
C0398,2024-12-01,True,88.3,92.5,52.8,84.5,80.1,健康
C0398,2025-01-01,True,84.7,88.6,52.8,84.8,77.7,关注
C0398,2025-02-01,True,84.7,85.5,52.8,85.3,77.0,关注
C0398,2025-03-01,True,88.3,87.3,52.8,87.3,79.1,关注
C0398,2025-04-01,True,84.7,90.4,52.8,88.0,78.5,关注
C0398,2025-05-01,True,88.3,94.2,52.8,89.3,81.0,健康
C0398,2025-06-01,True,91.1,96.7,52.8,88.7,82.7,健康
C0398,2025-07-01,True,88.3,92.5,52.8,89.0,80.5,健康
C0398,2025-08-01,True,95.6,96.4,52.8,88.0,84.3,健康
C0399,2024-09-01,True,80.6,90.0,52.8,88.0,76.7,关注
C0399,2024-10-01,True,82.9,90.4,52.8,88.0,77.8,关注
C0399,2024-11-01,True,87.4,90.4,52.8,87.0,79.4,关注
C0399,2024-12-01,True,78.2,87.7,15.0,88.0,65.8,关注
C0399,2025-01-01,True,85.0,87.5,15.0,88.0,68.4,关注
C0399,2025-02-01,True,82.7,81.6,15.0,87.3,66.0,关注
C0399,2025-03-01,True,89.7,93.5,15.0,83.3,71.4,关注
C0399,2025-04-01,True,85.0,92.9,15.0,81.0,69.1,关注
C0399,2025-05-01,True,87.4,100.0,52.8,86.0,81.7,健康
C0399,2025-06-01,True,91.8,83.8,52.8,93.0,80.2,健康
C0399,2025-07-01,True,87.1,85.3,15.0,92.7,69.2,关注
C0399,2025-08-01,True,89.5,73.6,15.0,91.3,67.1,关注
C0400,2024-09-01,True,85.4,90.0,15.0,84.0,68.8,关注
C0400,2024-10-01,True,88.0,92.3,15.0,86.0,70.6,关注
C0400,2024-11-01,True,90.6,94.8,15.0,86.7,72.4,关注
C0400,2024-12-01,True,90.6,93.7,15.0,86.5,72.1,关注
C0400,2025-01-01,True,90.6,91.9,15.0,86.0,71.6,关注
C0400,2025-02-01,True,88.0,93.1,15.0,84.7,70.7,关注
C0400,2025-03-01,True,91.1,91.4,15.0,84.0,71.5,关注
C0400,2025-04-01,True,88.0,88.0,15.0,84.0,69.3,关注
C0400,2025-05-01,True,90.6,83.7,15.0,82.0,69.1,关注
C0400,2025-06-01,True,82.8,68.5,15.0,77.0,61.7,关注
C0400,2025-07-01,True,75.1,55.7,15.0,72.0,54.9,高风险
C0400,2025-08-01,True,67.3,46.7,15.0,60.7,48.4,高风险
C0401,2024-09-01,True,80.2,90.0,52.8,98.0,77.6,关注
C0401,2024-10-01,True,83.8,91.5,52.8,98.0,79.4,关注
C0401,2024-11-01,True,84.7,91.0,52.8,93.0,79.1,关注
C0401,2024-12-01,True,88.3,90.2,52.8,87.3,79.8,关注
C0401,2025-01-01,True,84.7,90.3,52.8,87.5,78.4,关注
C0401,2025-02-01,True,84.7,90.3,52.8,86.0,78.3,关注
C0401,2025-03-01,True,84.7,87.5,52.8,91.3,78.1,关注
C0401,2025-04-01,True,88.3,91.7,52.8,89.3,80.4,健康
C0401,2025-05-01,True,92.7,92.5,52.8,87.3,82.1,健康
C0401,2025-06-01,True,89.1,94.5,52.8,86.0,81.1,健康
C0401,2025-07-01,True,95.6,92.6,52.8,90.0,83.6,健康
C0401,2025-08-01,True,84.7,90.2,52.8,90.0,78.6,关注
C0402,2024-09-01,True,81.2,90.0,52.8,80.0,76.2,关注
C0402,2024-10-01,True,81.2,90.0,52.8,80.0,76.2,关注
C0402,2024-11-01,True,85.7,89.5,52.8,80.0,77.8,关注
C0402,2024-12-01,True,85.7,89.6,52.8,88.0,78.7,关注
C0402,2025-01-01,True,91.1,92.9,52.8,88.0,81.7,健康
C0402,2025-02-01,True,95.6,96.9,52.8,88.0,84.5,健康
C0402,2025-03-01,True,85.7,92.9,52.8,96.0,80.3,健康
C0402,2025-04-01,True,91.1,83.6,52.8,96.0,80.1,健康
C0402,2025-05-01,True,91.1,78.9,52.8,96.0,79.0,关注
C0402,2025-06-01,True,91.1,92.0,52.8,80.0,80.6,健康
C0402,2025-07-01,True,91.1,97.4,52.8,80.0,82.0,健康
C0402,2025-08-01,True,95.6,100.0,52.8,82.0,84.6,健康
C0403,2024-09-01,True,91.1,90.0,52.8,80.0,80.1,健康
C0403,2024-10-01,True,86.7,84.3,52.8,84.0,77.3,关注
C0403,2024-11-01,True,82.9,78.9,52.8,84.0,74.5,关注
C0403,2024-12-01,True,71.0,77.2,52.8,81.3,69.0,关注
C0403,2025-01-01,True,71.0,77.2,52.8,81.3,69.0,关注
C0403,2025-02-01,True,59.0,51.7,52.8,78.0,57.5,高风险
C0403,2025-03-01,True,51.5,49.1,52.8,75.0,53.6,高风险
C0403,2025-04-01,True,47.1,43.5,52.8,74.7,50.4,高风险
C0403,2025-05-01,True,43.3,42.6,52.8,71.3,48.3,高风险
C0403,2025-06-01,True,38.9,47.3,52.8,72.0,47.8,高风险
C0403,2025-07-01,True,35.1,50.8,52.8,66.0,46.6,高风险
C0403,2025-08-01,True,26.9,51.8,52.8,61.0,43.0,高风险
C0404,2024-09-01,True,81.1,90.0,15.0,86.0,67.3,关注
C0404,2024-10-01,True,81.1,100.0,15.0,84.0,69.6,关注
C0404,2024-11-01,True,83.5,100.0,15.0,83.3,70.5,关注
C0404,2024-12-01,True,82.1,94.0,15.0,83.0,68.4,关注
C0404,2025-01-01,True,86.6,90.6,15.0,83.6,69.4,关注
C0404,2025-02-01,True,89.7,94.4,15.0,83.3,71.5,关注
C0404,2025-03-01,True,85.6,90.2,15.0,86.7,69.2,关注
C0404,2025-04-01,True,88.6,97.4,15.0,86.7,72.2,关注
C0404,2025-05-01,True,93.1,96.3,15.0,89.0,74.0,关注
C0404,2025-06-01,True,95.6,95.0,15.0,90.0,74.7,关注
C0404,2025-07-01,True,94.1,93.6,15.0,98.0,74.6,关注
C0404,2025-08-01,True,95.6,93.1,15.0,94.0,74.6,关注
C0405,2024-09-01,True,84.0,90.0,52.8,80.0,77.3,关注
C0405,2024-10-01,True,79.6,81.3,52.8,80.0,73.4,关注
C0405,2024-11-01,True,84.0,87.0,52.8,80.0,76.5,关注
C0405,2024-12-01,True,88.5,100.0,52.8,80.0,81.6,健康
C0405,2025-01-01,True,88.5,95.6,52.8,90.0,81.5,健康
C0405,2025-02-01,True,91.1,100.0,52.8,92.0,83.8,健康
C0405,2025-03-01,True,88.5,93.0,52.8,88.0,80.6,健康
C0405,2025-04-01,True,88.5,84.2,52.8,85.3,78.2,关注
C0405,2025-05-01,True,88.5,79.8,52.8,86.0,77.1,关注
C0405,2025-06-01,True,88.5,84.6,52.8,87.0,78.4,关注
C0405,2025-07-01,True,95.6,95.2,52.8,83.0,83.5,健康
C0405,2025-08-01,True,95.6,97.3,52.8,83.0,84.0,健康
C0406,2024-09-01,True,91.1,90.0,15.0,86.0,71.3,关注
C0406,2024-10-01,True,86.7,83.5,15.0,87.0,68.0,关注
C0406,2024-11-01,True,90.8,83.9,15.0,87.0,69.8,关注
C0406,2024-12-01,True,90.8,90.5,15.0,84.7,71.2,关注
C0406,2025-01-01,True,88.1,89.2,15.0,84.7,69.8,关注
C0406,2025-02-01,True,91.1,90.0,15.0,84.0,71.1,关注
C0406,2025-03-01,True,89.4,90.9,15.0,88.0,71.0,关注
C0406,2025-04-01,True,91.1,94.0,15.0,85.0,72.2,关注
C0406,2025-05-01,True,91.1,93.9,15.0,84.0,72.1,关注
C0406,2025-06-01,True,35.6,62.8,15.0,76.7,41.3,高风险
C0406,2025-07-01,True,12.8,19.6,15.0,64.0,20.2,高风险
C0406,2025-08-01,True,1.4,10.0,15.0,48.0,11.6,高风险
C0407,2024-09-01,True,80.2,90.0,52.8,90.0,76.8,关注
C0407,2024-10-01,True,80.2,94.3,52.8,86.0,77.5,关注
C0407,2024-11-01,True,84.7,94.6,52.8,86.0,79.3,关注
C0407,2024-12-01,True,79.3,87.3,52.8,82.0,75.0,关注
C0407,2025-01-01,True,84.7,88.2,52.8,85.5,77.7,关注
C0407,2025-02-01,True,84.7,89.6,52.8,85.0,78.0,关注
C0407,2025-03-01,True,84.7,95.2,52.8,96.0,80.5,健康
C0407,2025-04-01,True,84.7,93.5,52.8,88.0,79.2,关注
C0407,2025-05-01,True,84.7,89.2,52.8,90.0,78.4,关注
C0407,2025-06-01,True,89.1,83.9,52.8,89.3,78.7,关注
C0407,2025-07-01,True,94.5,91.3,52.8,89.3,82.8,健康
C0407,2025-08-01,True,89.1,93.4,52.8,86.0,80.8,健康
C0408,2024-09-01,True,80.2,90.0,15.0,86.0,66.9,关注
C0408,2024-10-01,True,81.7,90.1,15.0,87.0,67.7,关注
C0408,2024-11-01,True,84.6,91.1,15.0,88.0,69.2,关注
C0408,2024-12-01,True,84.1,89.5,15.0,90.0,68.7,关注
C0408,2025-01-01,True,87.2,88.1,15.0,90.0,69.7,关注
C0408,2025-02-01,True,89.3,81.9,15.0,90.7,69.0,关注
C0408,2025-03-01,True,80.9,81.3,15.0,84.0,64.9,关注
C0408,2025-04-01,True,89.6,81.8,15.0,81.3,68.2,关注
C0408,2025-05-01,True,84.1,92.0,15.0,85.3,68.9,关注
C0408,2025-06-01,True,87.5,93.1,15.0,88.7,70.9,关注
C0408,2025-07-01,True,80.4,88.7,15.0,92.0,67.3,关注
C0408,2025-08-01,True,90.6,79.2,15.0,87.3,68.5,关注
C0409,2024-09-01,True,91.1,90.0,52.8,84.0,80.5,健康
C0409,2024-10-01,True,91.1,90.0,52.8,93.0,81.4,健康
C0409,2024-11-01,True,87.4,87.0,52.8,93.0,79.2,关注
C0409,2024-12-01,True,91.1,87.8,52.8,93.0,80.9,健康
C0409,2025-01-01,True,91.1,91.1,52.8,90.0,81.4,健康
C0409,2025-02-01,True,50.6,66.2,52.8,76.0,57.6,高风险
C0409,2025-03-01,True,36.8,32.5,52.8,70.0,43.0,高风险
C0409,2025-04-01,True,41.5,10.0,52.8,63.0,38.6,高风险
C0409,2025-05-01,True,73.3,29.9,52.8,68.0,56.8,高风险
C0409,2025-06-01,True,78.2,100.0,52.8,78.0,77.3,关注
C0409,2025-07-01,True,87.4,100.0,52.8,78.0,80.9,健康
C0409,2025-08-01,True,91.1,100.0,52.8,92.0,83.8,健康
C0410,2024-09-01,True,86.7,90.0,15.0,90.0,69.9,关注
C0410,2024-10-01,True,81.6,88.4,15.0,87.0,67.2,关注
C0410,2024-11-01,True,84.7,84.0,15.0,88.0,67.4,关注
C0410,2024-12-01,True,82.9,85.7,15.0,85.5,66.9,关注
C0410,2025-01-01,True,90.7,91.9,15.0,86.8,71.7,关注
C0410,2025-02-01,True,89.4,95.1,15.0,87.3,72.0,关注
C0410,2025-03-01,True,90.7,99.0,15.0,93.3,74.1,关注
C0410,2025-04-01,True,90.7,92.9,15.0,91.3,72.4,关注
C0410,2025-05-01,True,91.1,89.2,15.0,91.3,71.6,关注
C0410,2025-06-01,True,91.8,82.2,15.0,90.0,70.0,关注
C0410,2025-07-01,True,88.0,83.8,15.0,88.7,68.8,关注
C0410,2025-08-01,True,92.5,79.2,15.0,84.7,69.0,关注
C0411,2024-09-01,True,89.4,90.0,52.8,90.0,80.5,健康
C0411,2024-10-01,True,89.4,90.0,52.8,88.0,80.3,健康
C0411,2024-11-01,True,89.4,90.0,52.8,88.7,80.3,健康
C0411,2024-12-01,True,89.4,90.0,52.8,88.7,80.3,健康
C0411,2025-01-01,True,89.4,90.0,52.8,88.0,80.3,健康
C0411,2025-02-01,True,89.4,90.0,52.8,86.0,80.1,健康
C0411,2025-03-01,True,89.4,82.4,52.8,85.0,78.1,关注
C0411,2025-04-01,True,89.4,74.7,52.8,81.0,75.8,关注
C0411,2025-05-01,True,81.1,62.5,52.8,81.0,69.4,关注
C0411,2025-06-01,True,81.1,63.9,52.8,69.0,68.5,关注
C0411,2025-07-01,True,72.8,60.6,52.8,57.0,63.2,关注
C0411,2025-08-01,True,64.4,61.1,52.8,55.3,59.8,高风险
C0412,2024-09-01,True,83.9,90.0,15.0,82.0,68.0,关注
C0412,2024-10-01,True,88.3,91.2,15.0,90.0,70.9,关注
C0412,2024-11-01,True,83.9,92.7,15.0,90.7,69.5,关注
C0412,2024-12-01,True,82.6,91.7,15.0,91.0,68.8,关注
C0412,2025-01-01,True,86.4,91.2,15.0,91.0,70.2,关注
C0412,2025-02-01,True,90.9,96.0,15.0,92.0,73.3,关注
C0412,2025-03-01,True,87.7,96.1,15.0,94.0,72.3,关注
C0412,2025-04-01,True,86.4,89.7,15.0,90.0,69.7,关注
C0412,2025-05-01,True,88.3,79.9,15.0,88.0,67.9,关注
C0412,2025-06-01,True,94.7,75.3,15.0,87.3,69.2,关注
C0412,2025-07-01,True,95.3,85.5,15.0,88.0,72.1,关注
C0412,2025-08-01,True,90.2,91.0,15.0,90.7,71.6,关注
C0413,2024-09-01,True,81.2,90.0,52.8,92.0,77.4,关注
C0413,2024-10-01,True,74.4,84.3,52.8,92.0,73.2,关注
C0413,2024-11-01,True,81.2,86.2,52.8,90.0,76.2,关注
C0413,2024-12-01,True,91.1,95.7,52.8,89.3,82.5,健康
C0413,2025-01-01,True,85.7,97.4,52.8,89.3,80.8,健康
C0413,2025-02-01,True,85.7,100.0,52.8,86.0,81.1,健康
C0413,2025-03-01,True,85.7,93.6,52.8,89.0,79.8,关注
C0413,2025-04-01,True,85.7,77.5,52.8,90.0,75.8,关注
C0413,2025-05-01,True,85.7,79.9,52.8,92.7,76.7,关注
C0413,2025-06-01,True,91.1,91.3,52.8,94.0,81.9,健康
C0413,2025-07-01,True,95.6,100.0,52.8,95.0,85.9,健康
C0413,2025-08-01,True,95.6,100.0,52.8,98.0,86.2,健康
C0414,2024-09-01,True,82.5,90.0,15.0,90.0,68.2,关注
C0414,2024-10-01,True,86.3,88.3,15.0,85.0,68.9,关注
C0414,2024-11-01,True,83.1,85.7,15.0,84.7,66.9,关注
C0414,2024-12-01,True,81.9,87.1,15.0,84.7,66.7,关注
C0414,2025-01-01,True,81.7,88.9,15.0,86.0,67.3,关注
C0414,2025-02-01,True,86.3,90.2,15.0,91.0,69.9,关注
C0414,2025-03-01,True,86.3,95.3,15.0,90.0,71.1,关注
C0414,2025-04-01,True,87.9,95.5,15.0,89.3,71.7,关注
C0414,2025-05-01,True,85.8,92.6,15.0,86.7,69.9,关注
C0414,2025-06-01,True,85.6,83.4,15.0,86.0,67.4,关注
C0414,2025-07-01,True,90.2,89.3,15.0,88.0,71.0,关注
C0414,2025-08-01,True,91.4,89.2,15.0,85.3,71.1,关注
C0415,2024-09-01,True,91.1,90.0,52.8,86.0,80.7,健康
C0415,2024-10-01,True,91.1,90.0,52.8,85.0,80.6,健康
C0415,2024-11-01,True,88.3,86.3,52.8,84.7,78.6,关注
C0415,2024-12-01,True,88.3,84.5,52.8,86.0,78.3,关注
C0415,2025-01-01,True,90.3,87.8,15.0,86.0,70.4,关注
C0415,2025-02-01,True,91.1,86.3,15.0,88.0,70.6,关注
C0415,2025-03-01,True,90.3,91.3,15.0,86.7,71.4,关注
C0415,2025-04-01,True,91.1,94.6,52.8,86.7,82.0,健康
C0415,2025-05-01,True,90.3,91.2,52.8,85.3,80.7,健康
C0415,2025-06-01,True,35.0,57.2,52.8,76.7,49.2,高风险
C0415,2025-07-01,True,14.3,18.2,15.0,62.7,20.3,高风险
C0415,2025-08-01,True,2.0,10.0,15.0,48.0,11.8,高风险
C0416,2024-09-01,True,81.6,90.0,15.0,80.0,66.9,关注
C0416,2024-10-01,True,78.4,92.3,15.0,77.0,65.9,关注
C0416,2024-11-01,True,83.9,91.8,15.0,80.7,68.3,关注
C0416,2024-12-01,True,82.1,90.2,15.0,83.5,67.5,关注
C0416,2025-01-01,True,86.6,90.8,15.0,83.6,69.4,关注
C0416,2025-02-01,True,87.1,94.7,15.0,90.0,71.3,关注
C0416,2025-03-01,True,83.4,94.6,15.0,88.7,69.6,关注
C0416,2025-04-01,True,86.6,99.5,15.0,89.3,72.2,关注
C0416,2025-05-01,True,83.9,96.8,15.0,87.0,70.2,关注
C0416,2025-06-01,True,92.1,99.5,15.0,86.0,74.1,关注
C0416,2025-07-01,True,87.1,92.1,15.0,96.0,71.2,关注
C0416,2025-08-01,True,86.3,86.0,15.0,95.0,69.2,关注
C0417,2024-09-01,True,81.1,90.0,15.0,80.0,66.7,关注
C0417,2024-10-01,True,78.1,79.2,15.0,86.0,63.4,关注
C0417,2024-11-01,True,84.1,77.0,15.0,90.0,65.6,关注
C0417,2024-12-01,True,87.0,89.7,15.0,88.0,69.8,关注
C0417,2025-01-01,True,85.5,91.9,15.0,89.5,69.9,关注
C0417,2025-02-01,True,82.6,90.5,15.0,87.3,68.1,关注
C0417,2025-03-01,True,82.6,89.2,15.0,84.0,67.5,关注
C0417,2025-04-01,True,85.5,84.4,15.0,84.0,67.5,关注
C0417,2025-05-01,True,85.5,91.0,15.0,85.3,69.2,关注
C0417,2025-06-01,True,82.6,89.8,15.0,86.7,67.9,关注
C0417,2025-07-01,True,88.5,90.1,15.0,86.0,70.3,关注
C0417,2025-08-01,True,88.5,83.0,15.0,82.7,68.2,关注
C0418,2024-09-01,True,80.2,90.0,52.8,82.0,76.0,关注
C0418,2024-10-01,True,80.2,90.0,52.8,84.0,76.2,关注
C0418,2024-11-01,True,87.4,91.7,52.8,84.7,79.5,关注
C0418,2024-12-01,True,82.9,92.5,15.0,84.5,68.5,关注
C0418,2025-01-01,True,82.9,91.3,15.0,84.8,68.2,关注
C0418,2025-02-01,True,62.4,71.3,15.0,82.7,54.8,高风险
C0418,2025-03-01,True,36.5,36.1,15.0,78.7,35.3,高风险
C0418,2025-04-01,True,21.4,10.0,15.0,72.0,22.0,高风险
C0418,2025-05-01,True,16.0,10.0,15.0,69.0,19.6,高风险
C0418,2025-06-01,True,4.4,10.0,15.0,66.0,14.6,高风险
C0418,2025-07-01,True,4.4,10.0,15.0,66.0,14.6,高风险
C0418,2025-08-01,True,0.0,10.0,52.8,59.0,21.6,高风险
C0419,2024-09-01,True,76.7,90.0,52.8,92.0,75.6,关注
C0419,2024-10-01,True,79.8,88.7,52.8,91.0,76.4,关注
C0419,2024-11-01,True,87.4,90.3,52.8,89.3,79.6,关注
C0419,2024-12-01,True,87.4,92.9,52.8,87.5,80.1,健康
C0419,2025-01-01,True,87.4,97.4,15.0,88.8,71.9,关注
C0419,2025-02-01,True,90.5,100.0,15.0,87.3,73.7,关注
C0419,2025-03-01,True,90.5,100.0,15.0,87.3,73.7,关注
C0419,2025-04-01,True,94.9,91.4,15.0,86.7,73.2,关注
C0419,2025-05-01,True,90.5,83.4,52.8,85.3,78.8,关注
C0419,2025-06-01,True,94.9,82.5,52.8,88.0,80.6,健康
C0419,2025-07-01,True,90.5,88.2,52.8,85.3,80.0,健康
C0419,2025-08-01,True,95.6,93.9,52.8,86.7,83.6,健康
C0420,2024-09-01,True,82.2,90.0,15.0,80.0,67.1,关注
C0420,2024-10-01,True,81.2,98.9,15.0,84.0,69.4,关注
C0420,2024-11-01,True,85.7,98.6,15.0,84.0,71.1,关注
C0420,2024-12-01,True,85.7,88.6,15.0,84.0,68.6,关注
C0420,2025-01-01,True,90.8,88.8,15.0,84.0,70.7,关注
C0420,2025-02-01,True,89.1,90.8,15.0,86.7,70.7,关注
C0420,2025-03-01,True,91.8,88.9,15.0,89.3,71.6,关注
C0420,2025-04-01,True,89.1,98.5,52.8,88.7,82.3,健康
C0420,2025-05-01,True,91.8,91.6,52.8,86.7,81.5,健康
C0420,2025-06-01,True,93.5,95.9,15.0,84.7,73.6,关注
C0420,2025-07-01,True,95.6,88.8,15.0,89.3,73.1,关注
C0420,2025-08-01,True,95.6,100.0,15.0,91.3,76.1,关注
C0421,2024-09-01,True,87.4,90.0,52.8,84.0,79.0,关注
C0421,2024-10-01,True,82.9,87.6,52.8,86.0,76.9,关注
C0421,2024-11-01,True,82.9,85.2,52.8,84.0,76.1,关注
C0421,2024-12-01,True,72.2,82.2,52.8,82.5,70.9,关注
C0421,2025-01-01,True,66.0,78.3,52.8,82.4,67.4,关注
C0421,2025-02-01,True,61.5,56.7,52.8,78.7,59.8,高风险
C0421,2025-03-01,True,55.3,51.3,52.8,76.0,55.7,高风险
C0421,2025-04-01,True,50.8,52.5,52.8,73.0,54.0,高风险
C0421,2025-05-01,True,44.6,50.0,52.8,69.0,50.4,高风险
C0421,2025-06-01,True,40.1,52.1,52.8,68.0,49.1,高风险
C0421,2025-07-01,True,33.9,44.4,52.8,68.0,44.7,高风险
C0421,2025-08-01,True,23.2,40.7,52.8,62.0,38.9,高风险
C0422,2024-09-01,True,77.7,90.0,15.0,80.0,65.3,关注
C0422,2024-10-01,True,80.9,89.9,15.0,84.0,67.0,关注
C0422,2024-11-01,True,79.3,93.7,15.0,86.0,67.5,关注
C0422,2024-12-01,True,85.4,95.8,15.0,87.5,70.6,关注
C0422,2025-01-01,True,82.2,92.7,15.0,88.4,68.6,关注
C0422,2025-02-01,True,90.2,96.8,15.0,90.7,73.1,关注
C0422,2025-03-01,True,90.2,98.6,15.0,91.3,73.6,关注
C0422,2025-04-01,True,87.0,95.5,15.0,88.7,71.3,关注
C0422,2025-05-01,True,89.8,93.6,15.0,90.0,72.1,关注
C0422,2025-06-01,True,88.6,85.1,15.0,88.7,69.3,关注
C0422,2025-07-01,True,95.6,86.1,15.0,91.0,72.6,关注
C0422,2025-08-01,True,95.6,93.3,15.0,92.0,74.5,关注
C0423,2024-09-01,True,79.6,90.0,52.8,80.0,75.5,关注
C0423,2024-10-01,True,79.6,96.0,52.8,80.0,77.0,关注
C0423,2024-11-01,True,79.6,96.3,52.8,80.0,77.1,关注
C0423,2024-12-01,True,88.5,93.0,52.8,90.0,80.8,健康
C0423,2025-01-01,True,88.5,92.6,52.8,89.0,80.6,健康
C0423,2025-02-01,True,88.5,96.1,52.8,89.3,81.6,健康
C0423,2025-03-01,True,84.1,85.8,52.8,90.7,77.3,关注
C0423,2025-04-01,True,88.5,89.5,52.8,93.3,80.3,健康
C0423,2025-05-01,True,91.1,96.0,52.8,94.0,83.0,健康
C0423,2025-06-01,True,91.1,100.0,52.8,92.7,83.9,健康
C0423,2025-07-01,True,92.9,100.0,52.8,89.3,84.3,健康
C0423,2025-08-01,True,92.9,94.2,52.8,90.7,83.0,健康
C0424,2024-09-01,True,74.7,90.0,15.0,86.0,64.7,关注
C0424,2024-10-01,True,84.4,98.6,15.0,93.0,71.4,关注
C0424,2024-11-01,True,78.6,99.2,15.0,94.0,69.4,关注
C0424,2024-12-01,True,85.0,93.4,15.0,93.5,70.4,关注
C0424,2025-01-01,True,85.0,92.9,15.0,90.0,70.0,关注
C0424,2025-02-01,True,83.0,95.8,15.0,84.7,69.4,关注
C0424,2025-03-01,True,85.0,88.0,15.0,81.0,67.8,关注
C0424,2025-04-01,True,85.0,94.6,15.0,86.0,70.0,关注
C0424,2025-05-01,True,85.0,96.6,15.0,80.0,69.9,关注
C0424,2025-06-01,True,90.7,98.2,15.0,82.0,72.8,关注
C0424,2025-07-01,True,91.3,85.0,15.0,85.0,70.0,关注
C0424,2025-08-01,True,89.4,80.7,15.0,85.3,68.2,关注
C0425,2024-09-01,True,82.5,90.0,15.0,92.0,68.5,关注
C0425,2024-10-01,True,87.0,81.3,15.0,87.0,67.6,关注
C0425,2024-11-01,True,78.7,75.3,15.0,85.3,62.6,关注
C0425,2024-12-01,True,86.2,83.9,15.0,85.0,67.7,关注
C0425,2025-01-01,True,87.0,89.1,15.0,86.0,69.4,关注
C0425,2025-02-01,True,86.2,89.3,15.0,87.0,69.3,关注
C0425,2025-03-01,True,86.2,96.1,15.0,89.0,71.2,关注
C0425,2025-04-01,True,89.3,98.3,15.0,88.0,72.8,关注
C0425,2025-05-01,True,87.7,92.6,15.0,89.0,70.9,关注
C0425,2025-06-01,True,91.1,92.5,15.0,92.0,72.5,关注
C0425,2025-07-01,True,87.0,89.6,15.0,92.7,70.2,关注
C0425,2025-08-01,True,89.3,89.9,15.0,92.7,71.2,关注
C0426,2024-09-01,True,75.2,90.0,52.8,90.0,74.8,关注
C0426,2024-10-01,True,84.1,97.7,52.8,90.0,80.2,健康
C0426,2024-11-01,True,88.5,100.0,52.8,88.7,82.5,健康
C0426,2024-12-01,True,84.1,95.6,52.8,84.0,79.1,关注
C0426,2025-01-01,True,84.0,92.0,52.8,84.0,78.2,关注
C0426,2025-02-01,True,79.6,88.3,52.8,80.0,75.1,关注
C0426,2025-03-01,True,88.5,86.9,52.8,90.0,79.3,关注
C0426,2025-04-01,True,88.5,83.1,52.8,89.0,78.2,关注
C0426,2025-05-01,True,88.5,99.3,52.8,86.0,82.0,健康
C0426,2025-06-01,True,95.6,100.0,52.8,86.7,85.1,健康
C0426,2025-07-01,True,95.6,100.0,52.8,86.7,85.1,健康
C0426,2025-08-01,True,92.9,97.9,52.8,84.7,83.3,健康
C0427,2024-09-01,True,82.4,90.0,15.0,94.0,68.6,关注
C0427,2024-10-01,True,76.0,77.0,15.0,89.0,62.3,关注
C0427,2024-11-01,True,86.8,79.5,15.0,89.0,67.2,关注
C0427,2024-12-01,True,89.0,95.1,15.0,86.0,71.7,关注
C0427,2025-01-01,True,89.0,94.5,15.0,86.0,71.6,关注
C0427,2025-02-01,True,86.8,95.5,15.0,86.7,71.0,关注
C0427,2025-03-01,True,86.8,94.5,15.0,90.7,71.2,关注
C0427,2025-04-01,True,89.0,83.1,15.0,89.3,69.0,关注
C0427,2025-05-01,True,95.6,91.8,15.0,88.7,73.8,关注
C0427,2025-06-01,True,95.6,90.6,15.0,90.7,73.7,关注
C0427,2025-07-01,True,95.6,99.9,15.0,92.7,76.2,关注
C0427,2025-08-01,True,95.6,97.3,15.0,90.0,75.3,关注
C0428,2024-09-01,True,81.2,90.0,52.8,104.0,78.6,关注
C0428,2024-10-01,True,85.7,81.1,52.8,93.0,77.0,关注
C0428,2024-11-01,True,81.2,89.8,52.8,93.0,77.4,关注
C0428,2024-12-01,True,82.2,93.8,52.8,90.7,78.6,关注
C0428,2025-01-01,True,81.2,88.0,52.8,91.0,76.8,关注
C0428,2025-02-01,True,82.2,81.8,52.8,92.0,75.8,关注
C0428,2025-03-01,True,82.2,87.4,52.8,96.7,77.6,关注
C0428,2025-04-01,True,89.1,76.2,52.8,94.7,77.3,关注
C0428,2025-05-01,True,86.7,85.8,52.8,87.3,78.1,关注
C0428,2025-06-01,True,85.7,90.2,52.8,82.7,78.3,关注
C0428,2025-07-01,True,86.7,89.8,52.8,82.0,78.5,关注
C0428,2025-08-01,True,90.1,94.7,52.8,83.3,81.2,健康
C0429,2024-09-01,True,80.2,90.0,52.8,96.0,77.4,关注
C0429,2024-10-01,True,80.2,92.2,52.8,93.0,77.6,关注
C0429,2024-11-01,True,80.2,89.2,52.8,90.7,76.7,关注
C0429,2024-12-01,True,84.7,85.7,52.8,90.5,77.5,关注
C0429,2025-01-01,True,84.7,89.8,52.8,90.5,78.6,关注
C0429,2025-02-01,True,84.7,90.7,52.8,90.0,78.8,关注
C0429,2025-03-01,True,84.7,95.2,52.8,90.0,79.9,关注
C0429,2025-04-01,True,84.7,100.0,52.8,90.0,81.1,健康
C0429,2025-05-01,True,84.7,93.6,52.8,86.0,79.1,关注
C0429,2025-06-01,True,84.7,92.1,52.8,86.0,78.7,关注
C0429,2025-07-01,True,84.7,84.5,52.8,83.3,76.5,关注
C0429,2025-08-01,True,89.1,91.4,52.8,79.3,79.6,关注
C0430,2024-09-01,True,81.7,90.0,52.8,80.0,76.4,关注
C0430,2024-10-01,True,79.2,86.3,52.8,98.0,76.2,关注
C0430,2024-11-01,True,81.7,88.0,52.8,94.0,77.3,关注
C0430,2024-12-01,True,83.6,90.3,52.8,88.7,78.1,关注
C0430,2025-01-01,True,86.1,88.9,52.8,92.0,79.1,关注
C0430,2025-02-01,True,83.6,86.4,52.8,90.0,77.2,关注
C0430,2025-03-01,True,86.1,89.0,52.8,97.0,79.6,关注
C0430,2025-04-01,True,83.6,86.4,52.8,88.0,77.1,关注
C0430,2025-05-01,True,90.6,91.3,52.8,85.3,80.8,健康
C0430,2025-06-01,True,86.1,86.5,52.8,86.0,77.9,关注
C0430,2025-07-01,True,83.1,82.9,52.8,84.7,75.6,关注
C0430,2025-08-01,True,90.6,77.6,52.8,91.3,77.9,关注
C0431,2024-09-01,True,81.5,90.0,52.8,98.0,78.1,关注
C0431,2024-10-01,True,78.6,78.8,52.8,91.0,73.4,关注
C0431,2024-11-01,True,83.0,79.3,52.8,90.0,75.2,关注
C0431,2024-12-01,True,88.8,89.7,52.8,90.0,80.1,健康
C0431,2025-01-01,True,83.0,89.2,52.8,90.0,77.7,关注
C0431,2025-02-01,True,85.9,89.7,52.8,90.0,79.0,关注
C0431,2025-03-01,True,88.8,97.7,52.8,89.0,82.0,健康
C0431,2025-04-01,True,85.9,93.4,15.0,88.7,70.3,关注
C0431,2025-05-01,True,88.8,97.2,52.8,87.3,81.8,健康
C0431,2025-06-01,True,88.8,93.4,52.8,89.3,81.0,健康
C0431,2025-07-01,True,90.4,97.5,52.8,88.7,82.6,健康
C0431,2025-08-01,True,95.6,92.4,52.8,90.0,83.5,健康
C0432,2024-09-01,True,91.1,90.0,52.8,80.0,80.1,健康
C0432,2024-10-01,True,86.7,88.6,52.8,80.0,78.0,关注
C0432,2024-11-01,True,91.1,92.3,52.8,80.0,80.7,健康
C0432,2024-12-01,True,91.1,94.1,52.8,92.0,82.4,健康
C0432,2025-01-01,True,71.7,85.2,52.8,89.0,72.1,关注
C0432,2025-02-01,True,91.1,82.0,52.8,88.0,79.0,关注
C0432,2025-03-01,True,91.1,78.7,52.8,86.0,77.9,关注
C0432,2025-04-01,True,95.6,94.8,52.8,84.0,83.5,健康
C0432,2025-05-01,True,91.1,96.5,52.8,82.0,82.0,健康
C0432,2025-06-01,True,95.6,100.0,52.8,82.0,84.6,健康
C0432,2025-07-01,True,95.6,87.3,52.8,88.0,82.1,健康
C0432,2025-08-01,True,91.1,90.8,52.8,92.0,81.5,健康
C0433,2024-09-01,True,83.9,90.0,15.0,84.0,68.2,关注
C0433,2024-10-01,True,83.9,84.1,15.0,79.0,66.2,关注
C0433,2024-11-01,True,80.0,86.1,15.0,82.0,65.5,关注
C0433,2024-12-01,True,82.4,90.1,15.0,82.0,67.4,关注
C0433,2025-01-01,True,90.3,91.7,15.0,84.5,71.2,关注
C0433,2025-02-01,True,91.1,98.9,15.0,93.0,74.2,关注
C0433,2025-03-01,True,91.1,100.0,15.0,91.3,74.3,关注
C0433,2025-04-01,True,86.4,94.5,15.0,89.3,70.9,关注
C0433,2025-05-01,True,91.1,83.4,52.8,88.0,79.3,关注
C0433,2025-06-01,True,94.8,80.5,52.8,92.7,80.5,健康
C0433,2025-07-01,True,90.8,87.2,52.8,92.7,80.6,健康
C0433,2025-08-01,True,94.8,95.9,52.8,90.7,84.1,健康
C0434,2024-09-01,True,84.0,90.0,52.8,80.0,77.3,关注
C0434,2024-10-01,True,84.1,85.4,52.8,80.0,76.2,关注
C0434,2024-11-01,True,84.0,85.8,52.8,88.0,77.1,关注
C0434,2024-12-01,True,84.1,89.1,52.8,92.0,78.3,关注
C0434,2025-01-01,True,88.5,88.9,52.8,92.0,80.0,健康
C0434,2025-02-01,True,88.5,92.0,52.8,96.0,81.2,健康
C0434,2025-03-01,True,88.5,97.7,52.8,90.0,82.0,健康
C0434,2025-04-01,True,88.5,96.2,52.8,88.0,81.4,健康
C0434,2025-05-01,True,91.1,93.5,52.8,88.0,81.8,健康
C0434,2025-06-01,True,88.5,88.5,52.8,86.0,79.3,关注
C0434,2025-07-01,True,95.6,91.5,52.8,85.0,82.8,健康
C0434,2025-08-01,True,95.6,94.1,52.8,88.0,83.7,健康
C0435,2024-09-01,True,80.2,90.0,52.8,80.0,75.8,关注
C0435,2024-10-01,True,80.2,100.0,52.8,90.0,79.3,关注
C0435,2024-11-01,True,82.9,100.0,52.8,87.0,80.1,健康
C0435,2024-12-01,True,87.4,97.9,52.8,87.3,81.4,健康
C0435,2025-01-01,True,82.9,90.7,52.8,87.5,77.8,关注
C0435,2025-02-01,True,84.7,88.1,52.8,87.3,77.8,关注
C0435,2025-03-01,True,79.3,74.6,52.8,88.7,72.4,关注
C0435,2025-04-01,True,90.0,79.4,52.8,85.3,77.6,关注
C0435,2025-05-01,True,89.1,86.7,52.8,86.7,79.2,关注
C0435,2025-06-01,True,89.1,93.0,52.8,86.7,80.8,健康
C0435,2025-07-01,True,87.4,93.8,52.8,91.0,80.7,健康
C0435,2025-08-01,True,86.4,92.7,52.8,83.0,79.3,关注
C0436,2024-09-01,True,86.7,90.0,52.8,80.0,78.4,关注
C0436,2024-10-01,True,81.2,81.1,52.8,94.0,75.4,关注
C0436,2024-11-01,True,81.2,82.8,52.8,96.0,76.0,关注
C0436,2024-12-01,True,85.7,90.9,52.8,92.7,79.4,关注
C0436,2025-01-01,True,85.7,86.6,52.8,93.5,78.5,关注
C0436,2025-02-01,True,85.7,83.2,52.8,91.0,77.4,关注
C0436,2025-03-01,True,85.7,89.1,52.8,96.0,79.3,关注
C0436,2025-04-01,True,91.1,94.8,52.8,80.0,81.3,健康
C0436,2025-05-01,True,85.7,99.0,52.8,80.0,80.2,健康
C0436,2025-06-01,True,83.3,90.4,52.8,80.0,77.1,关注
C0436,2025-07-01,True,85.7,82.8,52.8,88.0,77.0,关注
C0436,2025-08-01,True,90.1,80.4,52.8,88.0,78.1,关注
C0437,2024-09-01,True,84.1,90.0,15.0,80.0,67.9,关注
C0437,2024-10-01,True,87.0,82.1,15.0,86.0,67.7,关注
C0437,2024-11-01,True,80.9,78.6,15.0,88.0,64.6,关注
C0437,2024-12-01,True,87.0,82.7,15.0,86.0,67.8,关注
C0437,2025-01-01,True,88.6,87.4,15.0,86.5,69.7,关注
C0437,2025-02-01,True,88.6,83.6,15.0,86.7,68.7,关注
C0437,2025-03-01,True,90.2,100.0,52.8,90.7,83.3,健康
C0437,2025-04-01,True,88.6,98.3,15.0,92.0,73.0,关注
C0437,2025-05-01,True,91.4,98.3,15.0,90.7,74.0,关注
C0437,2025-06-01,True,93.0,83.1,15.0,89.0,70.6,关注
C0437,2025-07-01,True,91.4,80.8,15.0,84.0,68.9,关注
C0437,2025-08-01,True,93.0,80.6,15.0,88.0,69.9,关注
C0438,2024-09-01,True,76.7,90.0,52.8,88.0,75.2,关注
C0438,2024-10-01,True,87.4,94.3,52.8,85.0,80.2,健康
C0438,2024-11-01,True,86.7,100.0,52.8,87.3,81.6,健康
C0438,2024-12-01,True,87.4,96.6,52.8,87.5,81.0,健康
C0438,2025-01-01,True,91.1,91.9,52.8,87.6,81.4,健康
C0438,2025-02-01,True,87.4,94.7,52.8,85.3,80.3,健康
C0438,2025-03-01,True,87.4,93.5,52.8,85.3,80.1,健康
C0438,2025-04-01,True,87.4,90.0,52.8,84.0,79.0,关注
C0438,2025-05-01,True,87.4,88.3,52.8,86.0,78.8,关注
C0438,2025-06-01,True,87.4,83.8,52.8,87.0,77.8,关注
C0438,2025-07-01,True,87.4,87.7,52.8,88.7,78.9,关注
C0438,2025-08-01,True,95.6,100.0,52.8,89.3,85.4,健康
C0439,2024-09-01,True,91.1,90.0,52.8,86.0,80.7,健康
C0439,2024-10-01,True,84.0,83.8,52.8,84.0,76.2,关注
C0439,2024-11-01,True,79.6,77.6,52.8,82.7,72.7,关注
C0439,2024-12-01,True,70.8,77.2,15.0,83.0,59.7,高风险
C0439,2025-01-01,True,66.3,77.0,52.8,82.0,67.2,关注
C0439,2025-02-01,True,61.9,54.1,52.8,78.0,59.3,高风险
C0439,2025-03-01,True,53.1,51.7,52.8,74.0,54.7,高风险
C0439,2025-04-01,True,48.6,52.3,52.8,71.3,52.8,高风险
C0439,2025-05-01,True,44.2,46.7,52.8,69.3,49.5,高风险
C0439,2025-06-01,True,35.4,47.1,52.8,68.0,45.9,高风险
C0439,2025-07-01,True,30.9,40.5,52.8,67.3,42.4,高风险
C0439,2025-08-01,True,22.1,36.0,52.8,65.3,37.6,高风险
C0440,2024-09-01,True,78.6,90.0,52.8,80.0,75.1,关注
C0440,2024-10-01,True,88.8,89.1,52.8,81.0,79.1,关注
C0440,2024-11-01,True,83.0,91.1,52.8,80.7,77.3,关注
C0440,2024-12-01,True,83.0,91.0,52.8,81.5,77.3,关注
C0440,2025-01-01,True,88.8,89.9,52.8,84.0,79.6,关注
C0440,2025-02-01,True,88.8,92.7,52.8,87.3,80.6,健康
C0440,2025-03-01,True,88.8,95.4,52.8,88.0,81.4,健康
C0440,2025-04-01,True,88.8,94.8,52.8,88.0,81.2,健康
C0440,2025-05-01,True,88.8,92.6,52.8,88.7,80.7,健康
C0440,2025-06-01,True,93.2,94.6,52.8,93.3,83.5,健康
C0440,2025-07-01,True,87.5,90.3,52.8,93.0,80.1,健康
C0440,2025-08-01,True,95.6,91.5,52.8,93.0,83.6,健康
C0441,2024-09-01,True,80.2,90.0,52.8,92.0,77.0,关注
C0441,2024-10-01,True,80.2,87.4,52.8,91.0,76.3,关注
C0441,2024-11-01,True,80.2,90.5,52.8,90.7,77.0,关注
C0441,2024-12-01,True,84.7,91.5,52.8,90.7,79.0,关注
C0441,2025-01-01,True,84.7,91.6,52.8,88.5,78.8,关注
C0441,2025-02-01,True,84.7,90.5,52.8,85.0,78.2,关注
C0441,2025-03-01,True,84.7,93.5,52.8,85.0,78.9,关注
C0441,2025-04-01,True,84.7,87.8,52.8,92.0,78.2,关注
C0441,2025-05-01,True,84.7,93.9,52.8,96.0,80.1,健康
C0441,2025-06-01,True,84.7,93.8,52.8,89.0,79.4,关注
C0441,2025-07-01,True,84.7,88.9,52.8,81.0,77.4,关注
C0441,2025-08-01,True,89.1,87.8,52.8,81.0,78.9,关注
C0442,2024-09-01,True,84.2,90.0,15.0,90.0,68.9,关注
C0442,2024-10-01,True,82.5,90.0,15.0,89.0,68.1,关注
C0442,2024-11-01,True,84.2,92.6,15.0,90.0,69.6,关注
C0442,2024-12-01,True,86.9,91.4,15.0,89.0,70.3,关注
C0442,2025-01-01,True,85.2,87.4,15.0,88.8,68.6,关注
C0442,2025-02-01,True,86.9,86.4,15.0,87.3,68.9,关注
C0442,2025-03-01,True,85.2,84.3,15.0,88.7,67.8,关注
C0442,2025-04-01,True,88.7,84.8,15.0,89.3,69.4,关注
C0442,2025-05-01,True,88.7,85.4,52.8,88.7,78.9,关注
C0442,2025-06-01,True,94.9,90.2,52.8,86.7,82.4,健康
C0442,2025-07-01,True,94.9,92.2,52.8,84.7,82.7,健康
C0442,2025-08-01,True,95.6,96.8,52.8,84.0,84.0,健康
C0443,2024-09-01,True,91.1,90.0,15.0,84.0,71.1,关注
C0443,2024-10-01,True,91.1,90.0,15.0,84.0,71.1,关注
C0443,2024-11-01,True,89.1,88.2,15.0,85.0,69.9,关注
C0443,2024-12-01,True,89.1,87.3,15.0,85.3,69.8,关注
C0443,2025-01-01,True,90.5,89.1,15.0,85.5,70.8,关注
C0443,2025-02-01,True,87.7,86.4,15.0,86.7,69.1,关注
C0443,2025-03-01,True,89.1,80.6,15.0,85.3,68.1,关注
C0443,2025-04-01,True,84.9,70.5,15.0,81.3,63.4,关注
C0443,2025-05-01,True,80.6,59.8,15.0,75.3,58.5,高风险
C0443,2025-06-01,True,76.4,58.5,15.0,72.0,56.1,高风险
C0443,2025-07-01,True,72.1,60.0,15.0,62.0,53.8,高风险
C0443,2025-08-01,True,67.9,62.3,15.0,52.0,51.7,高风险
C0444,2024-09-01,True,78.2,90.0,52.8,80.0,75.0,关注
C0444,2024-10-01,True,78.2,90.0,52.8,94.0,76.4,关注
C0444,2024-11-01,True,91.1,91.9,52.8,94.0,82.0,健康
C0444,2024-12-01,True,82.7,90.0,52.8,95.0,78.3,关注
C0444,2025-01-01,True,82.7,88.1,52.8,95.0,77.8,关注
C0444,2025-02-01,True,82.7,87.0,52.8,86.0,76.6,关注
C0444,2025-03-01,True,87.4,93.7,52.8,85.0,80.1,健康
C0444,2025-04-01,True,78.0,88.3,52.8,82.7,74.7,关注
C0444,2025-05-01,True,87.4,90.7,52.8,86.0,79.4,关注
C0444,2025-06-01,True,82.4,77.1,52.8,88.0,74.2,关注
C0444,2025-07-01,True,91.8,89.6,52.8,91.0,81.4,健康
C0444,2025-08-01,True,87.1,87.0,52.8,92.7,79.1,关注
C0445,2024-09-01,True,81.1,90.0,15.0,94.0,68.1,关注
C0445,2024-10-01,True,85.0,94.9,15.0,96.0,71.1,关注
C0445,2024-11-01,True,80.5,100.0,15.0,93.3,70.3,关注
C0445,2024-12-01,True,86.9,94.9,52.8,90.5,80.7,健康
C0445,2025-01-01,True,83.0,88.9,15.0,90.4,68.2,关注
C0445,2025-02-01,True,86.9,86.6,15.0,86.7,68.8,关注
C0445,2025-03-01,True,88.8,89.9,15.0,90.7,70.8,关注
C0445,2025-04-01,True,86.9,94.2,15.0,90.0,71.1,关注
C0445,2025-05-01,True,88.8,100.0,15.0,88.7,73.1,关注
C0445,2025-06-01,True,88.8,92.3,52.8,87.3,80.5,健康
C0445,2025-07-01,True,83.0,84.4,52.8,86.7,76.2,关注
C0445,2025-08-01,True,91.3,82.6,52.8,88.7,79.2,关注
C0446,2024-09-01,True,91.1,90.0,52.8,80.0,80.1,健康
C0446,2024-10-01,True,91.1,90.0,52.8,82.0,80.3,健康
C0446,2024-11-01,True,91.1,90.0,52.8,84.0,80.5,健康
C0446,2024-12-01,True,91.1,90.0,52.8,84.7,80.6,健康
C0446,2025-01-01,True,91.1,90.0,52.8,84.7,80.6,健康
C0446,2025-02-01,True,91.1,90.0,52.8,86.0,80.7,健康
C0446,2025-03-01,True,91.1,90.0,52.8,82.0,80.3,健康
C0446,2025-04-01,True,91.1,90.0,52.8,82.0,80.3,健康
C0446,2025-05-01,True,91.1,90.0,52.8,82.0,80.3,健康
C0446,2025-06-01,True,43.3,58.4,52.8,62.0,51.3,高风险
C0446,2025-07-01,True,19.4,20.6,52.8,57.0,31.8,高风险
C0446,2025-08-01,True,0.0,10.0,52.8,57.0,21.4,高风险
C0447,2024-09-01,True,81.7,90.0,52.8,80.0,76.4,关注
C0447,2024-10-01,True,86.1,91.9,52.8,80.0,78.6,关注
C0447,2024-11-01,True,86.1,92.6,52.8,88.0,79.6,关注
C0447,2024-12-01,True,81.1,88.9,52.8,85.0,76.4,关注
C0447,2025-01-01,True,86.1,87.1,52.8,85.0,77.9,关注
C0447,2025-02-01,True,81.1,81.7,52.8,86.0,74.7,关注
C0447,2025-03-01,True,86.1,90.0,52.8,97.0,79.8,关注
C0447,2025-04-01,True,86.1,97.4,52.8,97.0,81.7,健康
C0447,2025-05-01,True,86.1,100.0,52.8,104.0,83.0,健康
C0447,2025-06-01,True,86.1,93.8,52.8,84.0,79.5,关注
C0447,2025-07-01,True,90.6,88.1,52.8,86.0,80.1,健康
C0447,2025-08-01,True,90.6,87.3,52.8,87.3,80.0,健康
C0448,2024-09-01,True,78.6,90.0,15.0,92.0,66.9,关注
C0448,2024-10-01,True,84.9,93.1,15.0,91.0,70.1,关注
C0448,2024-11-01,True,81.0,92.7,15.0,92.0,68.5,关注
C0448,2024-12-01,True,86.0,89.4,15.0,90.0,69.5,关注
C0448,2025-01-01,True,86.0,89.2,15.0,90.0,69.5,关注
C0448,2025-02-01,True,85.4,85.6,15.0,88.0,68.1,关注
C0448,2025-03-01,True,84.9,84.5,15.0,85.0,67.3,关注
C0448,2025-04-01,True,87.2,91.8,15.0,86.7,70.2,关注
C0448,2025-05-01,True,84.9,97.3,15.0,85.3,70.5,关注
C0448,2025-06-01,True,87.2,100.0,15.0,89.3,72.6,关注
C0448,2025-07-01,True,91.7,93.9,15.0,91.3,73.0,关注
C0448,2025-08-01,True,92.8,97.5,15.0,92.0,74.5,关注
C0449,2024-09-01,True,78.4,90.0,15.0,90.0,66.6,关注
C0449,2024-10-01,True,84.9,100.0,15.0,89.0,71.6,关注
C0449,2024-11-01,True,79.7,97.8,15.0,88.7,68.9,关注
C0449,2024-12-01,True,88.0,87.0,15.0,88.7,69.6,关注
C0449,2025-01-01,True,84.1,93.0,15.0,88.7,69.5,关注
C0449,2025-02-01,True,88.0,95.7,15.0,100.0,72.9,关注
C0449,2025-03-01,True,88.0,90.8,15.0,96.0,71.3,关注
C0449,2025-04-01,True,91.2,95.7,15.0,95.3,73.7,关注
C0449,2025-05-01,True,91.1,94.7,15.0,92.0,73.1,关注
C0449,2025-06-01,True,92.5,90.1,15.0,90.7,72.3,关注
C0449,2025-07-01,True,89.3,88.5,15.0,89.3,70.5,关注
C0449,2025-08-01,True,95.0,84.9,15.0,88.0,71.8,关注
C0450,2024-09-01,True,84.4,90.0,52.8,92.0,78.6,关注
C0450,2024-10-01,True,78.6,91.4,52.8,92.0,76.7,关注
C0450,2024-11-01,True,83.0,91.4,52.8,92.0,78.5,关注
C0450,2024-12-01,True,83.0,88.4,52.8,92.0,77.7,关注
C0450,2025-01-01,True,83.0,87.1,52.8,92.0,77.4,关注
C0450,2025-02-01,True,83.0,84.6,52.8,80.0,75.6,关注
C0450,2025-03-01,True,88.8,90.0,52.8,78.0,79.0,关注
C0450,2025-04-01,True,83.0,89.4,52.8,82.0,77.0,关注
C0450,2025-05-01,True,83.0,87.7,52.8,82.0,76.5,关注
C0450,2025-06-01,True,87.5,79.6,52.8,86.0,76.7,关注
C0450,2025-07-01,True,87.5,90.5,52.8,88.0,79.6,关注
C0450,2025-08-01,True,93.2,96.4,52.8,88.0,83.4,健康
C0451,2024-09-01,True,82.5,90.0,15.0,96.0,68.9,关注
C0451,2024-10-01,True,84.1,92.0,15.0,94.0,69.8,关注
C0451,2024-11-01,True,80.9,90.6,15.0,93.3,68.1,关注
C0451,2024-12-01,True,83.8,86.1,15.0,90.0,67.8,关注
C0451,2025-01-01,True,87.0,87.1,15.0,90.0,69.3,关注
C0451,2025-02-01,True,88.6,89.5,15.0,89.3,70.5,关注
C0451,2025-03-01,True,82.2,91.8,15.0,93.3,68.9,关注
C0451,2025-04-01,True,85.4,93.4,15.0,94.0,70.7,关注
C0451,2025-05-01,True,87.0,84.6,15.0,88.0,68.5,关注
C0451,2025-06-01,True,87.0,88.4,15.0,85.3,69.2,关注
C0451,2025-07-01,True,93.0,95.1,15.0,83.3,73.0,关注
C0451,2025-08-01,True,87.0,97.6,15.0,85.0,71.4,关注
C0452,2024-09-01,True,87.4,90.0,52.8,86.0,79.2,关注
C0452,2024-10-01,True,87.4,90.0,52.8,86.0,79.2,关注
C0452,2024-11-01,True,91.1,92.7,52.8,85.3,81.4,健康
C0452,2024-12-01,True,91.1,94.0,52.8,84.5,81.6,健康
C0452,2025-01-01,True,91.1,92.1,52.8,85.2,81.2,健康
C0452,2025-02-01,True,91.1,95.3,52.8,88.0,82.3,健康
C0452,2025-03-01,True,87.4,90.0,52.8,88.7,79.5,关注
C0452,2025-04-01,True,87.4,84.2,52.8,90.0,78.2,关注
C0452,2025-05-01,True,87.4,74.0,52.8,86.7,75.3,关注
C0452,2025-06-01,True,82.7,66.8,52.8,82.7,71.2,关注
C0452,2025-07-01,True,73.3,54.0,52.8,71.3,63.2,关注
C0452,2025-08-01,True,68.6,50.9,52.8,58.0,59.2,高风险
C0453,2024-09-01,True,83.0,90.0,52.8,84.0,77.3,关注
C0453,2024-10-01,True,78.6,89.5,52.8,89.0,75.9,关注
C0453,2024-11-01,True,78.6,87.6,52.8,86.7,75.2,关注
C0453,2024-12-01,True,88.8,90.0,52.8,86.0,79.8,关注
C0453,2025-01-01,True,83.0,91.9,52.8,86.4,78.0,关注
C0453,2025-02-01,True,83.0,93.3,52.8,88.0,78.5,关注
C0453,2025-03-01,True,83.0,92.4,52.8,88.7,78.4,关注
C0453,2025-04-01,True,87.5,90.3,52.8,88.7,79.6,关注
C0453,2025-05-01,True,93.2,90.6,52.8,88.0,81.9,健康
C0453,2025-06-01,True,87.5,83.5,52.8,94.0,78.5,关注
C0453,2025-07-01,True,93.2,87.9,52.8,92.0,81.7,健康
C0453,2025-08-01,True,87.5,81.1,52.8,93.0,77.8,关注
C0454,2024-09-01,True,81.5,90.0,15.0,86.0,67.5,关注
C0454,2024-10-01,True,79.7,79.3,15.0,85.0,64.0,关注
C0454,2024-11-01,True,81.5,82.6,15.0,88.7,65.9,关注
C0454,2024-12-01,True,84.2,92.0,15.0,89.5,69.4,关注
C0454,2025-01-01,True,84.2,86.6,15.0,88.8,67.9,关注
C0454,2025-02-01,True,87.8,82.2,15.0,88.7,68.3,关注
C0454,2025-03-01,True,84.2,82.3,15.0,92.0,67.2,关注
C0454,2025-04-01,True,88.6,84.7,15.0,90.7,69.4,关注
C0454,2025-05-01,True,88.6,93.5,15.0,94.0,72.0,关注
C0454,2025-06-01,True,92.3,100.0,15.0,88.0,74.5,关注
C0454,2025-07-01,True,92.3,98.3,15.0,90.7,74.3,关注
C0454,2025-08-01,True,92.3,95.0,15.0,87.3,73.1,关注
C0455,2024-09-01,True,89.8,90.0,52.8,80.0,79.6,关注
C0455,2024-10-01,True,78.8,81.4,52.8,82.0,73.3,关注
C0455,2024-11-01,True,77.2,76.0,52.8,81.0,71.2,关注
C0455,2024-12-01,True,71.1,79.5,15.0,81.3,60.2,关注
C0455,2025-01-01,True,66.2,79.3,15.0,80.5,58.1,高风险
C0455,2025-02-01,True,60.2,58.6,15.0,78.0,50.3,高风险
C0455,2025-03-01,True,56.9,57.1,15.0,76.0,48.4,高风险
C0455,2025-04-01,True,47.6,54.3,15.0,72.0,43.6,高风险
C0455,2025-05-01,True,44.3,49.7,15.0,70.7,41.0,高风险
C0455,2025-06-01,True,39.9,48.4,15.0,68.0,38.6,高风险
C0455,2025-07-01,True,33.3,45.8,15.0,67.0,35.2,高风险
C0455,2025-08-01,True,25.6,44.0,15.0,63.0,31.3,高风险
C0456,2024-09-01,True,84.0,90.0,52.8,86.0,77.9,关注
C0456,2024-10-01,True,84.0,96.1,52.8,84.0,79.2,关注
C0456,2024-11-01,True,88.5,98.4,52.8,85.3,81.7,健康
C0456,2024-12-01,True,91.1,94.1,15.0,86.0,72.3,关注
C0456,2025-01-01,True,84.0,93.3,52.8,87.6,78.9,关注
C0456,2025-02-01,True,88.5,91.8,52.8,90.0,80.5,健康
C0456,2025-03-01,True,88.5,81.6,52.8,90.7,78.1,关注
C0456,2025-04-01,True,91.1,77.4,52.8,90.0,78.0,关注
C0456,2025-05-01,True,91.1,90.0,52.8,88.0,80.9,健康
C0456,2025-06-01,True,88.5,92.0,52.8,89.3,80.5,健康
C0456,2025-07-01,True,92.9,94.2,52.8,90.0,82.9,健康
C0456,2025-08-01,True,95.6,82.0,52.8,93.3,81.2,健康
C0457,2024-09-01,True,78.6,90.0,52.8,80.0,75.1,关注
C0457,2024-10-01,True,78.6,89.0,52.8,80.0,74.9,关注
C0457,2024-11-01,True,83.0,90.0,52.8,82.7,77.2,关注
C0457,2024-12-01,True,88.8,93.3,52.8,83.0,80.4,健康
C0457,2025-01-01,True,84.4,94.2,52.8,83.2,78.8,关注
C0457,2025-02-01,True,88.8,100.0,52.8,84.0,82.1,健康
C0457,2025-03-01,True,88.8,100.0,52.8,84.0,82.1,健康
C0457,2025-04-01,True,88.8,96.0,52.8,82.0,80.9,健康
C0457,2025-05-01,True,91.1,88.2,52.8,82.0,79.9,关注
C0457,2025-06-01,True,88.8,91.8,52.8,82.0,79.9,关注
C0457,2025-07-01,True,87.5,84.9,52.8,85.0,77.9,关注
C0457,2025-08-01,True,95.6,86.4,52.8,88.0,81.8,健康
C0458,2024-09-01,True,91.1,90.0,52.8,98.0,81.9,健康
C0458,2024-10-01,True,76.7,79.8,52.8,98.0,73.6,关注
C0458,2024-11-01,True,86.7,82.5,52.8,98.0,78.3,关注
C0458,2024-12-01,True,86.7,94.3,52.8,95.0,80.9,健康
C0458,2025-01-01,True,81.1,86.6,52.8,92.0,76.5,关注
C0458,2025-02-01,True,81.1,74.7,52.8,88.0,73.1,关注
C0458,2025-03-01,True,81.1,71.0,52.8,86.7,72.1,关注
C0458,2025-04-01,True,91.1,84.7,52.8,90.0,79.8,关注
C0458,2025-05-01,True,91.1,100.0,52.8,91.3,83.8,健康
C0458,2025-06-01,True,95.6,100.0,52.8,91.3,85.6,健康
C0458,2025-07-01,True,95.6,100.0,52.8,89.0,85.3,健康
C0458,2025-08-01,True,95.6,97.9,52.8,85.0,84.4,健康
C0459,2024-09-01,True,82.9,90.0,52.8,80.0,76.9,关注
C0459,2024-10-01,True,76.7,87.0,52.8,86.0,74.2,关注
C0459,2024-11-01,True,82.9,87.6,52.8,86.0,76.9,关注
C0459,2024-12-01,True,76.7,87.8,52.8,86.0,74.4,关注
C0459,2025-01-01,True,81.1,86.5,52.8,90.0,76.3,关注
C0459,2025-02-01,True,87.4,83.4,52.8,94.0,78.4,关注
C0459,2025-03-01,True,81.1,90.0,52.8,89.0,77.0,关注
C0459,2025-04-01,True,87.4,93.0,52.8,84.0,79.8,关注
C0459,2025-05-01,True,91.8,94.1,52.8,82.0,81.7,健康
C0459,2025-06-01,True,87.4,91.1,52.8,84.0,79.3,关注
C0459,2025-07-01,True,85.6,82.8,52.8,84.0,76.5,关注
C0459,2025-08-01,True,91.8,84.5,52.8,88.0,79.9,关注
C0460,2024-09-01,True,82.9,90.0,52.8,82.0,77.1,关注
C0460,2024-10-01,True,76.7,75.6,52.8,82.0,71.0,关注
C0460,2024-11-01,True,76.7,75.6,52.8,84.0,71.2,关注
C0460,2024-12-01,True,82.9,94.2,52.8,82.7,78.2,关注
C0460,2025-01-01,True,87.4,92.1,52.8,84.0,79.6,关注
C0460,2025-02-01,True,91.1,97.3,52.8,82.7,82.2,健康
C0460,2025-03-01,True,87.4,95.5,52.8,84.7,80.5,健康
C0460,2025-04-01,True,87.4,96.8,52.8,86.7,81.0,健康
C0460,2025-05-01,True,95.6,98.7,52.8,92.0,85.3,健康
C0460,2025-06-01,True,95.6,100.0,52.8,95.3,86.0,健康
C0460,2025-07-01,True,91.1,100.0,52.8,93.3,84.0,健康
C0460,2025-08-01,True,95.6,98.5,52.8,92.0,85.3,健康
C0461,2024-09-01,True,88.4,90.0,15.0,84.0,70.0,关注
C0461,2024-10-01,True,82.9,86.6,15.0,84.0,67.0,关注
C0461,2024-11-01,True,79.8,82.0,15.0,84.7,64.6,关注
C0461,2024-12-01,True,72.2,80.3,15.0,83.0,61.0,关注
C0461,2025-01-01,True,68.1,79.3,15.0,81.2,58.9,高风险
C0461,2025-02-01,True,63.6,59.9,15.0,76.0,51.8,高风险
C0461,2025-03-01,True,59.4,57.9,15.0,76.0,49.6,高风险
C0461,2025-04-01,True,46.7,55.0,15.0,75.3,43.7,高风险
C0461,2025-05-01,True,42.5,46.4,15.0,72.7,39.6,高风险
C0461,2025-06-01,True,39.1,41.1,15.0,69.3,36.6,高风险
C0461,2025-07-01,True,34.9,41.2,15.0,68.0,34.8,高风险
C0461,2025-08-01,True,27.4,46.0,15.0,68.0,33.0,高风险
C0462,2024-09-01,True,78.6,90.0,15.0,98.0,67.5,关注
C0462,2024-10-01,True,85.6,100.0,15.0,91.0,72.1,关注
C0462,2024-11-01,True,85.0,100.0,15.0,92.0,72.0,关注
C0462,2024-12-01,True,83.0,92.9,15.0,92.0,69.4,关注
C0462,2025-01-01,True,88.1,92.2,15.0,90.5,71.1,关注
C0462,2025-02-01,True,87.6,92.9,15.0,87.0,70.7,关注
C0462,2025-03-01,True,87.6,86.9,15.0,88.0,69.3,关注
C0462,2025-04-01,True,85.6,84.2,15.0,88.0,67.8,关注
C0462,2025-05-01,True,88.6,88.8,15.0,88.0,70.2,关注
C0462,2025-06-01,True,87.1,90.0,15.0,83.0,69.4,关注
C0462,2025-07-01,True,93.6,98.6,15.0,84.0,74.2,关注
C0462,2025-08-01,True,95.6,97.3,15.0,84.0,74.7,关注
C0463,2024-09-01,True,79.2,90.0,52.8,80.0,75.4,关注
C0463,2024-10-01,True,86.7,94.2,52.8,92.0,80.6,健康
C0463,2024-11-01,True,83.6,96.1,52.8,92.0,79.9,关注
C0463,2024-12-01,True,86.7,93.0,52.8,92.0,80.3,健康
C0463,2025-01-01,True,91.1,93.0,52.8,87.0,81.6,健康
C0463,2025-02-01,True,83.6,94.4,52.8,82.0,78.5,关注
C0463,2025-03-01,True,83.6,86.0,52.8,86.0,76.7,关注
C0463,2025-04-01,True,91.1,80.3,52.8,87.0,78.4,关注
C0463,2025-05-01,True,95.6,87.0,52.8,89.3,82.1,健康
C0463,2025-06-01,True,91.1,93.5,52.8,89.0,81.9,健康
C0463,2025-07-01,True,95.6,100.0,52.8,95.0,85.9,健康
C0463,2025-08-01,True,91.1,96.5,52.8,94.0,83.2,健康
C0464,2024-09-01,True,79.2,90.0,52.8,80.0,75.4,关注
C0464,2024-10-01,True,79.2,90.0,52.8,80.0,75.4,关注
C0464,2024-11-01,True,91.1,93.0,52.8,86.0,81.5,健康
C0464,2024-12-01,True,91.1,94.4,52.8,88.0,82.1,健康
C0464,2025-01-01,True,91.1,92.3,52.8,89.3,81.7,健康
C0464,2025-02-01,True,91.1,95.3,52.8,91.0,82.6,健康
C0464,2025-03-01,True,91.1,95.2,52.8,90.0,82.4,健康
C0464,2025-04-01,True,83.6,89.1,52.8,88.0,77.7,关注
C0464,2025-05-01,True,91.1,92.7,52.8,87.0,81.5,健康
C0464,2025-06-01,True,91.1,85.1,52.8,81.0,79.0,关注
C0464,2025-07-01,True,95.6,94.7,52.8,81.0,83.2,健康
C0464,2025-08-01,True,95.6,93.4,52.8,78.0,82.6,健康
C0465,2024-09-01,True,77.7,90.0,52.8,92.0,76.0,关注
C0465,2024-10-01,True,83.7,98.4,52.8,88.0,80.1,健康
C0465,2024-11-01,True,85.1,98.2,52.8,88.0,80.6,健康
C0465,2024-12-01,True,91.1,90.0,52.8,88.7,81.0,健康
C0465,2025-01-01,True,85.1,87.8,52.8,88.5,78.0,关注
C0465,2025-02-01,True,88.1,89.8,52.8,91.3,80.0,健康
C0465,2025-03-01,True,88.1,87.0,52.8,87.3,78.9,关注
C0465,2025-04-01,True,92.6,97.5,52.8,86.7,83.3,健康
C0465,2025-05-01,True,89.6,89.1,52.8,86.7,80.0,健康
C0465,2025-06-01,True,89.6,89.1,52.8,91.3,80.4,健康
C0465,2025-07-01,True,92.6,86.5,52.8,92.7,81.1,健康
C0465,2025-08-01,True,95.6,94.8,52.8,90.0,84.1,健康
C0466,2024-09-01,True,91.1,90.0,52.8,88.0,80.9,健康
C0466,2024-10-01,True,82.9,83.3,52.8,88.0,76.0,关注
C0466,2024-11-01,True,78.2,76.5,52.8,86.7,72.3,关注
C0466,2024-12-01,True,69.1,76.3,52.8,85.0,68.4,关注
C0466,2025-01-01,True,69.1,78.1,52.8,84.8,68.8,关注
C0466,2025-02-01,True,60.0,55.3,52.8,80.7,59.1,高风险
C0466,2025-03-01,True,60.0,59.1,52.8,76.0,59.6,高风险
C0466,2025-04-01,True,50.8,57.2,52.8,71.3,55.0,高风险
C0466,2025-05-01,True,41.5,51.9,52.8,68.7,49.6,高风险
C0466,2025-06-01,True,37.0,42.6,52.8,68.7,45.5,高风险
C0466,2025-07-01,True,32.3,36.4,52.8,67.3,42.0,高风险
C0466,2025-08-01,True,27.9,40.0,52.8,65.3,40.9,高风险
C0467,2024-09-01,True,80.2,90.0,52.8,80.0,75.8,关注
C0467,2024-10-01,True,84.7,92.4,52.8,80.0,78.2,关注
C0467,2024-11-01,True,80.2,90.8,52.8,86.0,76.6,关注
C0467,2024-12-01,True,84.7,91.2,52.8,85.3,78.4,关注
C0467,2025-01-01,True,84.7,91.6,52.8,85.3,78.5,关注
C0467,2025-02-01,True,84.7,89.1,52.8,84.0,77.7,关注
C0467,2025-03-01,True,84.7,80.3,52.8,88.0,75.9,关注
C0467,2025-04-01,True,84.7,82.8,52.8,91.0,76.9,关注
C0467,2025-05-01,True,84.7,96.3,52.8,90.7,80.2,健康
C0467,2025-06-01,True,84.7,99.9,52.8,92.0,81.3,健康
C0467,2025-07-01,True,89.1,97.4,52.8,84.0,81.6,健康
C0467,2025-08-01,True,89.1,78.7,52.8,78.0,76.3,关注
C0468,2024-09-01,True,84.2,90.0,15.0,84.0,68.3,关注
C0468,2024-10-01,True,82.5,81.4,15.0,88.0,65.9,关注
C0468,2024-11-01,True,82.5,80.7,15.0,86.0,65.5,关注
C0468,2024-12-01,True,86.9,87.5,15.0,85.0,68.9,关注
C0468,2025-01-01,True,85.2,85.3,15.0,86.8,67.8,关注
C0468,2025-02-01,True,83.4,78.8,15.0,88.0,65.6,关注
C0468,2025-03-01,True,86.9,81.7,15.0,91.0,68.0,关注
C0468,2025-04-01,True,86.9,90.6,15.0,82.0,69.4,关注
C0468,2025-05-01,True,91.1,100.0,52.8,82.0,82.8,健康
C0468,2025-06-01,True,88.7,100.0,52.8,84.0,82.1,健康
C0468,2025-07-01,True,91.4,100.0,15.0,92.0,74.5,关注
C0468,2025-08-01,True,93.1,90.6,52.8,85.0,81.6,健康
C0469,2024-09-01,True,83.9,90.0,15.0,94.0,69.2,关注
C0469,2024-10-01,True,88.4,85.0,15.0,91.0,69.5,关注
C0469,2024-11-01,True,79.8,81.4,15.0,90.0,65.0,关注
C0469,2024-12-01,True,87.0,87.7,15.0,90.0,69.5,关注
C0469,2025-01-01,True,87.0,92.5,15.0,87.5,70.4,关注
C0469,2025-02-01,True,82.9,94.6,15.0,80.0,68.6,关注
C0469,2025-03-01,True,87.0,95.4,15.0,80.0,70.4,关注
C0469,2025-04-01,True,84.3,85.3,15.0,92.0,68.0,关注
C0469,2025-05-01,True,91.1,83.2,52.8,86.0,79.0,关注
C0469,2025-06-01,True,85.7,84.1,15.0,86.0,67.6,关注
C0469,2025-07-01,True,91.5,100.0,52.8,83.0,83.1,健康
C0469,2025-08-01,True,86.0,95.2,15.0,86.0,70.6,关注
C0470,2024-09-01,True,80.1,90.0,15.0,86.0,66.9,关注
C0470,2024-10-01,True,82.1,94.8,15.0,86.0,68.9,关注
C0470,2024-11-01,True,79.1,93.0,15.0,86.0,67.2,关注
C0470,2024-12-01,True,86.6,87.8,15.0,87.0,69.0,关注
C0470,2025-01-01,True,88.6,92.0,15.0,89.3,71.1,关注
C0470,2025-02-01,True,87.6,93.3,15.0,90.7,71.2,关注
C0470,2025-03-01,True,87.6,96.2,15.0,92.0,72.0,关注
C0470,2025-04-01,True,87.6,94.0,15.0,92.0,71.5,关注
C0470,2025-05-01,True,88.6,95.2,15.0,89.0,71.9,关注
C0470,2025-06-01,True,91.0,89.2,15.0,88.0,71.3,关注
C0470,2025-07-01,True,92.1,86.9,15.0,82.0,70.5,关注
C0470,2025-08-01,True,91.0,80.9,15.0,83.3,68.7,关注
C0471,2024-09-01,True,89.4,90.0,52.8,80.0,79.5,关注
C0471,2024-10-01,True,85.0,87.6,52.8,84.0,77.5,关注
C0471,2024-11-01,True,76.7,80.2,52.8,83.0,72.2,关注
C0471,2024-12-01,True,72.2,77.4,52.8,83.0,69.7,关注
C0471,2025-01-01,True,72.2,80.6,52.8,83.0,70.6,关注
C0471,2025-02-01,True,59.4,59.5,52.8,80.0,59.9,高风险
C0471,2025-03-01,True,59.4,58.4,52.8,80.0,59.6,高风险
C0471,2025-04-01,True,46.7,51.0,52.8,72.0,51.8,高风险
C0471,2025-05-01,True,46.7,49.0,52.8,71.0,51.2,高风险
C0471,2025-06-01,True,33.9,40.4,52.8,70.0,43.9,高风险
C0471,2025-07-01,True,33.9,43.0,52.8,69.0,44.4,高风险
C0471,2025-08-01,True,29.4,39.1,52.8,64.0,41.1,高风险
C0472,2024-09-01,True,81.9,90.0,15.0,94.0,68.4,关注
C0472,2024-10-01,True,80.0,90.6,15.0,91.0,67.5,关注
C0472,2024-11-01,True,86.4,92.3,15.0,88.7,70.2,关注
C0472,2024-12-01,True,90.3,94.2,15.0,89.5,72.4,关注
C0472,2025-01-01,True,88.3,91.3,15.0,87.2,70.6,关注
C0472,2025-02-01,True,86.4,89.6,15.0,85.0,69.2,关注
C0472,2025-03-01,True,90.3,80.3,15.0,81.0,68.1,关注
C0472,2025-04-01,True,88.3,82.6,15.0,84.0,68.1,关注
C0472,2025-05-01,True,92.8,91.1,15.0,85.3,72.2,关注
C0472,2025-06-01,True,94.8,96.1,52.8,88.0,83.9,健康
C0472,2025-07-01,True,95.6,97.6,52.8,88.0,84.6,健康
C0472,2025-08-01,True,95.6,96.2,15.0,88.0,74.8,关注
C0473,2024-09-01,True,79.2,90.0,52.8,88.0,76.2,关注
C0473,2024-10-01,True,79.2,87.2,52.8,88.0,75.5,关注
C0473,2024-11-01,True,83.6,86.3,52.8,86.0,76.8,关注
C0473,2024-12-01,True,83.6,90.0,52.8,87.3,77.9,关注
C0473,2025-01-01,True,79.2,89.5,52.8,87.0,75.9,关注
C0473,2025-02-01,True,91.1,90.8,52.8,90.0,81.3,健康
C0473,2025-03-01,True,91.1,94.5,52.8,87.3,82.0,健康
C0473,2025-04-01,True,83.6,100.0,52.8,85.3,80.2,健康
C0473,2025-05-01,True,91.1,95.3,52.8,84.0,81.9,健康
C0473,2025-06-01,True,95.6,92.4,52.8,86.0,83.1,健康
C0473,2025-07-01,True,95.6,90.0,52.8,88.0,82.7,健康
C0473,2025-08-01,True,95.6,95.8,52.8,86.7,84.0,健康
C0474,2024-09-01,True,81.1,90.0,52.8,80.0,76.1,关注
C0474,2024-10-01,True,76.7,90.0,52.8,80.0,74.4,关注
C0474,2024-11-01,True,76.7,93.8,52.8,85.0,75.8,关注
C0474,2024-12-01,True,76.7,93.3,52.8,87.3,75.9,关注
C0474,2025-01-01,True,81.1,87.2,52.8,87.3,76.2,关注
C0474,2025-02-01,True,91.1,90.0,52.8,92.0,81.3,健康
C0474,2025-03-01,True,91.1,97.9,52.8,84.0,82.5,健康
C0474,2025-04-01,True,91.1,100.0,52.8,86.0,83.2,健康
C0474,2025-05-01,True,95.6,100.0,52.8,85.3,85.0,健康
C0474,2025-06-01,True,91.1,100.0,52.8,88.0,83.4,健康
C0474,2025-07-01,True,95.6,89.5,52.8,88.0,82.6,健康
C0474,2025-08-01,True,95.6,86.5,52.8,92.0,82.3,健康
C0475,2024-09-01,True,78.2,90.0,15.0,82.0,65.7,关注
C0475,2024-10-01,True,80.6,91.9,15.0,88.0,67.8,关注
C0475,2024-11-01,True,87.4,97.4,15.0,89.3,72.0,关注
C0475,2024-12-01,True,85.0,93.3,15.0,89.5,70.0,关注
C0475,2025-01-01,True,85.0,85.6,15.0,88.8,68.0,关注
C0475,2025-02-01,True,82.7,80.1,15.0,88.0,65.7,关注
C0475,2025-03-01,True,87.4,85.9,15.0,84.0,68.6,关注
C0475,2025-04-01,True,87.4,95.9,15.0,86.0,71.3,关注
C0475,2025-05-01,True,89.5,100.0,15.0,87.3,73.3,关注
C0475,2025-06-01,True,87.1,91.1,15.0,86.7,70.0,关注
C0475,2025-07-01,True,85.0,77.8,15.0,88.7,66.1,关注
C0475,2025-08-01,True,89.5,72.6,15.0,90.7,66.8,关注
C0476,2024-09-01,True,77.7,90.0,15.0,80.0,65.3,关注
C0476,2024-10-01,True,82.1,98.0,15.0,83.0,69.4,关注
C0476,2024-11-01,True,88.1,100.0,15.0,82.7,72.3,关注
C0476,2024-12-01,True,88.9,99.5,15.0,84.5,72.6,关注
C0476,2025-01-01,True,82.1,93.2,15.0,86.8,68.6,关注
C0476,2025-02-01,True,86.6,100.0,15.0,91.3,72.5,关注
C0476,2025-03-01,True,85.8,84.6,15.0,90.0,68.2,关注
C0476,2025-04-01,True,88.9,92.7,15.0,86.0,71.1,关注
C0476,2025-05-01,True,85.1,85.8,15.0,85.0,67.7,关注
C0476,2025-06-01,True,95.6,95.7,15.0,87.0,74.6,关注
C0476,2025-07-01,True,83.6,80.3,15.0,89.0,66.2,关注
C0476,2025-08-01,True,88.1,82.4,15.0,88.7,68.4,关注
C0477,2024-09-01,True,78.2,90.0,15.0,74.0,64.9,关注
C0477,2024-10-01,True,79.3,94.1,15.0,76.0,66.6,关注
C0477,2024-11-01,True,86.1,97.7,15.0,81.3,70.7,关注
C0477,2024-12-01,True,87.2,93.8,15.0,83.0,70.4,关注
C0477,2025-01-01,True,86.1,91.6,15.0,83.2,69.4,关注
C0477,2025-02-01,True,87.2,96.6,15.0,86.0,71.4,关注
C0477,2025-03-01,True,82.6,95.7,15.0,89.3,69.7,关注
C0477,2025-04-01,True,82.6,91.5,15.0,90.0,68.7,关注
C0477,2025-05-01,True,86.6,89.3,15.0,94.0,70.1,关注
C0477,2025-06-01,True,83.8,82.2,15.0,92.0,67.0,关注
C0477,2025-07-01,True,82.6,83.1,15.0,96.0,67.2,关注
C0477,2025-08-01,True,89.9,77.9,15.0,90.0,68.2,关注
C0478,2024-09-01,True,82.9,90.0,52.8,92.0,78.1,关注
C0478,2024-10-01,True,82.9,93.3,52.8,92.0,78.9,关注
C0478,2024-11-01,True,82.9,96.6,52.8,90.0,79.5,关注
C0478,2024-12-01,True,87.4,92.7,52.8,88.0,80.1,健康
C0478,2025-01-01,True,76.7,84.6,52.8,88.0,73.8,关注
C0478,2025-02-01,True,87.4,80.4,52.8,84.0,76.6,关注
C0478,2025-03-01,True,81.1,76.1,52.8,88.0,73.5,关注
C0478,2025-04-01,True,87.4,92.2,52.8,88.0,80.0,健康
C0478,2025-05-01,True,87.4,96.1,52.8,87.0,80.9,健康
C0478,2025-06-01,True,85.6,93.6,52.8,85.0,79.3,关注
C0478,2025-07-01,True,87.4,81.4,52.8,87.3,77.2,关注
C0478,2025-08-01,True,87.4,79.0,52.8,88.0,76.7,关注
C0479,2024-09-01,True,78.6,90.0,15.0,80.0,65.7,关注
C0479,2024-10-01,True,81.5,87.2,15.0,87.0,66.8,关注
C0479,2024-11-01,True,78.6,91.2,15.0,86.7,66.6,关注
C0479,2024-12-01,True,85.9,95.7,52.8,88.5,80.3,健康
C0479,2025-01-01,True,85.9,92.4,52.8,88.8,79.5,关注
C0479,2025-02-01,True,83.0,94.0,52.8,92.0,79.1,关注
C0479,2025-03-01,True,85.9,93.2,15.0,88.0,70.2,关注
C0479,2025-04-01,True,80.1,86.6,15.0,84.0,65.8,关注
C0479,2025-05-01,True,88.8,95.8,15.0,85.3,71.7,关注
C0479,2025-06-01,True,87.5,89.5,52.8,85.0,79.1,关注
C0479,2025-07-01,True,93.2,97.1,15.0,88.0,74.1,关注
C0479,2025-08-01,True,90.4,82.0,15.0,80.0,68.4,关注
C0480,2024-09-01,True,91.1,90.0,52.8,86.0,80.7,健康
C0480,2024-10-01,True,91.1,90.0,52.8,86.0,80.7,健康
C0480,2024-11-01,True,91.1,91.6,52.8,85.3,81.1,健康
C0480,2024-12-01,True,88.1,90.0,52.8,86.0,79.5,关注
C0480,2025-01-01,True,91.1,88.2,52.8,86.0,80.3,健康
C0480,2025-02-01,True,91.1,88.2,52.8,87.3,80.4,健康
C0480,2025-03-01,True,88.1,90.0,52.8,86.7,79.6,关注
C0480,2025-04-01,True,91.1,90.0,52.8,88.0,80.9,健康
C0480,2025-05-01,True,91.1,88.1,52.8,86.7,80.3,健康
C0480,2025-06-01,True,37.3,57.3,52.8,78.0,50.3,高风险
C0480,2025-07-01,True,13.4,19.3,52.8,62.7,29.7,高风险
C0480,2025-08-01,True,0.0,10.0,52.8,50.0,20.7,高风险
C0481,2024-09-01,True,78.8,90.0,52.8,70.0,74.2,关注
C0481,2024-10-01,True,82.1,91.4,52.8,77.0,76.6,关注
C0481,2024-11-01,True,83.3,91.9,52.8,82.7,77.7,关注
C0481,2024-12-01,True,85.4,92.2,52.8,84.0,78.8,关注
C0481,2025-01-01,True,86.5,92.8,52.8,85.2,79.5,关注
C0481,2025-02-01,True,86.5,92.4,52.8,88.0,79.7,关注
C0481,2025-03-01,True,87.7,85.0,52.8,88.7,78.4,关注
C0481,2025-04-01,True,86.5,81.4,52.8,88.0,77.0,关注
C0481,2025-05-01,True,86.5,91.3,15.0,84.7,69.7,关注
C0481,2025-06-01,True,91.0,95.3,52.8,86.7,82.1,健康
C0481,2025-07-01,True,86.5,99.7,15.0,86.7,72.0,关注
C0481,2025-08-01,True,91.0,92.1,15.0,92.0,72.4,关注
C0482,2024-09-01,True,83.5,90.0,52.8,88.0,77.9,关注
C0482,2024-10-01,True,81.2,87.7,52.8,88.0,76.4,关注
C0482,2024-11-01,True,81.2,86.9,52.8,86.7,76.1,关注
C0482,2024-12-01,True,81.2,88.8,52.8,86.5,76.5,关注
C0482,2025-01-01,True,81.2,89.4,15.0,86.4,67.2,关注
C0482,2025-02-01,True,83.5,90.0,15.0,85.3,68.2,关注
C0482,2025-03-01,True,83.5,92.8,15.0,86.0,68.9,关注
C0482,2025-04-01,True,85.8,95.6,15.0,85.3,70.5,关注
C0482,2025-05-01,True,83.5,94.1,52.8,84.7,78.6,关注
C0482,2025-06-01,True,74.5,76.2,52.8,81.3,70.2,关注
C0482,2025-07-01,True,42.8,41.9,15.0,73.3,38.7,高风险
C0482,2025-08-01,True,24.7,10.3,15.0,64.0,22.6,高风险
C0483,2024-09-01,True,84.7,90.0,52.8,80.0,77.6,关注
C0483,2024-10-01,True,79.9,88.6,52.8,82.0,75.5,关注
C0483,2024-11-01,True,82.3,91.1,52.8,82.0,77.1,关注
C0483,2024-12-01,True,84.7,96.5,52.8,80.0,79.2,关注
C0483,2025-01-01,True,86.8,94.4,52.8,84.0,79.9,关注
C0483,2025-02-01,True,89.2,100.0,52.8,84.0,82.3,健康
C0483,2025-03-01,True,89.2,89.9,52.8,87.0,80.0,健康
C0483,2025-04-01,True,91.1,89.6,52.8,87.0,80.7,健康
C0483,2025-05-01,True,89.2,83.6,52.8,85.0,78.3,关注
C0483,2025-06-01,True,86.8,91.6,15.0,86.0,70.0,关注
C0483,2025-07-01,True,93.6,87.1,15.0,82.7,71.2,关注
C0483,2025-08-01,True,95.6,94.6,15.0,85.3,74.1,关注
C0484,2024-09-01,True,81.2,90.0,52.8,80.0,76.2,关注
C0484,2024-10-01,True,81.2,91.9,52.8,92.0,77.9,关注
C0484,2024-11-01,True,85.7,87.7,52.8,92.0,78.6,关注
C0484,2024-12-01,True,85.7,80.6,52.8,92.0,76.8,关注
C0484,2025-01-01,True,85.7,83.5,52.8,90.7,77.4,关注
C0484,2025-02-01,True,85.7,75.8,52.8,90.0,75.4,关注
C0484,2025-03-01,True,91.1,93.5,52.8,88.0,81.8,健康
C0484,2025-04-01,True,85.7,97.9,52.8,92.0,81.1,健康
C0484,2025-05-01,True,85.7,95.6,52.8,92.0,80.6,健康
C0484,2025-06-01,True,78.8,74.5,52.8,92.0,72.6,关注
C0484,2025-07-01,True,90.1,78.3,52.8,96.0,78.4,关注
C0484,2025-08-01,True,90.1,83.4,52.8,96.0,79.7,关注
C0485,2024-09-01,True,80.2,90.0,15.0,96.0,67.9,关注
C0485,2024-10-01,True,77.2,79.4,15.0,90.0,63.5,关注
C0485,2024-11-01,True,84.7,76.5,15.0,90.7,65.8,关注
C0485,2024-12-01,True,84.7,83.8,15.0,92.0,67.8,关注
C0485,2025-01-01,True,87.7,85.3,15.0,90.0,69.2,关注
C0485,2025-02-01,True,87.7,85.0,15.0,90.7,69.2,关注
C0485,2025-03-01,True,95.2,98.6,15.0,86.0,75.1,关注
C0485,2025-04-01,True,86.2,100.0,15.0,88.0,72.0,关注
C0485,2025-05-01,True,92.2,94.7,15.0,87.0,73.0,关注
C0485,2025-06-01,True,93.7,92.2,15.0,87.0,73.0,关注
C0485,2025-07-01,True,95.6,95.4,15.0,87.0,74.5,关注
C0485,2025-08-01,True,89.3,100.0,15.0,87.0,73.2,关注
C0486,2024-09-01,True,83.9,90.0,15.0,88.0,68.6,关注
C0486,2024-10-01,True,80.5,79.7,15.0,88.0,64.7,关注
C0486,2024-11-01,True,82.4,80.5,15.0,90.0,65.8,关注
C0486,2024-12-01,True,88.3,90.8,15.0,88.5,70.6,关注
C0486,2025-01-01,True,88.3,91.7,15.0,88.5,70.9,关注
C0486,2025-02-01,True,88.3,93.5,15.0,84.0,70.9,关注
C0486,2025-03-01,True,86.4,100.0,15.0,90.0,72.3,关注
C0486,2025-04-01,True,86.4,93.2,15.0,92.0,70.8,关注
C0486,2025-05-01,True,80.5,89.7,15.0,92.0,67.5,关注
C0486,2025-06-01,True,88.8,81.9,52.8,91.3,78.4,关注
C0486,2025-07-01,True,90.8,84.4,52.8,92.0,79.8,关注
C0486,2025-08-01,True,88.8,92.2,52.8,90.0,80.8,健康
C0487,2024-09-01,True,82.3,90.0,15.0,86.0,67.8,关注
C0487,2024-10-01,True,84.9,91.6,15.0,86.0,69.2,关注
C0487,2024-11-01,True,90.2,88.4,15.0,90.0,70.9,关注
C0487,2024-12-01,True,83.1,85.2,15.0,90.0,67.3,关注
C0487,2025-01-01,True,88.5,90.0,15.0,90.0,70.6,关注
C0487,2025-02-01,True,88.5,93.6,15.0,90.0,71.5,关注
C0487,2025-03-01,True,91.1,99.0,15.0,90.0,73.9,关注
C0487,2025-04-01,True,86.7,95.2,15.0,85.3,70.8,关注
C0487,2025-05-01,True,88.5,88.1,15.0,88.0,70.0,关注
C0487,2025-06-01,True,91.1,89.1,15.0,86.0,71.1,关注
C0487,2025-07-01,True,95.6,100.0,15.0,91.0,76.1,关注
C0487,2025-08-01,True,95.6,100.0,15.0,84.0,75.4,关注
C0488,2024-09-01,True,82.8,90.0,52.8,80.0,76.8,关注
C0488,2024-10-01,True,78.4,89.7,52.8,88.0,75.8,关注
C0488,2024-11-01,True,83.6,91.1,52.8,88.0,78.2,关注
C0488,2024-12-01,True,85.4,92.9,52.8,87.3,79.3,关注
C0488,2025-01-01,True,88.0,92.1,52.8,87.3,80.2,健康
C0488,2025-02-01,True,85.4,94.8,52.8,89.0,80.0,健康
C0488,2025-03-01,True,88.0,89.3,52.8,90.0,79.7,关注
C0488,2025-04-01,True,85.4,87.8,52.8,90.0,78.3,关注
C0488,2025-05-01,True,87.3,82.7,52.8,89.0,77.7,关注
C0488,2025-06-01,True,87.3,87.1,52.8,91.0,79.0,关注
C0488,2025-07-01,True,92.5,89.1,52.8,90.0,81.5,健康
C0488,2025-08-01,True,89.9,97.4,52.8,86.7,82.2,健康
C0489,2024-09-01,True,83.6,90.0,15.0,90.0,68.7,关注
C0489,2024-10-01,True,87.4,87.5,15.0,90.0,69.6,关注
C0489,2024-11-01,True,78.6,85.0,15.0,90.0,65.4,关注
C0489,2024-12-01,True,86.6,85.4,15.0,90.0,68.8,关注
C0489,2025-01-01,True,86.6,87.8,15.0,89.5,69.3,关注
C0489,2025-02-01,True,85.2,81.5,15.0,82.7,66.5,关注
C0489,2025-03-01,True,85.9,84.9,15.0,84.0,67.7,关注
C0489,2025-04-01,True,86.6,89.4,15.0,82.0,69.0,关注
C0489,2025-05-01,True,85.9,93.7,15.0,90.0,70.5,关注
C0489,2025-06-01,True,85.2,97.2,15.0,88.0,70.9,关注
C0489,2025-07-01,True,85.2,89.3,15.0,94.0,69.6,关注
C0489,2025-08-01,True,83.8,84.1,15.0,92.0,67.5,关注
C0490,2024-09-01,True,87.1,90.0,15.0,90.0,70.1,关注
C0490,2024-10-01,True,89.2,91.9,15.0,87.0,71.1,关注
C0490,2024-11-01,True,88.2,91.9,15.0,87.3,70.7,关注
C0490,2024-12-01,True,87.6,89.8,15.0,87.0,69.9,关注
C0490,2025-01-01,True,91.1,90.9,15.0,87.0,71.6,关注
C0490,2025-02-01,True,91.1,94.0,15.0,89.0,72.6,关注
C0490,2025-03-01,True,89.7,94.9,15.0,89.0,72.3,关注
C0490,2025-04-01,True,89.7,85.3,15.0,87.3,69.7,关注
C0490,2025-05-01,True,84.5,70.5,15.0,82.0,63.3,关注
C0490,2025-06-01,True,79.2,56.2,15.0,76.0,57.1,高风险
C0490,2025-07-01,True,73.9,53.9,15.0,67.3,53.5,高风险
C0490,2025-08-01,True,68.6,54.1,15.0,56.7,50.4,高风险
C0491,2024-09-01,True,89.1,90.0,52.8,86.0,79.9,关注
C0491,2024-10-01,True,82.9,86.1,52.8,84.0,76.3,关注
C0491,2024-11-01,True,79.5,81.0,52.8,83.3,73.6,关注
C0491,2024-12-01,True,73.4,80.3,52.8,82.5,70.9,关注
C0491,2025-01-01,True,69.9,80.3,52.8,81.6,69.4,关注
C0491,2025-02-01,True,62.1,60.7,52.8,79.0,61.1,关注
C0491,2025-03-01,True,58.7,57.4,52.8,74.0,58.4,高风险
C0491,2025-04-01,True,50.8,54.8,52.8,70.0,54.2,高风险
C0491,2025-05-01,True,44.0,49.0,52.8,69.3,50.0,高风险
C0491,2025-06-01,True,41.3,47.6,52.8,67.3,48.3,高风险
C0491,2025-07-01,True,37.9,45.9,52.8,66.0,46.4,高风险
C0491,2025-08-01,True,23.2,44.1,52.8,64.0,39.9,高风险
C0492,2024-09-01,True,84.7,90.0,52.8,94.0,79.0,关注
C0492,2024-10-01,True,91.1,99.8,52.8,91.0,83.7,健康
C0492,2024-11-01,True,86.7,100.0,52.8,88.0,81.7,健康
C0492,2024-12-01,True,91.1,94.5,52.8,90.0,82.3,健康
C0492,2025-01-01,True,91.1,92.3,52.8,88.8,81.6,健康
C0492,2025-02-01,True,49.9,67.9,52.8,90.0,59.1,高风险
C0492,2025-03-01,True,34.8,28.8,52.8,69.0,41.2,高风险
C0492,2025-04-01,True,45.5,10.0,52.8,54.0,39.3,高风险
C0492,2025-05-01,True,74.0,29.4,52.8,68.0,56.9,高风险
C0492,2025-06-01,True,80.2,100.0,52.8,86.0,78.9,关注
C0492,2025-07-01,True,80.2,100.0,52.8,89.3,79.2,关注
C0492,2025-08-01,True,86.7,100.0,52.8,93.3,82.2,健康
C0493,2024-09-01,True,85.7,90.0,52.8,92.0,79.2,关注
C0493,2024-10-01,True,85.7,91.9,52.8,91.0,79.5,关注
C0493,2024-11-01,True,86.7,96.8,52.8,89.3,81.0,健康
C0493,2024-12-01,True,85.7,95.7,52.8,87.5,80.1,健康
C0493,2025-01-01,True,91.1,91.3,52.8,87.5,81.2,健康
C0493,2025-02-01,True,85.7,94.0,52.8,90.0,80.0,健康
C0493,2025-03-01,True,85.7,88.2,52.8,93.0,78.8,关注
C0493,2025-04-01,True,85.7,86.5,52.8,92.0,78.3,关注
C0493,2025-05-01,True,91.1,95.0,52.8,89.3,82.3,健康
C0493,2025-06-01,True,90.1,100.0,52.8,90.0,83.2,健康
C0493,2025-07-01,True,90.1,99.0,52.8,90.0,83.0,健康
C0493,2025-08-01,True,95.6,88.7,52.8,92.0,82.8,健康
C0494,2024-09-01,True,78.8,90.0,52.8,86.0,75.8,关注
C0494,2024-10-01,True,75.6,86.3,52.8,90.0,74.0,关注
C0494,2024-11-01,True,78.8,89.8,52.8,90.0,76.2,关注
C0494,2024-12-01,True,86.5,96.2,52.8,89.5,80.8,健康
C0494,2025-01-01,True,86.5,95.8,52.8,89.6,80.7,健康
C0494,2025-02-01,True,86.5,100.0,52.8,90.7,81.9,健康
C0494,2025-03-01,True,86.5,100.0,52.8,90.0,81.8,健康
C0494,2025-04-01,True,86.5,95.5,52.8,90.0,80.7,健康
C0494,2025-05-01,True,83.3,90.2,52.8,90.0,78.1,关注
C0494,2025-06-01,True,86.5,84.3,52.8,89.0,77.8,关注
C0494,2025-07-01,True,91.0,83.3,52.8,88.0,79.2,关注
C0494,2025-08-01,True,87.7,91.1,52.8,85.0,79.6,关注
C0495,2024-09-01,True,78.9,90.0,52.8,94.0,76.7,关注
C0495,2024-10-01,True,78.9,83.6,52.8,91.0,74.8,关注
C0495,2024-11-01,True,83.5,88.6,52.8,90.0,77.7,关注
C0495,2024-12-01,True,87.9,94.4,15.0,88.0,71.3,关注
C0495,2025-01-01,True,87.9,91.1,15.0,88.0,70.5,关注
C0495,2025-02-01,True,90.2,100.0,15.0,82.0,73.0,关注
C0495,2025-03-01,True,91.1,100.0,15.0,88.0,74.0,关注
C0495,2025-04-01,True,95.6,100.0,15.0,89.0,75.9,关注
C0495,2025-05-01,True,92.4,88.7,15.0,89.3,71.8,关注
C0495,2025-06-01,True,95.6,83.0,15.0,85.3,71.3,关注
C0495,2025-07-01,True,91.1,81.8,15.0,85.3,69.2,关注
C0495,2025-08-01,True,94.6,91.3,15.0,84.0,72.8,关注
C0496,2024-09-01,True,79.7,90.0,15.0,90.0,67.1,关注
C0496,2024-10-01,True,86.0,89.4,15.0,90.0,69.5,关注
C0496,2024-11-01,True,79.7,87.1,15.0,84.7,65.9,关注
C0496,2024-12-01,True,83.4,87.2,15.0,83.5,67.2,关注
C0496,2025-01-01,True,77.9,88.3,15.0,85.6,65.5,关注
C0496,2025-02-01,True,87.8,88.1,15.0,89.3,69.8,关注
C0496,2025-03-01,True,87.8,91.2,15.0,92.7,71.0,关注
C0496,2025-04-01,True,86.0,96.1,15.0,95.3,71.7,关注
C0496,2025-05-01,True,87.8,93.6,15.0,91.3,71.4,关注
C0496,2025-06-01,True,92.3,88.3,15.0,91.3,71.9,关注
C0496,2025-07-01,True,90.4,84.1,15.0,85.3,69.5,关注
C0496,2025-08-01,True,90.4,79.9,52.8,86.0,77.9,关注
C0497,2024-09-01,True,80.2,90.0,15.0,88.0,67.1,关注
C0497,2024-10-01,True,82.5,88.6,15.0,94.0,68.3,关注
C0497,2024-11-01,True,81.7,89.6,15.0,96.0,68.4,关注
C0497,2024-12-01,True,78.1,91.6,15.0,93.5,67.2,关注
C0497,2025-01-01,True,88.3,93.4,15.0,92.8,71.7,关注
C0497,2025-02-01,True,89.7,100.0,15.0,88.0,73.4,关注
C0497,2025-03-01,True,88.3,100.0,15.0,88.0,72.9,关注
C0497,2025-04-01,True,91.1,100.0,15.0,90.7,74.3,关注
C0497,2025-05-01,True,92.7,92.8,15.0,91.3,73.2,关注
C0497,2025-06-01,True,89.0,84.7,15.0,90.7,69.6,关注
C0497,2025-07-01,True,94.8,83.0,15.0,88.0,71.2,关注
C0497,2025-08-01,True,95.6,92.0,15.0,87.3,73.7,关注
C0498,2024-09-01,True,91.1,90.0,52.8,86.0,80.7,健康
C0498,2024-10-01,True,79.2,80.5,52.8,86.0,73.6,关注
C0498,2024-11-01,True,76.7,74.5,52.8,86.0,71.1,关注
C0498,2024-12-01,True,72.2,79.1,52.8,84.0,70.3,关注
C0498,2025-01-01,True,64.7,78.9,52.8,81.5,67.0,关注
C0498,2025-02-01,True,60.3,57.9,52.8,76.0,59.4,高风险
C0498,2025-03-01,True,57.8,56.4,52.8,73.3,57.7,高风险
C0498,2025-04-01,True,45.8,54.5,52.8,73.3,52.5,高风险
C0498,2025-05-01,True,45.8,50.5,52.8,72.0,51.4,高风险
C0498,2025-06-01,True,36.4,45.7,52.8,71.3,46.3,高风险
C0498,2025-07-01,True,33.9,44.8,52.8,68.0,44.8,高风险
C0498,2025-08-01,True,29.4,43.8,15.0,64.0,32.9,高风险
C0499,2024-09-01,True,91.1,90.0,15.0,86.0,71.3,关注
C0499,2024-10-01,True,82.3,82.8,15.0,86.0,65.9,关注
C0499,2024-11-01,True,79.6,77.4,15.0,84.0,63.3,关注
C0499,2024-12-01,True,69.9,77.9,15.0,82.0,59.4,高风险
C0499,2025-01-01,True,69.9,78.4,15.0,79.5,59.3,高风险
C0499,2025-02-01,True,61.0,56.5,15.0,75.0,49.8,高风险
C0499,2025-03-01,True,55.7,56.9,15.0,72.0,47.5,高风险
C0499,2025-04-01,True,48.6,52.1,15.0,71.0,43.3,高风险
C0499,2025-05-01,True,47.7,50.4,15.0,70.7,42.5,高风险
C0499,2025-06-01,True,38.9,49.2,15.0,70.0,38.6,高风险
C0499,2025-07-01,True,35.4,49.3,15.0,64.0,36.6,高风险
C0499,2025-08-01,True,26.5,43.4,15.0,62.0,31.4,高风险
C0500,2024-09-01,True,81.4,90.0,15.0,80.0,66.8,关注
C0500,2024-10-01,True,79.8,91.1,15.0,80.0,66.5,关注
C0500,2024-11-01,True,85.8,88.3,15.0,84.0,68.6,关注
C0500,2024-12-01,True,88.9,86.2,15.0,84.5,69.3,关注
C0500,2025-01-01,True,85.8,87.2,15.0,84.0,68.3,关注
C0500,2025-02-01,True,87.4,88.4,15.0,84.0,69.2,关注
C0500,2025-03-01,True,88.9,96.1,15.0,85.0,71.8,关注
C0500,2025-04-01,True,88.7,100.0,15.0,88.0,73.0,关注
C0500,2025-05-01,True,85.8,97.7,15.0,88.0,71.3,关注
C0500,2025-06-01,True,88.9,89.8,15.0,87.0,70.5,关注
C0500,2025-07-01,True,85.8,78.9,15.0,89.3,66.7,关注
C0500,2025-08-01,True,88.7,85.5,15.0,90.0,69.6,关注
