customer_id,month,logins,active_accounts,seats,tickets,avg_resolve_hours,csat,active_modules
C0001,2024-09-01,144,9,13,2,14.2,4.3,7
C0001,2024-10-01,136,9,13,3,6.9,4.7,8
C0001,2024-11-01,154,9,13,3,7.4,4.0,8
C0001,2024-12-01,150,10,13,3,12.8,4.2,7
C0001,2025-01-01,146,10,13,6,7.5,4.3,8
C0001,2025-02-01,149,10,13,2,24.2,5.0,8
C0001,2025-03-01,151,10,13,0,0.0,,8
C0001,2025-04-01,153,10,13,1,11.8,4.2,8
C0001,2025-05-01,167,10,13,1,11.3,4.7,8
C0001,2025-06-01,141,10,13,2,33.2,4.0,8
C0001,2025-07-01,172,11,13,1,12.8,4.9,8
C0001,2025-08-01,166,11,13,3,6.6,4.2,9
C0002,2024-09-01,258,37,49,11,13.9,4.6,7
C0002,2024-10-01,262,35,49,3,12.4,4.3,7
C0002,2024-11-01,289,36,49,10,9.8,4.1,7
C0002,2024-12-01,244,33,49,8,7.5,3.8,7
C0002,2025-01-01,271,37,49,10,6.1,4.7,8
C0002,2025-02-01,292,36,49,9,4.2,4.4,8
C0002,2025-03-01,268,36,49,10,8.3,4.3,8
C0002,2025-04-01,291,36,49,12,13.2,4.4,8
C0002,2025-05-01,264,34,49,6,12.6,4.6,8
C0002,2025-06-01,245,33,49,13,7.9,4.0,8
C0002,2025-07-01,265,34,49,8,14.7,4.2,9
C0002,2025-08-01,278,36,49,16,4.8,4.8,9
C0003,2024-09-01,101,13,16,1,12.4,4.1,8
C0003,2024-10-01,101,13,16,2,14.2,4.3,8
C0003,2024-11-01,101,13,16,2,6.6,,8
C0003,2024-12-01,101,13,16,6,7.9,4.3,8
C0003,2025-01-01,101,13,16,0,0.0,,8
C0003,2025-02-01,94,12,16,2,12.4,4.3,8
C0003,2025-03-01,101,13,16,3,5.0,4.2,8
C0003,2025-04-01,0,1,16,0,0.0,,0
C0003,2025-05-01,0,0,16,0,0.0,,0
C0003,2025-06-01,0,0,16,0,0.0,,0
C0003,2025-07-01,0,0,16,0,0.0,,0
C0003,2025-08-01,0,0,16,0,0.0,,0
C0004,2024-09-01,33,4,6,0,0.0,,7
C0004,2024-10-01,34,4,6,1,10.2,5.0,7
C0004,2024-11-01,35,4,6,0,0.0,,7
C0004,2024-12-01,32,4,6,0,0.0,,7
C0004,2025-01-01,36,4,6,1,7.8,4.3,7
C0004,2025-02-01,30,4,6,0,0.0,,8
C0004,2025-03-01,39,5,6,2,6.8,4.5,8
C0004,2025-04-01,44,5,6,3,5.5,4.1,8
C0004,2025-05-01,37,4,6,1,4.2,,8
C0004,2025-06-01,43,5,6,1,8.7,4.4,8
C0004,2025-07-01,42,5,6,2,9.0,4.4,9
C0004,2025-08-01,36,5,6,1,15.5,4.2,8
C0005,2024-09-01,340,42,57,10,5.9,4.3,7
C0005,2024-10-01,295,41,57,13,9.1,4.1,7
C0005,2024-11-01,310,41,57,7,10.5,4.6,7
C0005,2024-12-01,343,41,57,12,13.8,4.4,8
C0005,2025-01-01,313,39,57,8,14.2,4.6,8
C0005,2025-02-01,301,39,57,8,9.7,4.4,8
C0005,2025-03-01,331,41,57,8,30.6,4.4,8
C0005,2025-04-01,321,41,57,11,15.4,4.3,9
C0005,2025-05-01,346,44,57,15,14.3,4.5,8
C0005,2025-06-01,335,41,57,11,13.3,4.4,9
C0005,2025-07-01,323,43,57,18,14.7,4.2,9
C0005,2025-08-01,338,43,57,7,11.6,4.1,9
C0006,2024-09-01,198,14,18,4,9.6,,7
C0006,2024-10-01,204,13,18,3,9.3,,7
C0006,2024-11-01,204,14,18,4,12.6,3.9,8
C0006,2024-12-01,205,13,18,5,10.3,4.0,8
C0006,2025-01-01,192,13,18,1,12.2,4.9,7
C0006,2025-02-01,214,14,18,4,11.1,4.2,8
C0006,2025-03-01,212,14,18,4,10.3,4.5,8
C0006,2025-04-01,211,14,18,5,13.3,4.2,8
C0006,2025-05-01,208,14,18,3,8.8,4.4,8
C0006,2025-06-01,186,13,18,6,11.9,4.2,8
C0006,2025-07-01,227,14,18,3,16.9,4.6,8
C0006,2025-08-01,192,14,18,3,12.1,4.6,9
C0007,2024-09-01,102,10,13,0,0.0,,8
C0007,2024-10-01,102,10,13,0,0.0,,8
C0007,2024-11-01,112,11,13,3,8.2,4.2,8
C0007,2024-12-01,102,10,13,3,17.4,4.3,8
C0007,2025-01-01,102,10,13,1,14.6,4.5,8
C0007,2025-02-01,31,5,13,2,13.8,3.6,5
C0007,2025-03-01,20,4,13,4,9.6,2.8,4
C0007,2025-04-01,31,5,13,2,12.4,3.4,4
C0007,2025-05-01,71,7,13,0,0.0,,8
C0007,2025-06-01,92,9,13,0,0.0,,7
C0007,2025-07-01,102,10,13,0,0.0,,7
C0007,2025-08-01,112,11,13,1,10.4,4.2,8
C0008,2024-09-01,95,10,12,0,0.0,,8
C0008,2024-10-01,82,9,12,1,12.0,4.2,7
C0008,2024-11-01,79,9,12,1,8.0,4.1,7
C0008,2024-12-01,67,8,12,0,0.0,,6
C0008,2025-01-01,64,8,12,0,0.0,,6
C0008,2025-02-01,45,6,12,0,0.0,,5
C0008,2025-03-01,50,7,12,2,7.2,3.5,5
C0008,2025-04-01,34,5,12,1,13.2,3.4,4
C0008,2025-05-01,32,5,12,3,13.4,3.4,4
C0008,2025-06-01,30,5,12,0,0.0,,3
C0008,2025-07-01,23,4,12,1,6.2,3.0,3
C0008,2025-08-01,0,1,12,0,0.0,,0
C0009,2024-09-01,496,50,71,8,8.9,4.8,7
C0009,2024-10-01,466,49,71,15,6.9,4.6,8
C0009,2024-11-01,437,47,71,9,6.6,4.4,8
C0009,2024-12-01,514,51,71,18,13.1,4.4,7
C0009,2025-01-01,484,52,71,8,14.9,4.6,7
C0009,2025-02-01,463,51,71,9,6.8,4.2,8
C0009,2025-03-01,466,53,71,6,21.7,,8
C0009,2025-04-01,521,54,71,14,5.7,4.2,8
C0009,2025-05-01,537,54,71,10,10.7,4.2,8
C0009,2025-06-01,489,53,71,12,10.4,4.1,9
C0009,2025-07-01,519,52,71,14,9.3,3.9,9
C0009,2025-08-01,457,56,71,10,11.9,4.5,9
C0010,2024-09-01,306,32,44,6,9.6,4.8,7
C0010,2024-10-01,347,33,44,5,6.2,4.5,7
C0010,2024-11-01,342,33,44,3,47.2,4.5,7
C0010,2024-12-01,317,32,44,6,19.2,3.7,8
C0010,2025-01-01,308,32,44,3,16.0,4.6,8
C0010,2025-02-01,335,32,44,13,7.1,,8
C0010,2025-03-01,325,33,44,4,17.2,4.2,8
C0010,2025-04-01,290,31,44,5,25.9,4.6,8
C0010,2025-05-01,274,31,44,2,6.8,4.3,8
C0010,2025-06-01,307,32,44,7,10.0,4.4,8
C0010,2025-07-01,330,32,44,6,18.6,,9
C0010,2025-08-01,347,31,44,6,7.3,4.2,9
C0011,2024-09-01,40,3,5,0,0.0,,7
C0011,2024-10-01,47,4,5,0,0.0,,7
C0011,2024-11-01,50,4,5,0,0.0,,7
C0011,2024-12-01,55,4,5,1,8.9,4.4,7
C0011,2025-01-01,35,3,5,0,0.0,,8
C0011,2025-02-01,56,4,5,0,0.0,,8
C0011,2025-03-01,57,4,5,0,0.0,,8
C0011,2025-04-01,51,4,5,1,10.0,,8
C0011,2025-05-01,53,4,5,0,0.0,,8
C0011,2025-06-01,56,4,5,0,0.0,,9
C0011,2025-07-01,51,4,5,0,0.0,,9
C0011,2025-08-01,55,4,5,1,10.1,4.3,9
C0012,2024-09-01,43,5,7,2,5.5,,7
C0012,2024-10-01,45,5,7,1,7.3,4.3,8
C0012,2024-11-01,44,5,7,3,10.8,4.1,8
C0012,2024-12-01,39,5,7,3,8.1,3.7,8
C0012,2025-01-01,48,5,7,0,0.0,,7
C0012,2025-02-01,44,5,7,1,20.0,4.7,8
C0012,2025-03-01,52,6,7,1,9.7,4.5,8
C0012,2025-04-01,43,5,7,1,7.1,4.3,9
C0012,2025-05-01,55,6,7,0,0.0,,9
C0012,2025-06-01,42,5,7,2,16.8,3.8,9
C0012,2025-07-01,46,6,7,1,13.8,4.1,8
C0012,2025-08-01,0,1,7,0,0.0,,0
C0013,2024-09-01,594,40,52,3,18.7,4.2,8
C0013,2024-10-01,555,39,52,6,7.7,4.2,7
C0013,2024-11-01,477,35,52,6,29.7,4.1,7
C0013,2024-12-01,456,35,52,10,12.1,4.0,6
C0013,2025-01-01,397,32,52,7,6.4,3.7,6
C0013,2025-02-01,366,31,52,11,6.6,3.7,5
C0013,2025-03-01,314,28,52,8,6.2,3.6,5
C0013,2025-04-01,254,24,52,6,15.0,3.8,4
C0013,2025-05-01,230,23,52,1,11.8,3.5,4
C0013,2025-06-01,169,18,52,9,17.4,,3
C0013,2025-07-01,140,16,52,8,14.2,3.3,3
C0013,2025-08-01,0,1,52,0,0.0,,0
C0014,2024-09-01,246,26,37,2,6.3,4.7,7
C0014,2024-10-01,210,27,37,3,2.4,,7
C0014,2024-11-01,228,27,37,5,9.8,,7
C0014,2024-12-01,219,24,37,5,12.1,4.3,8
C0014,2025-01-01,265,28,37,0,0.0,,8
C0014,2025-02-01,255,29,37,1,7.5,3.5,8
C0014,2025-03-01,247,29,37,8,3.2,4.2,8
C0014,2025-04-01,263,29,37,0,0.0,,8
C0014,2025-05-01,283,31,37,4,6.1,4.6,9
C0014,2025-06-01,255,30,37,2,7.2,3.9,8
C0014,2025-07-01,265,30,37,5,9.4,,9
C0014,2025-08-01,288,31,37,1,16.2,4.5,9
C0015,2024-09-01,183,18,24,3,3.6,4.3,7
C0015,2024-10-01,173,17,24,3,8.8,4.3,7
C0015,2024-11-01,183,18,24,4,6.2,4.4,8
C0015,2024-12-01,193,19,24,4,10.8,4.2,7
C0015,2025-01-01,183,18,24,3,20.6,4.3,7
C0015,2025-02-01,88,14,24,4,4.8,4.0,6
C0015,2025-03-01,34,6,24,7,10.9,3.7,5
C0015,2025-04-01,17,3,24,6,22.2,3.6,4
C0015,2025-05-01,6,1,24,8,15.9,3.2,3
C0015,2025-06-01,0,0,24,9,5.5,3.0,2
C0015,2025-07-01,0,0,24,9,28.4,2.7,1
C0015,2025-08-01,0,0,24,7,19.1,2.5,1
C0016,2024-09-01,47,4,6,0,0.0,,7
C0016,2024-10-01,55,4,6,1,9.6,,7
C0016,2024-11-01,61,5,6,0,0.0,,7
C0016,2024-12-01,56,5,6,1,17.1,,8
C0016,2025-01-01,61,5,6,0,0.0,,8
C0016,2025-02-01,44,4,6,2,8.6,4.6,8
C0016,2025-03-01,45,4,6,0,0.0,,8
C0016,2025-04-01,45,4,6,1,17.1,4.7,8
C0016,2025-05-01,47,4,6,0,0.0,,8
C0016,2025-06-01,64,5,6,1,21.7,3.8,8
C0016,2025-07-01,50,4,6,1,4.7,4.3,9
C0016,2025-08-01,62,5,6,0,0.0,,9
C0017,2024-09-01,326,31,44,5,14.2,4.4,7
C0017,2024-10-01,316,31,44,4,7.9,4.1,8
C0017,2024-11-01,302,31,44,9,16.8,4.5,8
C0017,2024-12-01,318,31,44,3,7.0,,8
C0017,2025-01-01,363,34,44,7,6.3,4.2,7
C0017,2025-02-01,352,34,44,2,16.3,4.5,8
C0017,2025-03-01,306,32,44,4,6.2,4.6,8
C0017,2025-04-01,354,32,44,3,14.9,4.5,8
C0017,2025-05-01,288,33,44,9,6.4,4.6,9
C0017,2025-06-01,336,33,44,3,7.2,4.7,9
C0017,2025-07-01,312,31,44,5,16.2,4.1,9
C0017,2025-08-01,337,32,44,3,9.4,4.2,9
C0018,2024-09-01,98,7,10,1,12.3,4.4,7
C0018,2024-10-01,98,7,10,2,16.2,,7
C0018,2024-11-01,112,8,10,6,10.2,4.4,7
C0018,2024-12-01,98,7,10,1,12.5,4.0,7
C0018,2025-01-01,98,7,10,1,20.6,4.2,7
C0018,2025-02-01,52,6,10,2,25.2,,6
C0018,2025-03-01,23,3,10,5,41.3,3.5,6
C0018,2025-04-01,15,2,10,2,15.5,,4
C0018,2025-05-01,8,1,10,2,21.1,3.3,4
C0018,2025-06-01,0,0,10,3,18.5,3.2,2
C0018,2025-07-01,0,1,10,0,0.0,,0
C0018,2025-08-01,0,0,10,0,0.0,,0
C0019,2024-09-01,518,37,51,3,12.7,4.7,7
C0019,2024-10-01,409,35,51,7,7.4,4.4,7
C0019,2024-11-01,516,36,51,4,6.4,5.0,8
C0019,2024-12-01,489,36,51,5,6.7,5.0,8
C0019,2025-01-01,521,37,51,3,13.2,4.4,8
C0019,2025-02-01,489,36,51,8,6.4,4.2,8
C0019,2025-03-01,466,35,51,4,4.2,4.5,8
C0019,2025-04-01,457,35,51,3,20.7,4.7,8
C0019,2025-05-01,461,34,51,5,16.4,4.9,8
C0019,2025-06-01,469,36,51,4,10.5,4.8,9
C0019,2025-07-01,475,34,51,4,7.7,4.7,9
C0019,2025-08-01,420,35,51,2,14.7,4.1,9
C0020,2024-09-01,200,26,37,5,15.7,4.2,7
C0020,2024-10-01,213,26,37,4,7.7,,7
C0020,2024-11-01,217,27,37,1,9.9,,7
C0020,2024-12-01,202,29,37,5,17.9,4.6,8
C0020,2025-01-01,192,26,37,9,9.3,4.7,8
C0020,2025-02-01,192,27,37,5,8.7,,8
C0020,2025-03-01,214,29,37,4,13.3,4.5,8
C0020,2025-04-01,214,26,37,3,14.3,5.0,8
C0020,2025-05-01,199,29,37,2,8.9,4.0,9
C0020,2025-06-01,183,27,37,4,13.8,4.5,9
C0020,2025-07-01,207,29,37,2,10.3,4.6,8
C0020,2025-08-01,206,27,37,5,17.9,4.3,9
C0021,2024-09-01,345,28,40,7,10.7,4.6,7
C0021,2024-10-01,321,29,40,13,13.3,,7
C0021,2024-11-01,361,30,40,11,9.5,4.2,7
C0021,2024-12-01,378,31,40,5,17.3,,8
C0021,2025-01-01,383,31,40,10,12.2,4.8,8
C0021,2025-02-01,321,29,40,13,13.1,4.1,8
C0021,2025-03-01,380,32,40,10,9.2,4.4,8
C0021,2025-04-01,420,32,40,6,11.8,4.6,8
C0021,2025-05-01,395,30,40,7,13.1,4.8,8
C0021,2025-06-01,417,33,40,7,4.3,4.5,8
C0021,2025-07-01,389,32,40,9,11.8,,8
C0021,2025-08-01,347,31,40,5,10.7,4.6,8
C0022,2024-09-01,54,8,11,2,16.6,,7
C0022,2024-10-01,56,8,11,0,0.0,,8
C0022,2024-11-01,51,7,11,2,27.7,4.9,7
C0022,2024-12-01,58,8,11,5,8.4,4.5,8
C0022,2025-01-01,60,8,11,0,0.0,,8
C0022,2025-02-01,60,8,11,3,14.8,4.4,8
C0022,2025-03-01,47,7,11,2,11.6,4.6,8
C0022,2025-04-01,57,8,11,0,0.0,,8
C0022,2025-05-01,60,9,11,0,0.0,,8
C0022,2025-06-01,56,8,11,1,15.4,4.0,9
C0022,2025-07-01,58,8,11,3,6.9,3.9,8
C0022,2025-08-01,45,8,11,3,7.7,4.3,8
C0023,2024-09-01,339,30,36,3,9.8,,8
C0023,2024-10-01,339,30,36,12,8.1,4.3,8
C0023,2024-11-01,328,29,36,8,5.6,4.2,8
C0023,2024-12-01,250,26,36,26,31.9,,8
C0023,2025-01-01,212,22,36,29,23.3,3.3,8
C0023,2025-02-01,192,20,36,17,29.9,3.0,8
C0023,2025-03-01,214,21,36,11,11.6,,8
C0023,2025-04-01,236,22,36,6,8.6,,8
C0023,2025-05-01,260,23,36,5,6.8,4.1,8
C0023,2025-06-01,272,24,36,2,9.3,4.0,8
C0023,2025-07-01,283,25,36,7,5.7,4.1,8
C0023,2025-08-01,283,25,36,2,12.7,4.1,8
C0024,2024-09-01,62,7,10,0,0.0,,7
C0024,2024-10-01,54,7,10,0,0.0,,8
C0024,2024-11-01,64,7,10,3,14.7,,7
C0024,2024-12-01,58,7,10,3,9.2,3.6,8
C0024,2025-01-01,62,8,10,1,10.2,,9
C0024,2025-02-01,65,7,10,2,16.1,,7
C0024,2025-03-01,67,8,10,2,5.5,4.1,8
C0024,2025-04-01,66,7,10,1,7.5,4.2,8
C0024,2025-05-01,64,7,10,1,19.1,4.2,8
C0024,2025-06-01,64,8,10,2,6.9,4.1,8
C0024,2025-07-01,59,7,10,0,0.0,,9
C0024,2025-08-01,68,8,10,3,14.8,4.6,9
C0025,2024-09-01,141,10,14,3,6.0,4.6,7
C0025,2024-10-01,119,10,14,1,15.3,4.4,7
C0025,2024-11-01,158,10,14,1,12.4,4.4,8
C0025,2024-12-01,147,11,14,1,10.8,4.0,8
C0025,2025-01-01,158,10,14,2,3.9,,8
C0025,2025-02-01,129,10,14,4,15.3,4.8,8
C0025,2025-03-01,134,10,14,0,0.0,,8
C0025,2025-04-01,122,10,14,1,7.5,4.3,8
C0025,2025-05-01,144,10,14,2,4.7,4.2,8
C0025,2025-06-01,145,11,14,1,7.5,4.9,8
C0025,2025-07-01,132,10,14,2,3.0,5.0,9
C0025,2025-08-01,129,10,14,0,0.0,,9
C0026,2024-09-01,104,11,17,2,5.5,4.2,7
C0026,2024-10-01,120,12,17,1,8.0,5.0,8
C0026,2024-11-01,118,12,17,1,8.0,4.3,7
C0026,2024-12-01,119,13,17,3,11.0,4.3,8
C0026,2025-01-01,125,13,17,3,12.4,4.5,8
C0026,2025-02-01,125,12,17,0,0.0,,8
C0026,2025-03-01,118,13,17,0,0.0,,8
C0026,2025-04-01,106,11,17,1,9.6,4.4,8
C0026,2025-05-01,113,12,17,0,0.0,,9
C0026,2025-06-01,124,13,17,2,9.5,4.4,8
C0026,2025-07-01,112,13,17,3,13.2,4.4,9
C0026,2025-08-01,124,12,17,3,6.8,4.6,9
C0027,2024-09-01,572,41,56,15,8.0,4.6,8
C0027,2024-10-01,558,40,56,9,15.8,4.5,7
C0027,2024-11-01,544,39,56,11,4.4,,7
C0027,2024-12-01,558,40,56,10,10.1,4.2,8
C0027,2025-01-01,586,42,56,17,6.4,4.3,7
C0027,2025-02-01,614,44,56,6,10.0,4.2,7
C0027,2025-03-01,572,41,56,13,20.1,4.4,7
C0027,2025-04-01,303,35,56,13,10.9,4.1,6
C0027,2025-05-01,0,1,56,0,0.0,,0
C0027,2025-06-01,0,0,56,0,0.0,,0
C0027,2025-07-01,0,0,56,0,0.0,,0
C0027,2025-08-01,0,0,56,0,0.0,,0
C0028,2024-09-01,198,14,18,1,8.4,4.4,8
C0028,2024-10-01,176,13,18,3,5.1,4.2,7
C0028,2024-11-01,169,13,18,2,9.9,4.1,7
C0028,2024-12-01,149,12,18,1,6.3,4.1,6
C0028,2025-01-01,130,11,18,5,8.9,3.8,6
C0028,2025-02-01,112,10,18,7,9.4,3.7,5
C0028,2025-03-01,107,10,18,0,0.0,,5
C0028,2025-04-01,91,9,18,5,6.0,,4
C0028,2025-05-01,76,8,18,2,6.6,3.4,4
C0028,2025-06-01,63,7,18,1,10.9,3.4,3
C0028,2025-07-01,50,6,18,2,10.8,3.2,3
C0028,2025-08-01,0,1,18,0,0.0,,0
C0029,2024-09-01,80,7,9,2,7.3,4.4,7
C0029,2024-10-01,76,7,9,2,6.7,,7
C0029,2024-11-01,64,6,9,3,13.1,,8
C0029,2024-12-01,64,6,9,2,17.7,4.4,8
C0029,2025-01-01,69,7,9,1,20.2,,8
C0029,2025-02-01,66,7,9,0,0.0,,8
C0029,2025-03-01,70,7,9,1,9.0,4.8,8
C0029,2025-04-01,63,6,9,0,0.0,,8
C0029,2025-05-01,64,7,9,0,0.0,,8
C0029,2025-06-01,61,6,9,2,9.8,4.7,9
C0029,2025-07-01,62,6,9,2,8.9,4.5,9
C0029,2025-08-01,72,7,9,0,0.0,,9
C0030,2024-09-01,999,93,130,18,11.9,4.1,7
C0030,2024-10-01,1026,92,130,18,7.8,4.4,7
C0030,2024-11-01,1052,93,130,17,5.5,4.4,8
C0030,2024-12-01,1029,94,130,22,14.0,4.6,8
C0030,2025-01-01,939,87,130,12,6.2,4.2,8
C0030,2025-02-01,1102,95,130,11,6.5,3.9,8
C0030,2025-03-01,1033,92,130,19,18.5,4.1,8
C0030,2025-04-01,1051,99,130,24,24.2,4.1,8
C0030,2025-05-01,1062,96,130,15,14.4,4.3,8
C0030,2025-06-01,1107,98,130,16,9.4,4.9,8
C0030,2025-07-01,1096,90,130,16,8.3,4.3,9
C0030,2025-08-01,1064,92,130,15,19.5,4.4,8
C0031,2024-09-01,536,52,71,12,9.8,4.0,8
C0031,2024-10-01,528,49,71,12,10.1,3.9,7
C0031,2024-11-01,595,53,71,11,7.5,4.7,7
C0031,2024-12-01,500,51,71,11,11.7,4.2,8
C0031,2025-01-01,552,50,71,8,13.5,4.9,8
C0031,2025-02-01,628,52,71,8,7.8,4.5,8
C0031,2025-03-01,614,52,71,15,10.0,4.4,8
C0031,2025-04-01,555,52,71,6,13.3,4.0,8
C0031,2025-05-01,558,55,71,9,6.3,4.8,8
C0031,2025-06-01,592,52,71,6,5.6,4.4,9
C0031,2025-07-01,553,58,71,10,5.8,4.2,8
C0031,2025-08-01,602,51,71,7,10.7,4.5,9
C0032,2024-09-01,463,43,57,5,7.2,4.0,8
C0032,2024-10-01,336,39,57,8,11.0,4.2,7
C0032,2024-11-01,371,41,57,15,5.8,4.4,8
C0032,2024-12-01,367,39,57,6,12.3,,7
C0032,2025-01-01,409,44,57,7,9.2,3.8,8
C0032,2025-02-01,393,42,57,8,17.2,4.4,8
C0032,2025-03-01,360,41,57,5,9.2,4.5,8
C0032,2025-04-01,445,43,57,8,3.8,4.4,8
C0032,2025-05-01,358,41,57,3,15.6,4.9,9
C0032,2025-06-01,386,41,57,10,8.9,4.9,9
C0032,2025-07-01,416,41,57,11,6.6,,8
C0032,2025-08-01,400,42,57,5,7.3,4.8,9
C0033,2024-09-01,63,6,8,0,0.0,,7
C0033,2024-10-01,57,6,8,1,14.6,5.0,7
C0033,2024-11-01,52,5,8,1,9.6,,8
C0033,2024-12-01,63,6,8,1,10.1,4.1,8
C0033,2025-01-01,58,6,8,1,22.3,4.6,8
C0033,2025-02-01,61,6,8,0,0.0,,8
C0033,2025-03-01,57,6,8,0,0.0,,8
C0033,2025-04-01,65,6,8,2,9.5,4.4,8
C0033,2025-05-01,63,6,8,0,0.0,,8
C0033,2025-06-01,56,6,8,1,11.2,,8
C0033,2025-07-01,64,6,8,1,13.7,4.5,9
C0033,2025-08-01,62,6,8,2,6.4,4.8,9
C0034,2024-09-01,324,33,46,4,12.1,4.6,7
C0034,2024-10-01,327,32,46,8,8.9,4.2,7
C0034,2024-11-01,332,34,46,3,4.9,4.5,7
C0034,2024-12-01,319,34,46,7,11.3,4.6,8
C0034,2025-01-01,338,34,46,7,8.2,4.1,8
C0034,2025-02-01,310,34,46,8,9.9,4.1,8
C0034,2025-03-01,336,33,46,9,6.3,4.3,8
C0034,2025-04-01,298,32,46,3,18.2,4.0,8
C0034,2025-05-01,333,32,46,2,13.5,4.4,8
C0034,2025-06-01,338,35,46,2,8.5,4.5,8
C0034,2025-07-01,357,34,46,4,6.3,4.3,8
C0034,2025-08-01,294,32,46,4,17.4,4.8,9
C0035,2024-09-01,286,25,35,6,16.2,3.9,7
C0035,2024-10-01,319,26,35,3,6.0,4.2,7
C0035,2024-11-01,318,27,35,3,3.5,,7
C0035,2024-12-01,328,26,35,2,11.6,4.1,7
C0035,2025-01-01,295,26,35,2,9.3,4.2,8
C0035,2025-02-01,334,27,35,3,14.6,4.2,8
C0035,2025-03-01,319,25,35,2,7.5,,8
C0035,2025-04-01,325,25,35,6,10.5,,8
C0035,2025-05-01,306,26,35,5,5.5,,9
C0035,2025-06-01,321,26,35,5,7.9,4.6,9
C0035,2025-07-01,312,25,35,2,7.6,4.4,8
C0035,2025-08-01,337,25,35,4,5.8,4.1,9
C0036,2024-09-01,928,101,123,9,9.1,4.3,8
C0036,2024-10-01,811,92,123,13,5.3,4.2,7
C0036,2024-11-01,751,89,123,11,12.3,4.2,7
C0036,2024-12-01,653,81,123,13,14.0,,6
C0036,2025-01-01,584,76,123,15,8.0,3.9,6
C0036,2025-02-01,482,66,123,17,11.2,3.8,5
C0036,2025-03-01,395,57,123,12,7.8,,5
C0036,2025-04-01,387,59,123,11,9.5,3.7,4
C0036,2025-05-01,0,1,123,0,0.0,,0
C0036,2025-06-01,0,0,123,0,0.0,,0
C0036,2025-07-01,0,0,123,0,0.0,,0
C0036,2025-08-01,0,0,123,0,0.0,,0
C0037,2024-09-01,257,29,39,9,13.3,4.2,7
C0037,2024-10-01,244,29,39,9,7.3,4.9,7
C0037,2024-11-01,205,26,39,11,10.1,4.3,7
C0037,2024-12-01,273,29,39,5,12.7,4.1,8
C0037,2025-01-01,237,28,39,7,6.0,4.4,8
C0037,2025-02-01,245,29,39,7,8.7,4.6,8
C0037,2025-03-01,224,27,39,9,18.0,4.4,8
C0037,2025-04-01,245,27,39,8,13.4,4.8,8
C0037,2025-05-01,247,30,39,7,12.8,4.6,8
C0037,2025-06-01,208,27,39,5,5.6,4.2,9
C0037,2025-07-01,236,29,39,7,11.0,4.2,9
C0037,2025-08-01,257,28,39,6,5.2,4.3,9
C0038,2024-09-01,374,39,51,7,3.4,4.4,7
C0038,2024-10-01,299,36,51,8,4.7,4.7,7
C0038,2024-11-01,320,37,51,15,9.9,4.4,7
C0038,2024-12-01,339,40,51,7,19.8,,8
C0038,2025-01-01,370,38,51,5,8.0,,8
C0038,2025-02-01,314,37,51,4,9.1,,8
C0038,2025-03-01,398,43,51,3,7.1,,8
C0038,2025-04-01,360,38,51,5,9.3,4.3,8
C0038,2025-05-01,355,40,51,8,8.5,4.6,8
C0038,2025-06-01,337,41,51,5,7.2,4.3,8
C0038,2025-07-01,337,41,51,9,13.1,4.6,9
C0038,2025-08-01,386,41,51,6,9.4,4.4,9
C0039,2024-09-01,99,7,10,3,15.1,4.4,7
C0039,2024-10-01,98,7,10,1,12.7,4.1,8
C0039,2024-11-01,110,8,10,2,11.3,4.4,8
C0039,2024-12-01,96,7,10,2,7.9,,8
C0039,2025-01-01,110,8,10,3,11.8,4.5,8
C0039,2025-02-01,95,7,10,0,0.0,,8
C0039,2025-03-01,98,7,10,1,7.5,4.4,8
C0039,2025-04-01,106,8,10,0,0.0,,8
C0039,2025-05-01,112,7,10,1,10.9,4.7,8
C0039,2025-06-01,101,8,10,0,0.0,,9
C0039,2025-07-01,107,8,10,5,20.8,4.6,9
C0039,2025-08-01,107,8,10,0,0.0,,9
C0040,2024-09-01,212,27,32,5,10.4,4.2,8
C0040,2024-10-01,181,24,32,2,22.2,4.2,7
C0040,2024-11-01,166,23,32,3,13.7,3.8,7
C0040,2024-12-01,151,22,32,3,6.9,3.9,6
C0040,2025-01-01,131,20,32,4,15.1,3.8,6
C0040,2025-02-01,125,20,32,6,9.1,3.6,5
C0040,2025-03-01,95,16,32,3,12.2,3.7,5
C0040,2025-04-01,0,1,32,0,0.0,,0
C0040,2025-05-01,0,0,32,0,0.0,,0
C0040,2025-06-01,0,0,32,0,0.0,,0
C0040,2025-07-01,0,0,32,0,0.0,,0
C0040,2025-08-01,0,0,32,0,0.0,,0
C0041,2024-09-01,380,27,33,6,7.7,4.2,8
C0041,2024-10-01,380,27,33,7,7.2,4.3,8
C0041,2024-11-01,352,25,33,8,12.8,4.2,8
C0041,2024-12-01,366,26,33,8,7.5,4.1,8
C0041,2025-01-01,366,26,33,11,10.0,4.4,8
C0041,2025-02-01,366,26,33,6,5.7,4.2,8
C0041,2025-03-01,380,27,33,6,12.2,,8
C0041,2025-04-01,380,27,33,9,11.9,,8
C0041,2025-05-01,380,27,33,3,6.5,,8
C0041,2025-06-01,0,1,33,0,0.0,,0
C0041,2025-07-01,0,0,33,0,0.0,,0
C0041,2025-08-01,0,0,33,0,0.0,,0
C0042,2024-09-01,74,7,9,0,0.0,,7
C0042,2024-10-01,74,7,9,0,0.0,,7
C0042,2024-11-01,74,7,9,4,13.8,4.2,7
C0042,2024-12-01,74,7,9,0,0.0,,7
C0042,2025-01-01,74,7,9,2,20.2,4.3,7
C0042,2025-02-01,74,7,9,2,8.8,4.2,8
C0042,2025-03-01,74,7,9,2,11.5,4.4,7
C0042,2025-04-01,74,7,9,1,7.9,4.1,7
C0042,2025-05-01,0,1,9,0,0.0,,0
C0042,2025-06-01,0,0,9,0,0.0,,0
C0042,2025-07-01,0,0,9,0,0.0,,0
C0042,2025-08-01,0,0,9,0,0.0,,0
C0043,2024-09-01,155,13,18,1,10.1,4.1,7
C0043,2024-10-01,141,13,18,0,0.0,,7
C0043,2024-11-01,170,13,18,2,11.6,4.5,8
C0043,2024-12-01,166,13,18,1,8.5,4.4,7
C0043,2025-01-01,143,12,18,1,8.4,4.5,8
C0043,2025-02-01,155,14,18,3,8.4,4.3,8
C0043,2025-03-01,150,13,18,2,15.7,4.4,9
C0043,2025-04-01,139,13,18,1,6.6,,9
C0043,2025-05-01,164,13,18,1,9.2,4.2,9
C0043,2025-06-01,130,12,18,2,17.1,4.6,9
C0043,2025-07-01,158,13,18,0,0.0,,9
C0043,2025-08-01,148,13,18,1,17.1,4.5,9
C0044,2024-09-01,313,36,52,4,10.1,4.3,7
C0044,2024-10-01,297,37,52,5,8.6,4.4,8
C0044,2024-11-01,295,38,52,6,12.0,,8
C0044,2024-12-01,332,39,52,3,8.6,5.0,8
C0044,2025-01-01,314,39,52,6,7.7,4.7,7
C0044,2025-02-01,311,37,52,10,22.7,4.7,8
C0044,2025-03-01,306,40,52,3,8.5,4.4,8
C0044,2025-04-01,320,39,52,4,5.8,,8
C0044,2025-05-01,330,38,52,7,4.3,4.0,8
C0044,2025-06-01,354,41,52,9,7.2,3.7,9
C0044,2025-07-01,333,42,52,3,9.4,4.5,9
C0044,2025-08-01,310,40,52,3,14.5,,9
C0045,2024-09-01,428,38,50,13,8.3,,7
C0045,2024-10-01,432,35,50,15,5.6,4.2,6
C0045,2024-11-01,461,40,50,4,5.4,4.1,8
C0045,2024-12-01,435,35,50,7,13.0,4.4,8
C0045,2025-01-01,403,37,50,13,9.1,4.1,8
C0045,2025-02-01,448,37,50,7,18.9,,8
C0045,2025-03-01,460,42,50,9,5.8,,8
C0045,2025-04-01,439,38,50,6,19.5,4.6,8
C0045,2025-05-01,439,38,50,8,3.7,4.3,8
C0045,2025-06-01,462,39,50,11,18.8,4.5,9
C0045,2025-07-01,463,40,50,12,9.7,4.5,9
C0045,2025-08-01,436,40,50,9,12.1,4.8,8
C0046,2024-09-01,387,34,45,17,9.2,4.4,8
C0046,2024-10-01,410,36,45,9,9.5,4.5,8
C0046,2024-11-01,387,34,45,6,6.3,,8
C0046,2024-12-01,433,38,45,14,8.2,4.5,8
C0046,2025-01-01,421,37,45,7,7.9,4.5,8
C0046,2025-02-01,410,36,45,3,11.2,4.2,8
C0046,2025-03-01,410,36,45,7,9.3,4.5,8
C0046,2025-04-01,433,38,45,11,5.0,4.4,8
C0046,2025-05-01,433,38,45,13,9.1,4.4,8
C0046,2025-06-01,64,14,45,20,25.3,3.1,4
C0046,2025-07-01,9,5,45,16,19.2,2.4,2
C0046,2025-08-01,1,1,45,6,40.3,1.7,1
C0047,2024-09-01,164,15,19,1,15.9,4.1,8
C0047,2024-10-01,164,15,19,0,0.0,,8
C0047,2024-11-01,175,16,19,4,8.6,4.3,8
C0047,2024-12-01,153,14,19,1,5.5,4.2,8
C0047,2025-01-01,175,16,19,5,12.3,4.0,8
C0047,2025-02-01,153,14,19,2,7.4,4.2,8
C0047,2025-03-01,164,15,19,3,18.9,4.4,8
C0047,2025-04-01,164,15,19,3,10.4,4.3,8
C0047,2025-05-01,131,15,19,9,13.4,,8
C0047,2025-06-01,114,13,19,8,25.7,3.7,8
C0047,2025-07-01,96,11,19,5,39.2,3.1,8
C0047,2025-08-01,0,1,19,0,0.0,,0
C0048,2024-09-01,224,15,19,1,16.1,4.5,8
C0048,2024-10-01,239,16,19,1,8.0,4.6,8
C0048,2024-11-01,224,15,19,2,8.4,4.4,7
C0048,2024-12-01,224,15,19,3,10.8,4.4,8
C0048,2025-01-01,224,15,19,3,8.2,4.4,7
C0048,2025-02-01,72,8,19,5,8.1,3.4,5
C0048,2025-03-01,45,6,19,5,9.9,2.8,4
C0048,2025-04-01,63,7,19,7,10.1,3.4,4
C0048,2025-05-01,149,10,19,3,13.3,4.0,8
C0048,2025-06-01,194,13,19,5,4.5,4.8,8
C0048,2025-07-01,224,15,19,1,6.5,4.7,8
C0048,2025-08-01,239,16,19,6,21.2,4.9,8
C0049,2024-09-01,111,9,11,3,10.0,4.3,7
C0049,2024-10-01,111,9,11,2,6.2,4.2,8
C0049,2024-11-01,99,8,11,2,8.8,4.4,7
C0049,2024-12-01,111,9,11,2,7.4,4.4,7
C0049,2025-01-01,99,8,11,1,5.3,4.3,7
C0049,2025-02-01,99,8,11,2,11.0,4.3,7
C0049,2025-03-01,99,8,11,3,8.3,4.3,7
C0049,2025-04-01,0,1,11,0,0.0,,0
C0049,2025-05-01,0,0,11,0,0.0,,0
C0049,2025-06-01,0,0,11,0,0.0,,0
C0049,2025-07-01,0,0,11,0,0.0,,0
C0049,2025-08-01,0,0,11,0,0.0,,0
C0050,2024-09-01,429,54,83,9,6.6,,7
C0050,2024-10-01,418,61,83,19,11.9,4.5,7
C0050,2024-11-01,435,60,83,15,9.3,3.8,7
C0050,2024-12-01,494,63,83,12,6.3,4.8,8
C0050,2025-01-01,479,63,83,11,4.3,4.4,9
C0050,2025-02-01,502,61,83,11,4.3,4.3,8
C0050,2025-03-01,431,62,83,16,8.1,,8
C0050,2025-04-01,519,60,83,7,6.7,4.6,8
C0050,2025-05-01,441,64,83,9,9.1,4.3,9
C0050,2025-06-01,386,58,83,7,10.7,4.2,8
C0050,2025-07-01,491,65,83,11,11.9,4.4,8
C0050,2025-08-01,445,63,83,12,7.4,3.8,9
C0051,2024-09-01,179,17,21,2,13.4,,8
C0051,2024-10-01,189,18,21,3,5.0,,8
C0051,2024-11-01,168,16,21,3,6.4,4.1,8
C0051,2024-12-01,179,17,21,3,6.9,4.6,8
C0051,2025-01-01,179,17,21,0,0.0,,8
C0051,2025-02-01,57,9,21,4,8.3,3.3,5
C0051,2025-03-01,32,6,21,5,12.0,2.9,4
C0051,2025-04-01,50,8,21,3,7.3,,4
C0051,2025-05-01,126,12,21,6,8.8,4.2,8
C0051,2025-06-01,147,14,21,2,13.1,4.7,8
C0051,2025-07-01,168,16,21,1,10.6,,8
C0051,2025-08-01,179,17,21,1,9.2,4.3,8
C0052,2024-09-01,407,43,56,7,4.4,4.1,8
C0052,2024-10-01,390,43,56,5,7.1,4.4,7
C0052,2024-11-01,330,38,56,7,20.7,4.0,7
C0052,2024-12-01,307,37,56,14,11.1,3.8,6
C0052,2025-01-01,277,35,56,5,28.7,3.8,6
C0052,2025-02-01,233,31,56,7,8.1,3.9,5
C0052,2025-03-01,207,29,56,7,10.5,3.8,5
C0052,2025-04-01,0,1,56,0,0.0,,0
C0052,2025-05-01,0,0,56,0,0.0,,0
C0052,2025-06-01,0,0,56,0,0.0,,0
C0052,2025-07-01,0,0,56,0,0.0,,0
C0052,2025-08-01,0,0,56,0,0.0,,0
C0053,2024-09-01,493,38,54,6,10.0,4.7,8
C0053,2024-10-01,435,36,54,2,8.5,4.7,7
C0053,2024-11-01,446,37,54,5,15.3,,8
C0053,2024-12-01,531,41,54,6,27.5,4.5,7
C0053,2025-01-01,490,39,54,4,8.8,4.4,8
C0053,2025-02-01,503,41,54,12,5.4,4.0,8
C0053,2025-03-01,463,37,54,6,8.7,4.5,8
C0053,2025-04-01,552,40,54,5,15.3,4.5,8
C0053,2025-05-01,490,40,54,6,9.1,4.4,8
C0053,2025-06-01,514,42,54,4,14.6,4.4,9
C0053,2025-07-01,474,42,54,4,14.4,4.3,9
C0053,2025-08-01,527,42,54,5,5.8,4.4,9
C0054,2024-09-01,356,24,36,7,5.1,4.3,7
C0054,2024-10-01,444,29,36,0,0.0,,7
C0054,2024-11-01,294,25,36,6,12.2,4.4,8
C0054,2024-12-01,356,25,36,0,0.0,,8
C0054,2025-01-01,415,27,36,4,9.5,4.3,8
C0054,2025-02-01,426,28,36,3,14.6,,8
C0054,2025-03-01,360,27,36,3,8.4,,8
C0054,2025-04-01,354,25,36,2,4.6,4.4,8
C0054,2025-05-01,318,26,36,3,9.9,,9
C0054,2025-06-01,354,24,36,5,12.2,4.0,8
C0054,2025-07-01,345,27,36,3,13.3,3.7,9
C0054,2025-08-01,369,24,36,8,6.2,4.3,9
C0055,2024-09-01,646,45,54,4,22.8,4.7,8
C0055,2024-10-01,661,46,54,6,10.6,4.5,8
C0055,2024-11-01,632,44,54,7,12.9,4.0,8
C0055,2024-12-01,603,42,54,6,9.3,4.5,8
C0055,2025-01-01,618,43,54,4,7.0,4.6,8
C0055,2025-02-01,198,23,54,12,14.0,3.4,5
C0055,2025-03-01,115,16,54,10,11.2,2.9,4
C0055,2025-04-01,181,21,54,1,19.9,3.4,4
C0055,2025-05-01,431,30,54,7,20.7,4.0,8
C0055,2025-06-01,532,37,54,5,5.1,4.4,7
C0055,2025-07-01,603,42,54,0,0.0,,8
C0055,2025-08-01,632,44,54,4,9.1,4.5,8
C0056,2024-09-01,121,8,11,1,5.0,4.7,7
C0056,2024-10-01,129,8,11,1,4.5,4.2,7
C0056,2024-11-01,131,8,11,1,5.6,,8
C0056,2024-12-01,124,8,11,3,16.1,,8
C0056,2025-01-01,135,8,11,3,9.1,,8
C0056,2025-02-01,117,8,11,0,0.0,,8
C0056,2025-03-01,108,8,11,3,13.1,4.9,9
C0056,2025-04-01,128,8,11,1,6.7,4.7,8
C0056,2025-05-01,107,8,11,3,8.5,4.5,8
C0056,2025-06-01,115,8,11,0,0.0,,8
C0056,2025-07-01,124,8,11,1,13.6,4.1,8
C0056,2025-08-01,119,8,11,0,0.0,,9
C0057,2024-09-01,163,14,19,3,7.7,3.9,7
C0057,2024-10-01,165,14,19,2,3.4,4.2,7
C0057,2024-11-01,145,13,19,3,5.7,4.4,7
C0057,2024-12-01,141,13,19,1,8.0,4.4,8
C0057,2025-01-01,173,15,19,1,24.2,4.4,8
C0057,2025-02-01,145,14,19,1,12.1,4.0,8
C0057,2025-03-01,157,15,19,3,14.4,4.3,8
C0057,2025-04-01,164,15,19,3,14.0,4.6,8
C0057,2025-05-01,147,15,19,1,16.9,,9
C0057,2025-06-01,184,16,19,2,13.5,4.3,9
C0057,2025-07-01,0,1,19,0,0.0,,0
C0057,2025-08-01,0,0,19,0,0.0,,0
C0058,2024-09-01,321,29,39,9,8.5,4.0,7
C0058,2024-10-01,414,29,39,10,8.0,4.1,7
C0058,2024-11-01,369,28,39,8,7.8,4.3,7
C0058,2024-12-01,382,30,39,11,10.2,4.8,8
C0058,2025-01-01,376,29,39,11,7.8,,8
C0058,2025-02-01,354,27,39,9,7.3,4.2,8
C0058,2025-03-01,377,26,39,9,18.0,4.2,8
C0058,2025-04-01,393,29,39,8,3.5,4.6,8
C0058,2025-05-01,405,28,39,2,6.0,4.3,8
C0058,2025-06-01,360,26,39,12,13.2,,9
C0058,2025-07-01,382,29,39,7,13.8,4.3,9
C0058,2025-08-01,367,28,39,12,32.2,4.8,9
C0059,2024-09-01,49,5,7,2,3.8,4.1,7
C0059,2024-10-01,45,5,7,1,8.3,4.4,7
C0059,2024-11-01,48,5,7,3,6.4,4.6,8
C0059,2024-12-01,50,5,7,2,12.7,4.2,8
C0059,2025-01-01,47,5,7,1,15.1,,8
C0059,2025-02-01,47,5,7,2,15.7,4.5,8
C0059,2025-03-01,48,5,7,2,21.8,,8
C0059,2025-04-01,55,5,7,0,0.0,,8
C0059,2025-05-01,43,5,7,0,0.0,,9
C0059,2025-06-01,50,5,7,1,10.6,4.5,9
C0059,2025-07-01,57,6,7,1,9.3,4.6,9
C0059,2025-08-01,47,5,7,1,19.9,4.3,9
C0060,2024-09-01,102,12,18,1,8.4,4.3,7
C0060,2024-10-01,133,13,18,7,3.3,4.2,8
C0060,2024-11-01,121,13,18,4,8.1,4.9,7
C0060,2024-12-01,117,12,18,4,9.7,4.9,8
C0060,2025-01-01,138,14,18,4,8.1,,8
C0060,2025-02-01,123,14,18,4,9.9,,8
C0060,2025-03-01,126,14,18,6,15.6,4.6,8
C0060,2025-04-01,145,14,18,3,10.8,,8
C0060,2025-05-01,135,14,18,2,10.7,,9
C0060,2025-06-01,128,14,18,2,14.2,4.5,9
C0060,2025-07-01,132,14,18,3,9.4,4.6,9
C0060,2025-08-01,152,15,18,2,9.4,4.7,9
C0061,2024-09-01,1109,79,114,18,10.1,,7
C0061,2024-10-01,1199,83,114,12,8.1,4.6,7
C0061,2024-11-01,1084,77,114,13,10.7,3.7,8
C0061,2024-12-01,1114,78,114,14,11.1,4.3,8
C0061,2025-01-01,1003,78,114,18,7.7,4.8,7
C0061,2025-02-01,1170,81,114,14,6.6,4.0,8
C0061,2025-03-01,1099,81,114,14,13.4,4.5,8
C0061,2025-04-01,1184,83,114,17,9.0,,9
C0061,2025-05-01,1239,84,114,8,6.0,,8
C0061,2025-06-01,1177,81,114,8,17.8,4.7,9
C0061,2025-07-01,1170,82,114,14,5.6,4.4,9
C0061,2025-08-01,1132,78,114,17,6.0,4.9,9
C0062,2024-09-01,214,31,44,5,11.9,4.2,7
C0062,2024-10-01,211,33,44,4,12.4,4.3,7
C0062,2024-11-01,240,35,44,4,10.2,4.6,7
C0062,2024-12-01,240,31,44,6,10.2,4.6,8
C0062,2025-01-01,230,33,44,5,14.6,4.6,8
C0062,2025-02-01,206,29,44,6,15.9,4.1,8
C0062,2025-03-01,245,34,44,8,23.2,4.4,8
C0062,2025-04-01,243,30,44,5,12.6,4.9,9
C0062,2025-05-01,229,32,44,6,6.7,4.1,9
C0062,2025-06-01,243,32,44,5,20.1,4.6,8
C0062,2025-07-01,227,33,44,5,23.7,4.5,9
C0062,2025-08-01,246,35,44,5,14.2,4.4,9
C0063,2024-09-01,69,6,8,0,0.0,,7
C0063,2024-10-01,63,6,8,3,10.1,,8
C0063,2024-11-01,67,6,8,2,14.2,4.9,8
C0063,2024-12-01,79,6,8,0,0.0,,7
C0063,2025-01-01,68,6,8,1,7.3,,8
C0063,2025-02-01,63,6,8,2,11.1,4.8,8
C0063,2025-03-01,69,6,8,1,10.2,4.2,8
C0063,2025-04-01,65,6,8,0,0.0,,9
C0063,2025-05-01,63,6,8,1,4.7,4.3,9
C0063,2025-06-01,75,6,8,4,26.0,4.3,9
C0063,2025-07-01,71,6,8,0,0.0,,9
C0063,2025-08-01,68,6,8,0,0.0,,8
C0064,2024-09-01,498,38,54,2,11.4,4.4,7
C0064,2024-10-01,487,38,54,10,26.5,4.8,7
C0064,2024-11-01,529,38,54,4,3.6,4.2,8
C0064,2024-12-01,504,40,54,7,8.7,4.0,8
C0064,2025-01-01,506,38,54,6,16.6,4.4,8
C0064,2025-02-01,548,40,54,4,11.2,4.4,9
C0064,2025-03-01,476,40,54,4,3.6,4.2,8
C0064,2025-04-01,549,44,54,8,18.2,4.4,8
C0064,2025-05-01,550,42,54,5,19.0,,8
C0064,2025-06-01,583,43,54,8,16.6,4.5,8
C0064,2025-07-01,581,41,54,5,6.1,4.2,8
C0064,2025-08-01,567,44,54,9,5.7,4.3,9
C0065,2024-09-01,1092,92,127,18,8.2,3.9,7
C0065,2024-10-01,1079,95,127,26,11.0,4.7,8
C0065,2024-11-01,1029,91,127,20,10.8,4.4,7
C0065,2024-12-01,1166,91,127,20,8.6,3.8,8
C0065,2025-01-01,1020,94,127,11,16.1,4.0,8
C0065,2025-02-01,1115,91,127,16,6.7,,8
C0065,2025-03-01,1038,97,127,11,20.3,4.1,8
C0065,2025-04-01,1064,89,127,21,11.2,4.7,8
C0065,2025-05-01,1187,99,127,20,13.6,4.2,8
C0065,2025-06-01,1070,96,127,19,9.8,4.6,9
C0065,2025-07-01,1024,96,127,17,14.3,4.4,8
C0065,2025-08-01,923,91,127,7,5.7,4.6,9
C0066,2024-09-01,488,34,51,3,10.2,4.5,7
C0066,2024-10-01,520,36,51,4,7.0,4.5,8
C0066,2024-11-01,616,41,51,2,10.5,4.7,7
C0066,2024-12-01,532,37,51,8,15.7,,7
C0066,2025-01-01,553,37,51,4,7.1,4.6,7
C0066,2025-02-01,549,37,51,5,8.1,4.4,8
C0066,2025-03-01,603,41,51,7,11.0,,8
C0066,2025-04-01,663,39,51,6,8.3,4.2,8
C0066,2025-05-01,600,39,51,4,13.3,4.4,8
C0066,2025-06-01,587,43,51,8,6.1,4.2,8
C0066,2025-07-01,626,42,51,1,10.4,4.7,9
C0066,2025-08-01,556,40,51,1,5.3,4.5,9
C0067,2024-09-01,38,4,5,1,18.8,,7
C0067,2024-10-01,42,4,5,2,10.2,4.3,7
C0067,2024-11-01,34,3,5,1,9.8,4.5,7
C0067,2024-12-01,44,4,5,0,0.0,,8
C0067,2025-01-01,41,4,5,1,11.3,4.2,8
C0067,2025-02-01,28,3,5,0,0.0,,8
C0067,2025-03-01,44,4,5,1,23.0,4.2,8
C0067,2025-04-01,42,4,5,0,0.0,,8
C0067,2025-05-01,43,4,5,0,0.0,,8
C0067,2025-06-01,47,4,5,1,7.6,4.2,8
C0067,2025-07-01,40,4,5,0,0.0,,8
C0067,2025-08-01,35,4,5,0,0.0,,9
C0068,2024-09-01,146,15,21,2,7.6,,7
C0068,2024-10-01,149,15,21,5,18.2,4.5,7
C0068,2024-11-01,146,15,21,2,4.6,4.6,7
C0068,2024-12-01,150,15,21,3,8.0,,8
C0068,2025-01-01,163,15,21,2,8.7,,8
C0068,2025-02-01,162,14,21,5,11.0,4.8,8
C0068,2025-03-01,179,17,21,2,11.5,4.7,8
C0068,2025-04-01,161,15,21,1,19.8,4.3,8
C0068,2025-05-01,166,15,21,4,5.8,4.2,8
C0068,2025-06-01,153,15,21,0,0.0,,8
C0068,2025-07-01,165,15,21,3,9.5,4.2,8
C0068,2025-08-01,169,16,21,1,5.4,4.1,9
C0069,2024-09-01,279,29,35,10,13.1,4.4,8
C0069,2024-10-01,260,27,35,8,5.0,,8
C0069,2024-11-01,289,30,35,4,26.3,4.4,8
C0069,2024-12-01,279,29,35,11,16.4,4.4,8
C0069,2025-01-01,269,28,35,4,8.6,4.3,8
C0069,2025-02-01,260,27,35,3,8.5,4.3,8
C0069,2025-03-01,250,26,35,11,8.8,4.2,8
C0069,2025-04-01,269,28,35,8,20.1,4.4,8
C0069,2025-05-01,0,1,35,0,0.0,,0
C0069,2025-06-01,0,0,35,0,0.0,,0
C0069,2025-07-01,0,0,35,0,0.0,,0
C0069,2025-08-01,0,0,35,0,0.0,,0
C0070,2024-09-01,133,9,11,1,7.6,,8
C0070,2024-10-01,113,8,11,4,13.3,4.2,7
C0070,2024-11-01,108,8,11,0,0.0,,7
C0070,2024-12-01,104,8,11,0,0.0,,6
C0070,2025-01-01,86,7,11,2,6.9,4.0,6
C0070,2025-02-01,70,6,11,2,19.8,3.8,5
C0070,2025-03-01,67,6,11,1,11.4,,5
C0070,2025-04-01,0,1,11,0,0.0,,0
C0070,2025-05-01,0,0,11,0,0.0,,0
C0070,2025-06-01,0,0,11,0,0.0,,0
C0070,2025-07-01,0,0,11,0,0.0,,0
C0070,2025-08-01,0,0,11,0,0.0,,0
C0071,2024-09-01,58,9,12,3,11.3,4.7,7
C0071,2024-10-01,65,9,12,2,8.8,,7
C0071,2024-11-01,61,8,12,3,16.5,4.4,7
C0071,2024-12-01,71,9,12,2,3.8,4.3,8
C0071,2025-01-01,55,8,12,0,0.0,,8
C0071,2025-02-01,61,8,12,4,8.4,4.4,8
C0071,2025-03-01,65,9,12,1,9.0,4.4,8
C0071,2025-04-01,70,9,12,0,0.0,,8
C0071,2025-05-01,69,9,12,2,7.8,4.4,9
C0071,2025-06-01,64,8,12,1,10.4,4.3,9
C0071,2025-07-01,66,8,12,3,10.1,4.4,9
C0071,2025-08-01,71,9,12,1,25.4,4.5,9
C0072,2024-09-01,103,13,18,1,18.1,4.2,7
C0072,2024-10-01,98,13,18,2,19.6,4.3,8
C0072,2024-11-01,87,13,18,5,14.3,4.2,8
C0072,2024-12-01,95,12,18,3,10.0,4.3,8
C0072,2025-01-01,100,13,18,5,6.6,4.2,8
C0072,2025-02-01,93,13,18,3,8.1,4.3,8
C0072,2025-03-01,104,13,18,1,16.1,4.4,8
C0072,2025-04-01,91,13,18,4,7.1,4.3,8
C0072,2025-05-01,105,13,18,3,14.4,4.4,8
C0072,2025-06-01,99,13,18,1,18.4,4.5,8
C0072,2025-07-01,86,13,18,5,13.4,4.1,8
C0072,2025-08-01,100,13,18,4,23.3,4.5,9
C0073,2024-09-01,517,59,82,13,8.4,4.3,8
C0073,2024-10-01,491,60,82,5,12.3,4.5,7
C0073,2024-11-01,441,60,82,8,8.5,4.5,8
C0073,2024-12-01,494,59,82,9,12.7,4.6,7
C0073,2025-01-01,590,62,82,9,13.1,4.3,8
C0073,2025-02-01,510,62,82,5,4.5,4.0,8
C0073,2025-03-01,547,61,82,12,9.2,4.3,9
C0073,2025-04-01,606,66,82,7,3.8,4.4,8
C0073,2025-05-01,556,65,82,7,9.2,,8
C0073,2025-06-01,552,64,82,5,7.7,4.3,9
C0073,2025-07-01,530,69,82,12,24.4,4.6,9
C0073,2025-08-01,508,62,82,7,12.8,4.2,8
C0074,2024-09-01,29,4,5,0,0.0,,8
C0074,2024-10-01,29,4,5,0,0.0,,8
C0074,2024-11-01,29,4,5,1,15.2,4.2,8
C0074,2024-12-01,29,4,5,1,7.4,4.3,8
C0074,2025-01-01,29,4,5,1,8.2,4.1,8
C0074,2025-02-01,29,4,5,0,0.0,,8
C0074,2025-03-01,23,4,5,1,16.3,4.2,8
C0074,2025-04-01,23,4,5,2,11.7,4.0,8
C0074,2025-05-01,17,3,5,4,14.8,3.5,8
C0074,2025-06-01,17,3,5,1,40.2,3.2,8
C0074,2025-07-01,17,3,5,1,17.9,2.8,8
C0074,2025-08-01,12,2,5,3,56.1,2.5,8
C0075,2024-09-01,38,5,7,0,0.0,,7
C0075,2024-10-01,39,5,7,2,21.6,4.6,7
C0075,2024-11-01,42,5,7,1,10.8,4.8,7
C0075,2024-12-01,42,5,7,1,10.4,4.2,7
C0075,2025-01-01,40,5,7,1,14.9,5.1,8
C0075,2025-02-01,37,5,7,1,8.5,,8
C0075,2025-03-01,47,6,7,0,0.0,,9
C0075,2025-04-01,36,5,7,0,0.0,,8
C0075,2025-05-01,40,5,7,1,10.4,4.8,9
C0075,2025-06-01,48,6,7,1,13.1,4.7,8
C0075,2025-07-01,47,6,7,1,8.2,4.1,9
C0075,2025-08-01,40,5,7,1,8.9,4.4,9
C0076,2024-09-01,231,22,31,4,9.0,4.1,7
C0076,2024-10-01,230,22,31,3,8.0,3.9,7
C0076,2024-11-01,233,23,31,2,23.1,4.3,7
C0076,2024-12-01,270,22,31,0,0.0,,8
C0076,2025-01-01,238,22,31,7,7.2,,8
C0076,2025-02-01,240,22,31,4,8.6,4.3,8
C0076,2025-03-01,227,22,31,3,13.7,3.9,8
C0076,2025-04-01,215,21,31,5,11.1,4.3,9
C0076,2025-05-01,248,22,31,5,4.2,4.6,8
C0076,2025-06-01,220,23,31,6,16.5,4.6,9
C0076,2025-07-01,0,1,31,0,0.0,,0
C0076,2025-08-01,0,0,31,0,0.0,,0
C0077,2024-09-01,500,60,76,8,18.1,4.2,8
C0077,2024-10-01,440,55,76,12,12.0,4.2,7
C0077,2024-11-01,391,51,76,9,9.5,3.9,7
C0077,2024-12-01,381,52,76,15,4.4,4.2,6
C0077,2025-01-01,321,46,76,18,13.4,3.9,6
C0077,2025-02-01,285,43,76,15,7.8,3.7,5
C0077,2025-03-01,239,38,76,9,4.8,3.6,5
C0077,2025-04-01,208,35,76,13,11.6,3.5,4
C0077,2025-05-01,174,31,76,14,12.5,3.6,4
C0077,2025-06-01,153,29,76,20,7.5,3.2,3
C0077,2025-07-01,123,25,76,14,5.0,,3
C0077,2025-08-01,101,22,76,16,5.1,3.3,2
C0078,2024-09-01,841,102,133,9,13.0,,7
C0078,2024-10-01,762,97,133,10,9.1,3.3,7
C0078,2024-11-01,732,92,133,17,5.1,4.1,7
C0078,2024-12-01,748,94,133,23,12.7,4.5,7
C0078,2025-01-01,742,94,133,12,9.3,4.2,8
C0078,2025-02-01,815,104,133,17,5.0,,8
C0078,2025-03-01,884,105,133,12,12.8,3.6,8
C0078,2025-04-01,0,1,133,0,0.0,,0
C0078,2025-05-01,0,0,133,0,0.0,,0
C0078,2025-06-01,0,0,133,0,0.0,,0
C0078,2025-07-01,0,0,133,0,0.0,,0
C0078,2025-08-01,0,0,133,0,0.0,,0
C0079,2024-09-01,147,12,16,1,8.5,4.3,8
C0079,2024-10-01,147,12,16,5,16.2,4.3,8
C0079,2024-11-01,135,11,16,2,10.6,4.2,8
C0079,2024-12-01,147,12,16,1,13.5,4.4,8
C0079,2025-01-01,159,13,16,1,11.4,,8
C0079,2025-02-01,117,12,16,4,10.4,4.1,8
C0079,2025-03-01,117,12,16,4,33.6,3.8,8
C0079,2025-04-01,108,11,16,2,22.5,3.7,8
C0079,2025-05-01,98,10,16,11,12.6,3.3,8
C0079,2025-06-01,88,9,16,3,12.6,2.9,8
C0079,2025-07-01,88,9,16,3,27.5,2.8,8
C0079,2025-08-01,78,8,16,7,21.0,2.3,8
C0080,2024-09-01,123,11,15,1,10.6,4.4,7
C0080,2024-10-01,128,11,15,1,8.8,3.9,7
C0080,2024-11-01,144,12,15,2,21.6,4.5,8
C0080,2024-12-01,134,11,15,0,0.0,,7
C0080,2025-01-01,116,11,15,0,0.0,,8
C0080,2025-02-01,143,12,15,2,8.0,4.6,8
C0080,2025-03-01,133,11,15,1,9.0,4.3,9
C0080,2025-04-01,149,12,15,2,9.5,,8
C0080,2025-05-01,146,11,15,0,0.0,,8
C0080,2025-06-01,134,11,15,3,6.3,4.5,9
C0080,2025-07-01,137,12,15,0,0.0,,9
C0080,2025-08-01,118,11,15,3,18.1,4.5,9
C0081,2024-09-01,87,11,15,1,7.3,4.2,7
C0081,2024-10-01,94,11,15,4,6.0,4.4,7
C0081,2024-11-01,91,11,15,4,11.3,4.1,7
C0081,2024-12-01,89,10,15,2,8.9,4.9,8
C0081,2025-01-01,95,11,15,3,14.2,3.9,8
C0081,2025-02-01,95,11,15,0,0.0,,8
C0081,2025-03-01,87,11,15,1,13.6,4.2,8
C0081,2025-04-01,81,10,15,5,16.2,,9
C0081,2025-05-01,80,10,15,0,0.0,,9
C0081,2025-06-01,74,10,15,5,25.7,4.1,8
C0081,2025-07-01,89,10,15,2,14.5,,8
C0081,2025-08-01,94,11,15,0,0.0,,9
C0082,2024-09-01,491,41,51,8,4.0,4.1,8
C0082,2024-10-01,425,37,51,10,11.8,4.0,7
C0082,2024-11-01,396,36,51,12,9.9,,7
C0082,2024-12-01,358,34,51,9,7.2,,6
C0082,2025-01-01,291,29,51,11,6.5,3.7,6
C0082,2025-02-01,276,29,51,7,27.1,3.8,5
C0082,2025-03-01,235,26,51,12,10.4,3.7,5
C0082,2025-04-01,197,23,51,15,6.8,3.6,4
C0082,2025-05-01,169,21,51,9,4.2,3.6,4
C0082,2025-06-01,144,19,51,12,10.9,3.4,3
C0082,2025-07-01,135,19,51,7,12.8,3.4,3
C0082,2025-08-01,99,15,51,14,8.5,3.1,2
C0083,2024-09-01,406,41,60,15,20.4,4.7,7
C0083,2024-10-01,398,39,60,12,10.6,4.8,7
C0083,2024-11-01,413,44,60,17,8.9,4.8,8
C0083,2024-12-01,438,40,60,12,7.1,4.4,8
C0083,2025-01-01,440,41,60,5,6.6,4.5,8
C0083,2025-02-01,428,40,60,12,10.9,4.2,7
C0083,2025-03-01,441,40,60,18,14.2,4.4,8
C0083,2025-04-01,437,44,60,11,10.7,5.1,8
C0083,2025-05-01,431,43,60,11,10.3,3.9,8
C0083,2025-06-01,484,43,60,17,14.6,4.7,8
C0083,2025-07-01,434,41,60,9,3.4,4.6,9
C0083,2025-08-01,371,42,60,8,11.6,4.0,9
C0084,2024-09-01,207,19,27,6,9.6,4.2,7
C0084,2024-10-01,243,20,27,6,6.1,4.3,7
C0084,2024-11-01,238,20,27,0,0.0,,7
C0084,2024-12-01,237,19,27,8,9.0,4.1,8
C0084,2025-01-01,240,19,27,6,16.0,4.2,8
C0084,2025-02-01,246,20,27,2,8.0,4.6,8
C0084,2025-03-01,245,20,27,6,15.1,,8
C0084,2025-04-01,263,20,27,3,8.4,4.2,8
C0084,2025-05-01,226,18,27,3,11.9,4.2,9
C0084,2025-06-01,247,20,27,4,11.5,4.6,8
C0084,2025-07-01,249,20,27,10,17.1,4.1,9
C0084,2025-08-01,260,19,27,5,22.9,4.9,9
C0085,2024-09-01,323,34,43,8,13.5,,8
C0085,2024-10-01,332,35,43,6,10.7,4.3,8
C0085,2024-11-01,313,33,43,13,23.0,4.4,8
C0085,2024-12-01,313,33,43,6,18.6,4.4,8
C0085,2025-01-01,313,33,43,7,13.5,4.5,8
C0085,2025-02-01,342,36,43,11,3.9,4.2,8
C0085,2025-03-01,313,33,43,5,8.6,4.3,8
C0085,2025-04-01,0,1,43,0,0.0,,0
C0085,2025-05-01,0,0,43,0,0.0,,0
C0085,2025-06-01,0,0,43,0,0.0,,0
C0085,2025-07-01,0,0,43,0,0.0,,0
C0085,2025-08-01,0,0,43,0,0.0,,0
C0086,2024-09-01,871,84,121,30,12.5,4.1,7
C0086,2024-10-01,918,82,121,22,13.1,,7
C0086,2024-11-01,893,90,121,29,14.9,4.1,7
C0086,2024-12-01,900,92,121,10,11.3,4.7,8
C0086,2025-01-01,1005,94,121,16,12.6,,8
C0086,2025-02-01,1011,94,121,20,10.9,4.0,8
C0086,2025-03-01,985,99,121,23,14.8,4.0,8
C0086,2025-04-01,1112,98,121,20,7.3,,8
C0086,2025-05-01,1229,105,121,21,9.3,4.7,9
C0086,2025-06-01,1081,107,121,31,13.8,4.4,8
C0086,2025-07-01,1029,90,121,18,8.0,4.5,9
C0086,2025-08-01,810,90,121,27,12.7,,9
C0087,2024-09-01,353,28,35,6,5.3,4.4,7
C0087,2024-10-01,303,24,35,2,8.1,5.0,7
C0087,2024-11-01,288,25,35,7,9.2,,7
C0087,2024-12-01,297,25,35,4,14.1,4.5,8
C0087,2025-01-01,341,28,35,4,15.4,4.3,7
C0087,2025-02-01,292,27,35,9,6.0,4.2,8
C0087,2025-03-01,282,26,35,6,9.0,4.2,8
C0087,2025-04-01,279,26,35,4,8.9,4.0,8
C0087,2025-05-01,335,29,35,4,12.4,,9
C0087,2025-06-01,319,28,35,8,17.0,4.1,8
C0087,2025-07-01,308,29,35,9,3.9,4.9,9
C0087,2025-08-01,328,28,35,6,17.1,4.7,9
C0088,2024-09-01,112,14,21,5,9.1,,7
C0088,2024-10-01,113,15,21,6,17.4,4.8,7
C0088,2024-11-01,117,15,21,7,12.6,4.4,7
C0088,2024-12-01,113,15,21,10,10.1,3.9,8
C0088,2025-01-01,112,14,21,1,13.0,4.3,8
C0088,2025-02-01,101,14,21,1,7.3,4.5,8
C0088,2025-03-01,129,16,21,2,9.2,4.2,8
C0088,2025-04-01,120,15,21,6,20.5,,9
C0088,2025-05-01,108,14,21,2,4.0,3.9,8
C0088,2025-06-01,112,14,21,1,8.2,3.6,9
C0088,2025-07-01,115,15,21,6,7.5,,8
C0088,2025-08-01,113,15,21,5,12.1,4.3,9
C0089,2024-09-01,846,76,100,11,8.4,4.6,7
C0089,2024-10-01,761,70,100,10,7.3,4.2,8
C0089,2024-11-01,768,70,100,25,18.7,4.9,7
C0089,2024-12-01,739,75,100,28,7.6,4.7,7
C0089,2025-01-01,729,71,100,21,14.7,3.9,7
C0089,2025-02-01,953,80,100,21,19.9,4.0,8
C0089,2025-03-01,841,75,100,21,14.4,4.0,8
C0089,2025-04-01,844,82,100,15,15.7,5.1,8
C0089,2025-05-01,759,76,100,22,12.3,4.6,8
C0089,2025-06-01,826,79,100,19,12.7,,8
C0089,2025-07-01,889,84,100,10,25.8,4.3,8
C0089,2025-08-01,969,80,100,17,13.2,4.7,9
C0090,2024-09-01,133,12,18,1,12.5,4.1,7
C0090,2024-10-01,140,13,18,3,7.5,4.1,7
C0090,2024-11-01,140,13,18,2,6.2,4.5,8
C0090,2024-12-01,145,13,18,2,13.6,4.6,8
C0090,2025-01-01,158,14,18,4,18.9,,8
C0090,2025-02-01,142,13,18,3,8.6,4.9,8
C0090,2025-03-01,152,14,18,1,7.1,4.3,8
C0090,2025-04-01,183,15,18,2,7.8,4.2,8
C0090,2025-05-01,163,14,18,1,3.9,4.5,8
C0090,2025-06-01,160,14,18,1,4.9,4.6,9
C0090,2025-07-01,153,14,18,0,0.0,,9
C0090,2025-08-01,143,14,18,1,6.4,4.5,8
C0091,2024-09-01,314,21,28,3,6.5,4.2,8
C0091,2024-10-01,314,21,28,3,14.3,4.3,7
C0091,2024-11-01,314,21,28,3,10.9,4.3,7
C0091,2024-12-01,299,20,28,1,8.7,4.2,7
C0091,2025-01-01,314,21,28,4,13.2,4.2,7
C0091,2025-02-01,299,20,28,4,16.0,4.3,7
C0091,2025-03-01,299,20,28,1,8.3,4.4,7
C0091,2025-04-01,158,17,28,6,35.8,4.0,6
C0091,2025-05-01,58,7,28,7,15.9,3.7,5
C0091,2025-06-01,25,3,28,10,20.9,3.1,4
C0091,2025-07-01,8,1,28,13,35.1,,4
C0091,2025-08-01,8,1,28,7,21.5,2.8,3
C0092,2024-09-01,461,43,57,7,10.6,4.2,7
C0092,2024-10-01,440,41,57,15,11.1,4.3,7
C0092,2024-11-01,494,46,57,6,9.1,,7
C0092,2024-12-01,440,41,57,11,23.3,,8
C0092,2025-01-01,461,43,57,12,6.6,4.3,7
C0092,2025-02-01,213,32,57,9,23.4,3.7,6
C0092,2025-03-01,77,13,57,20,9.7,3.8,6
C0092,2025-04-01,35,6,57,19,23.5,3.5,4
C0092,2025-05-01,12,2,57,28,19.3,3.2,3
C0092,2025-06-01,0,1,57,0,0.0,,0
C0092,2025-07-01,0,0,57,0,0.0,,0
C0092,2025-08-01,0,0,57,0,0.0,,0
C0093,2024-09-01,362,41,56,4,10.3,4.1,7
C0093,2024-10-01,419,45,56,7,10.9,4.0,8
C0093,2024-11-01,423,44,56,9,5.5,4.3,8
C0093,2024-12-01,450,44,56,7,30.4,4.4,8
C0093,2025-01-01,389,40,56,9,28.0,4.2,8
C0093,2025-02-01,460,45,56,3,9.9,4.7,8
C0093,2025-03-01,366,42,56,6,9.3,4.6,8
C0093,2025-04-01,391,42,56,5,7.6,4.7,8
C0093,2025-05-01,379,38,56,10,14.4,4.0,8
C0093,2025-06-01,419,43,56,5,10.6,4.8,8
C0093,2025-07-01,371,41,56,3,6.3,4.9,9
C0093,2025-08-01,434,43,56,11,15.7,,9
C0094,2024-09-01,763,98,140,16,14.9,4.2,7
C0094,2024-10-01,835,100,140,12,7.6,4.6,7
C0094,2024-11-01,902,104,140,18,7.7,4.1,7
C0094,2024-12-01,879,99,140,14,15.4,,8
C0094,2025-01-01,1037,111,140,17,11.3,,8
C0094,2025-02-01,985,114,140,19,7.0,4.4,8
C0094,2025-03-01,917,107,140,12,20.2,4.4,8
C0094,2025-04-01,960,110,140,13,11.0,4.3,8
C0094,2025-05-01,992,115,140,21,13.4,3.9,8
C0094,2025-06-01,1063,119,140,13,10.9,4.1,8
C0094,2025-07-01,1060,119,140,11,17.1,4.6,9
C0094,2025-08-01,1020,106,140,19,10.6,3.9,9
C0095,2024-09-01,191,25,35,1,13.7,4.1,7
C0095,2024-10-01,197,26,35,3,10.8,4.3,8
C0095,2024-11-01,223,26,35,3,13.4,4.0,8
C0095,2024-12-01,192,25,35,6,16.4,4.6,7
C0095,2025-01-01,179,25,35,3,7.1,4.1,8
C0095,2025-02-01,206,25,35,3,9.8,4.3,8
C0095,2025-03-01,196,25,35,6,14.9,4.3,8
C0095,2025-04-01,212,25,35,1,16.2,,8
C0095,2025-05-01,189,24,35,3,6.4,4.6,9
C0095,2025-06-01,194,25,35,5,9.5,4.5,9
C0095,2025-07-01,212,25,35,2,17.1,4.9,9
C0095,2025-08-01,176,25,35,7,10.0,,9
C0096,2024-09-01,303,24,33,3,7.7,4.3,7
C0096,2024-10-01,346,24,33,9,13.4,4.3,7
C0096,2024-11-01,282,24,33,13,8.4,4.4,7
C0096,2024-12-01,320,24,33,3,3.7,3.9,8
C0096,2025-01-01,308,24,33,3,11.9,,8
C0096,2025-02-01,274,23,33,4,7.2,4.6,8
C0096,2025-03-01,285,23,33,7,17.4,4.9,8
C0096,2025-04-01,332,25,33,3,17.3,4.3,8
C0096,2025-05-01,272,22,33,5,6.1,,8
C0096,2025-06-01,331,25,33,6,6.0,,9
C0096,2025-07-01,317,22,33,9,15.1,4.4,9
C0096,2025-08-01,303,23,33,5,8.9,4.5,9
C0097,2024-09-01,184,18,25,2,14.7,4.0,8
C0097,2024-10-01,192,19,25,3,6.1,4.1,7
C0097,2024-11-01,173,19,25,1,21.3,4.5,8
C0097,2024-12-01,202,18,25,4,5.4,,8
C0097,2025-01-01,175,18,25,1,12.1,,8
C0097,2025-02-01,209,20,25,2,5.7,4.7,8
C0097,2025-03-01,180,19,25,2,4.8,,8
C0097,2025-04-01,204,19,25,4,19.3,4.2,8
C0097,2025-05-01,197,20,25,2,4.0,4.7,9
C0097,2025-06-01,193,20,25,6,11.8,4.3,9
C0097,2025-07-01,209,20,25,3,14.8,4.6,9
C0097,2025-08-01,208,21,25,5,17.1,4.6,9
C0098,2024-09-01,275,24,33,5,7.7,4.2,7
C0098,2024-10-01,247,23,33,7,12.2,4.4,7
C0098,2024-11-01,290,23,33,7,5.2,4.3,8
C0098,2024-12-01,283,23,33,8,6.6,4.3,8
C0098,2025-01-01,274,23,33,8,13.8,4.4,8
C0098,2025-02-01,272,24,33,13,9.6,,7
C0098,2025-03-01,274,23,33,5,15.0,4.7,8
C0098,2025-04-01,296,23,33,12,11.8,4.4,8
C0098,2025-05-01,260,24,33,5,15.1,4.5,8
C0098,2025-06-01,271,25,33,3,7.0,4.3,8
C0098,2025-07-01,288,25,33,3,11.2,4.5,8
C0098,2025-08-01,287,24,33,3,10.8,4.9,9
C0099,2024-09-01,186,19,27,4,5.3,4.6,7
C0099,2024-10-01,212,20,27,1,2.5,4.2,7
C0099,2024-11-01,204,19,27,3,15.8,,8
C0099,2024-12-01,230,21,27,8,12.2,4.9,8
C0099,2025-01-01,225,20,27,4,4.3,4.3,8
C0099,2025-02-01,220,20,27,3,6.7,4.5,8
C0099,2025-03-01,236,22,27,6,10.0,4.2,8
C0099,2025-04-01,206,20,27,1,17.7,4.7,8
C0099,2025-05-01,241,21,27,5,5.5,4.8,8
C0099,2025-06-01,238,22,27,5,19.1,4.7,8
C0099,2025-07-01,244,23,27,3,15.1,4.7,9
C0099,2025-08-01,258,24,27,1,10.8,4.4,8
C0100,2024-09-01,703,41,55,13,6.1,4.4,7
C0100,2024-10-01,594,40,55,10,9.6,4.2,8
C0100,2024-11-01,638,42,55,9,8.8,4.5,8
C0100,2024-12-01,600,42,55,11,14.9,4.6,7
C0100,2025-01-01,572,39,55,9,13.1,4.7,8
C0100,2025-02-01,653,44,55,11,9.1,4.7,8
C0100,2025-03-01,605,44,55,8,8.7,,8
C0100,2025-04-01,601,43,55,12,13.3,4.6,8
C0100,2025-05-01,692,44,55,4,5.2,4.6,8
C0100,2025-06-01,612,46,55,5,6.9,4.1,9
C0100,2025-07-01,618,41,55,13,11.4,4.2,9
C0100,2025-08-01,660,46,55,9,11.9,4.0,8
C0101,2024-09-01,575,71,89,21,16.2,4.3,8
C0101,2024-10-01,575,71,89,16,8.8,4.2,8
C0101,2024-11-01,567,70,89,17,12.8,,8
C0101,2024-12-01,600,74,89,22,7.8,,8
C0101,2025-01-01,583,72,89,15,11.7,4.3,8
C0101,2025-02-01,567,70,89,16,3.9,4.3,8
C0101,2025-03-01,543,67,89,26,10.3,,8
C0101,2025-04-01,600,74,89,14,7.0,4.4,8
C0101,2025-05-01,559,69,89,16,8.2,4.1,8
C0101,2025-06-01,88,27,89,51,41.4,2.9,4
C0101,2025-07-01,13,11,89,32,29.8,2.4,2
C0101,2025-08-01,1,2,89,19,8.8,2.2,1
C0102,2024-09-01,135,14,19,2,9.2,,7
C0102,2024-10-01,152,14,19,2,9.4,4.4,8
C0102,2024-11-01,178,15,19,3,15.9,4.1,8
C0102,2024-12-01,155,14,19,1,8.8,,7
C0102,2025-01-01,169,14,19,0,0.0,,8
C0102,2025-02-01,167,14,19,2,6.8,,8
C0102,2025-03-01,165,16,19,4,12.0,4.4,8
C0102,2025-04-01,167,15,19,1,13.0,4.7,8
C0102,2025-05-01,164,15,19,1,20.4,3.8,8
C0102,2025-06-01,165,16,19,2,5.2,4.0,8
C0102,2025-07-01,164,16,19,0,0.0,,9
C0102,2025-08-01,171,16,19,2,9.7,,9
C0103,2024-09-01,259,16,23,6,9.7,3.9,7
C0103,2024-10-01,219,16,23,4,8.0,4.2,7
C0103,2024-11-01,234,17,23,2,5.1,4.7,7
C0103,2024-12-01,209,16,23,4,8.2,4.3,8
C0103,2025-01-01,223,17,23,1,12.0,4.1,8
C0103,2025-02-01,254,17,23,2,11.2,4.5,8
C0103,2025-03-01,272,17,23,3,10.1,4.9,8
C0103,2025-04-01,245,18,23,7,7.1,3.7,8
C0103,2025-05-01,245,17,23,3,5.3,,8
C0103,2025-06-01,243,17,23,3,16.5,4.2,9
C0103,2025-07-01,284,19,23,3,25.8,,9
C0103,2025-08-01,271,17,23,2,7.7,,9
C0104,2024-09-01,888,85,112,19,16.3,4.4,7
C0104,2024-10-01,898,86,112,20,5.1,4.3,8
C0104,2024-11-01,888,85,112,28,13.1,4.2,7
C0104,2024-12-01,930,89,112,29,27.1,4.4,7
C0104,2025-01-01,857,82,112,20,13.7,,7
C0104,2025-02-01,453,70,112,26,13.0,3.8,6
C0104,2025-03-01,178,31,112,36,14.7,3.7,5
C0104,2025-04-01,80,14,112,44,26.2,,4
C0104,2025-05-01,34,6,112,43,19.2,3.4,3
C0104,2025-06-01,17,3,112,40,12.3,3.1,3
C0104,2025-07-01,6,1,112,36,11.6,2.8,1
C0104,2025-08-01,0,3,112,0,0.0,,0
C0105,2024-09-01,229,25,34,3,10.1,4.7,7
C0105,2024-10-01,246,25,34,7,12.0,,8
C0105,2024-11-01,246,24,34,4,9.0,4.6,7
C0105,2024-12-01,263,25,34,7,10.1,4.5,8
C0105,2025-01-01,265,24,34,7,12.6,4.0,7
C0105,2025-02-01,244,23,34,7,9.1,4.3,8
C0105,2025-03-01,252,24,34,3,12.9,4.7,8
C0105,2025-04-01,277,24,34,4,7.1,4.6,8
C0105,2025-05-01,231,23,34,6,12.0,4.2,8
C0105,2025-06-01,235,24,34,4,11.3,,9
C0105,2025-07-01,252,25,34,4,7.6,4.1,9
C0105,2025-08-01,217,23,34,3,8.9,4.2,9
C0106,2024-09-01,616,65,98,18,11.4,4.1,7
C0106,2024-10-01,704,70,98,28,3.3,5.0,7
C0106,2024-11-01,738,72,98,27,17.2,4.6,7
C0106,2024-12-01,713,70,98,13,3.8,4.5,8
C0106,2025-01-01,805,77,98,22,16.6,4.3,8
C0106,2025-02-01,788,74,98,13,11.8,4.5,7
C0106,2025-03-01,778,72,98,22,11.9,4.0,8
C0106,2025-04-01,769,77,98,16,10.4,4.4,8
C0106,2025-05-01,733,78,98,13,6.6,4.2,8
C0106,2025-06-01,849,76,98,24,2.4,4.2,8
C0106,2025-07-01,765,72,98,24,17.4,4.4,9
C0106,2025-08-01,715,73,98,9,5.6,,9
C0107,2024-09-01,49,6,7,0,0.0,,8
C0107,2024-10-01,49,6,7,1,13.4,3.8,8
C0107,2024-11-01,49,6,7,3,11.4,4.6,8
C0107,2024-12-01,49,6,7,2,12.0,4.5,7
C0107,2025-01-01,40,5,7,1,10.3,4.2,8
C0107,2025-02-01,15,3,7,0,0.0,,5
C0107,2025-03-01,8,2,7,3,16.5,2.8,4
C0107,2025-04-01,15,3,7,4,12.6,3.4,4
C0107,2025-05-01,32,4,7,1,5.3,4.1,7
C0107,2025-06-01,40,5,7,0,0.0,,8
C0107,2025-07-01,40,5,7,0,0.0,,8
C0107,2025-08-01,49,6,7,1,11.2,4.8,7
C0108,2024-09-01,151,11,15,4,9.7,,8
C0108,2024-10-01,151,11,15,0,0.0,,8
C0108,2024-11-01,140,11,15,2,8.3,4.4,7
C0108,2024-12-01,146,12,15,1,10.2,4.4,7
C0108,2025-01-01,150,11,15,0,0.0,,8
C0108,2025-02-01,133,12,15,1,9.2,,8
C0108,2025-03-01,130,10,15,2,18.7,4.7,8
C0108,2025-04-01,132,10,15,1,9.3,4.4,8
C0108,2025-05-01,144,12,15,0,0.0,,8
C0108,2025-06-01,147,11,15,0,0.0,,9
C0108,2025-07-01,152,12,15,1,12.0,4.4,9
C0108,2025-08-01,147,12,15,4,18.7,4.2,9
C0109,2024-09-01,627,56,76,4,13.8,4.1,8
C0109,2024-10-01,654,54,76,4,18.8,4.4,7
C0109,2024-11-01,598,53,76,6,7.7,4.8,8
C0109,2024-12-01,575,54,76,8,10.0,4.3,8
C0109,2025-01-01,599,58,76,11,29.1,4.4,8
C0109,2025-02-01,617,56,76,3,11.1,4.5,8
C0109,2025-03-01,563,52,76,6,6.7,4.8,8
C0109,2025-04-01,663,57,76,5,10.6,4.3,8
C0109,2025-05-01,543,53,76,7,8.4,4.6,8
C0109,2025-06-01,682,56,76,11,20.0,4.3,9
C0109,2025-07-01,654,56,76,6,7.7,4.4,8
C0109,2025-08-01,601,56,76,5,28.8,4.6,9
C0110,2024-09-01,232,25,34,10,7.6,4.5,7
C0110,2024-10-01,220,24,34,10,13.4,4.4,8
C0110,2024-11-01,227,25,34,7,18.2,4.4,7
C0110,2024-12-01,215,25,34,5,14.8,4.2,8
C0110,2025-01-01,189,25,34,10,10.7,,8
C0110,2025-02-01,229,24,34,8,9.7,4.5,8
C0110,2025-03-01,209,24,34,10,6.2,4.1,8
C0110,2025-04-01,230,24,34,11,21.3,4.4,8
C0110,2025-05-01,201,22,34,7,8.9,4.1,8
C0110,2025-06-01,250,26,34,7,15.6,4.6,9
C0110,2025-07-01,253,27,34,9,7.2,4.4,9
C0110,2025-08-01,191,25,34,3,10.2,,9
C0111,2024-09-01,944,111,155,20,8.0,3.9,7
C0111,2024-10-01,1019,107,155,25,8.5,4.5,7
C0111,2024-11-01,1035,111,155,28,8.5,4.9,7
C0111,2024-12-01,926,111,155,20,13.1,4.8,7
C0111,2025-01-01,1071,113,155,18,9.2,4.3,8
C0111,2025-02-01,1036,118,155,25,18.6,3.8,8
C0111,2025-03-01,999,117,155,21,10.9,,8
C0111,2025-04-01,1044,120,155,22,17.2,4.8,8
C0111,2025-05-01,971,115,155,14,21.7,4.4,8
C0111,2025-06-01,1012,124,155,28,26.5,4.6,9
C0111,2025-07-01,1122,121,155,24,9.5,4.1,9
C0111,2025-08-01,1040,119,155,20,8.5,,9
C0112,2024-09-01,55,5,7,1,12.2,4.2,7
C0112,2024-10-01,68,5,7,4,12.8,4.7,7
C0112,2024-11-01,60,5,7,4,17.0,,8
C0112,2024-12-01,65,5,7,0,0.0,,8
C0112,2025-01-01,56,5,7,4,7.8,4.0,8
C0112,2025-02-01,58,5,7,2,16.0,4.5,8
C0112,2025-03-01,64,5,7,0,0.0,,8
C0112,2025-04-01,61,5,7,0,0.0,,8
C0112,2025-05-01,64,5,7,3,10.5,4.4,8
C0112,2025-06-01,62,5,7,2,13.7,4.8,9
C0112,2025-07-01,61,5,7,0,0.0,,9
C0112,2025-08-01,59,5,7,3,7.8,4.6,8
C0113,2024-09-01,92,10,14,1,15.8,4.1,7
C0113,2024-10-01,101,11,14,0,0.0,,7
C0113,2024-11-01,92,10,14,1,14.9,4.4,8
C0113,2024-12-01,92,10,14,2,5.3,4.5,7
C0113,2025-01-01,101,11,14,4,16.4,,7
C0113,2025-02-01,92,10,14,3,7.3,4.4,7
C0113,2025-03-01,51,9,14,7,18.1,3.7,6
C0113,2025-04-01,20,4,14,5,8.5,3.6,5
C0113,2025-05-01,10,2,14,5,18.1,3.5,4
C0113,2025-06-01,5,1,14,8,16.5,3.0,3
C0113,2025-07-01,0,0,14,7,18.8,2.8,3
C0113,2025-08-01,0,0,14,2,28.6,2.6,1
C0114,2024-09-01,313,39,53,5,6.1,,7
C0114,2024-10-01,292,37,53,4,8.4,4.7,7
C0114,2024-11-01,289,38,53,7,22.1,4.5,8
C0114,2024-12-01,283,39,53,11,11.2,4.5,8
C0114,2025-01-01,280,37,53,10,14.8,4.4,8
C0114,2025-02-01,331,40,53,10,9.3,4.1,8
C0114,2025-03-01,288,41,53,8,7.8,5.0,8
C0114,2025-04-01,280,39,53,10,6.8,4.2,8
C0114,2025-05-01,297,41,53,7,6.2,4.4,9
C0114,2025-06-01,286,39,53,11,6.8,4.5,9
C0114,2025-07-01,293,39,53,12,6.8,4.5,9
C0114,2025-08-01,350,44,53,9,15.4,4.2,9
C0115,2024-09-01,106,8,10,0,0.0,,8
C0115,2024-10-01,106,8,10,1,13.4,4.2,8
C0115,2024-11-01,106,8,10,2,11.9,4.3,8
C0115,2024-12-01,106,8,10,2,12.6,4.2,8
C0115,2025-01-01,106,8,10,1,15.0,4.3,8
C0115,2025-02-01,93,7,10,0,0.0,,8
C0115,2025-03-01,106,8,10,0,0.0,,8
C0115,2025-04-01,85,8,10,3,7.5,4.2,8
C0115,2025-05-01,74,7,10,2,25.0,3.9,8
C0115,2025-06-01,64,6,10,2,14.7,3.2,8
C0115,2025-07-01,0,1,10,0,0.0,,0
C0115,2025-08-01,0,0,10,0,0.0,,0
C0116,2024-09-01,134,10,12,1,15.5,4.4,8
C0116,2024-10-01,134,10,12,4,7.4,4.3,8
C0116,2024-11-01,134,10,12,2,8.0,4.6,8
C0116,2024-12-01,134,10,12,3,11.4,4.3,8
C0116,2025-01-01,121,9,12,2,11.7,4.2,8
C0116,2025-02-01,121,9,12,2,9.3,,8
C0116,2025-03-01,134,10,12,4,14.6,,8
C0116,2025-04-01,121,9,12,3,11.0,,8
C0116,2025-05-01,0,1,12,0,0.0,,0
C0116,2025-06-01,0,0,12,0,0.0,,0
C0116,2025-07-01,0,0,12,0,0.0,,0
C0116,2025-08-01,0,0,12,0,0.0,,0
C0117,2024-09-01,57,4,5,0,0.0,,8
C0117,2024-10-01,57,4,5,2,10.4,4.2,8
C0117,2024-11-01,57,4,5,2,21.5,,8
C0117,2024-12-01,57,4,5,1,10.7,4.3,8
C0117,2025-01-01,57,4,5,1,11.6,4.4,8
C0117,2025-02-01,46,4,5,1,6.1,4.4,8
C0117,2025-03-01,46,4,5,3,17.8,3.9,8
C0117,2025-04-01,34,3,5,1,13.3,3.7,8
C0117,2025-05-01,34,3,5,1,15.0,3.5,8
C0117,2025-06-01,0,1,5,0,0.0,,0
C0117,2025-07-01,0,0,5,0,0.0,,0
C0117,2025-08-01,0,0,5,0,0.0,,0
C0118,2024-09-01,126,17,26,7,12.6,4.7,7
C0118,2024-10-01,127,18,26,2,20.5,4.5,7
C0118,2024-11-01,137,19,26,4,6.1,4.1,7
C0118,2024-12-01,142,19,26,3,14.2,4.5,8
C0118,2025-01-01,147,20,26,3,8.6,5.2,8
C0118,2025-02-01,151,20,26,5,14.0,4.4,8
C0118,2025-03-01,169,21,26,2,5.0,4.8,8
C0118,2025-04-01,154,21,26,2,5.6,4.3,8
C0118,2025-05-01,137,20,26,3,5.6,4.2,8
C0118,2025-06-01,153,21,26,4,14.6,,9
C0118,2025-07-01,145,20,26,1,13.6,4.4,9
C0118,2025-08-01,154,21,26,4,12.5,4.7,9
C0119,2024-09-01,487,36,49,5,5.4,4.2,7
C0119,2024-10-01,501,37,49,13,17.6,4.2,7
C0119,2024-11-01,460,34,49,10,14.8,4.4,7
C0119,2024-12-01,487,36,49,14,18.7,4.2,7
C0119,2025-01-01,528,39,49,6,8.5,4.1,7
C0119,2025-02-01,474,35,49,5,8.9,4.3,7
C0119,2025-03-01,487,36,49,5,14.9,4.4,7
C0119,2025-04-01,487,36,49,10,9.1,4.1,7
C0119,2025-05-01,243,29,49,18,20.5,4.0,6
C0119,2025-06-01,0,1,49,0,0.0,,0
C0119,2025-07-01,0,0,49,0,0.0,,0
C0119,2025-08-01,0,0,49,0,0.0,,0
C0120,2024-09-01,195,13,19,4,6.5,,7
C0120,2024-10-01,218,14,19,3,14.6,,7
C0120,2024-11-01,224,15,19,1,8.9,4.3,8
C0120,2024-12-01,181,13,19,0,0.0,,8
C0120,2025-01-01,178,14,19,1,4.9,4.4,8
C0120,2025-02-01,209,15,19,1,6.0,4.8,8
C0120,2025-03-01,188,14,19,2,7.0,4.3,8
C0120,2025-04-01,182,13,19,2,13.7,3.8,8
C0120,2025-05-01,223,15,19,3,14.0,4.2,8
C0120,2025-06-01,206,14,19,1,18.2,4.4,8
C0120,2025-07-01,228,14,19,0,0.0,,9
C0120,2025-08-01,211,14,19,0,0.0,,9
C0121,2024-09-01,365,28,37,6,7.5,4.4,7
C0121,2024-10-01,365,28,37,10,10.8,4.4,7
C0121,2024-11-01,378,29,37,9,6.4,4.5,7
C0121,2024-12-01,352,27,37,5,6.7,4.1,7
C0121,2025-01-01,325,25,37,1,13.9,4.4,7
C0121,2025-02-01,178,22,37,12,17.2,,6
C0121,2025-03-01,72,10,37,20,12.6,3.6,5
C0121,2025-04-01,36,5,37,16,12.2,3.5,4
C0121,2025-05-01,14,2,37,18,11.1,3.5,3
C0121,2025-06-01,7,1,37,14,34.2,,2
C0121,2025-07-01,0,1,37,0,0.0,,0
C0121,2025-08-01,0,0,37,0,0.0,,0
C0122,2024-09-01,873,95,133,19,19.0,3.9,7
C0122,2024-10-01,949,92,133,30,7.0,4.2,7
C0122,2024-11-01,930,96,133,15,3.9,4.3,8
C0122,2024-12-01,1035,100,133,16,12.2,4.6,7
C0122,2025-01-01,881,92,133,15,9.4,4.6,8
C0122,2025-02-01,979,100,133,13,8.5,4.6,8
C0122,2025-03-01,1027,104,133,17,17.1,4.8,8
C0122,2025-04-01,1071,101,133,25,11.1,4.3,8
C0122,2025-05-01,1055,100,133,19,17.1,4.2,8
C0122,2025-06-01,1025,98,133,22,7.2,4.7,8
C0122,2025-07-01,979,104,133,15,14.5,,9
C0122,2025-08-01,893,97,133,20,15.6,4.9,9
C0123,2024-09-01,345,31,42,5,17.0,4.6,7
C0123,2024-10-01,331,30,42,4,20.0,4.5,7
C0123,2024-11-01,302,30,42,5,21.9,4.3,7
C0123,2024-12-01,400,33,42,4,8.0,4.2,8
C0123,2025-01-01,362,31,42,5,7.3,4.3,8
C0123,2025-02-01,368,32,42,5,7.3,,8
C0123,2025-03-01,294,31,42,3,5.4,4.5,8
C0123,2025-04-01,320,29,42,1,11.3,4.6,8
C0123,2025-05-01,327,30,42,9,10.6,5.2,8
C0123,2025-06-01,366,32,42,2,9.1,4.4,8
C0123,2025-07-01,353,33,42,12,14.3,4.0,9
C0123,2025-08-01,358,33,42,6,5.5,5.0,9
C0124,2024-09-01,62,7,8,1,17.1,4.4,8
C0124,2024-10-01,53,6,8,0,0.0,,8
C0124,2024-11-01,53,6,8,1,11.0,,7
C0124,2024-12-01,53,6,8,1,7.0,4.4,8
C0124,2025-01-01,53,6,8,0,0.0,,8
C0124,2025-02-01,16,3,8,1,17.0,3.5,5
C0124,2025-03-01,9,2,8,0,0.0,,4
C0124,2025-04-01,16,3,8,2,12.4,,4
C0124,2025-05-01,35,4,8,1,13.3,4.0,8
C0124,2025-06-01,44,5,8,0,0.0,,8
C0124,2025-07-01,53,6,8,0,0.0,,8
C0124,2025-08-01,62,7,8,0,0.0,,8
C0125,2024-09-01,485,32,46,4,3.8,4.4,7
C0125,2024-10-01,502,34,46,10,18.3,4.3,7
C0125,2024-11-01,519,35,46,14,6.4,4.4,8
C0125,2024-12-01,565,36,46,11,14.0,,7
C0125,2025-01-01,496,35,46,2,11.8,,8
C0125,2025-02-01,524,35,46,7,4.7,4.2,8
C0125,2025-03-01,536,37,46,8,6.9,4.7,8
C0125,2025-04-01,502,35,46,8,8.3,4.4,8
C0125,2025-05-01,576,37,46,2,9.7,4.2,9
C0125,2025-06-01,584,36,46,2,5.1,4.4,8
C0125,2025-07-01,534,38,46,12,9.0,4.3,8
C0125,2025-08-01,530,35,46,5,15.1,4.3,8
C0126,2024-09-01,1460,127,151,9,12.5,4.5,8
C0126,2024-10-01,1246,113,151,13,10.8,,7
C0126,2024-11-01,1108,105,151,15,15.8,3.9,7
C0126,2024-12-01,1019,101,151,21,10.1,3.8,6
C0126,2025-01-01,836,87,151,23,8.7,4.1,6
C0126,2025-02-01,814,89,151,16,11.1,3.9,5
C0126,2025-03-01,703,81,151,23,6.8,3.5,5
C0126,2025-04-01,591,72,151,15,8.1,3.5,4
C0126,2025-05-01,0,1,151,0,0.0,,0
C0126,2025-06-01,0,0,151,0,0.0,,0
C0126,2025-07-01,0,0,151,0,0.0,,0
C0126,2025-08-01,0,0,151,0,0.0,,0
C0127,2024-09-01,41,6,9,0,0.0,,7
C0127,2024-10-01,45,7,9,4,17.0,4.6,8
C0127,2024-11-01,48,7,9,1,27.6,4.9,8
C0127,2024-12-01,46,6,9,0,0.0,,7
C0127,2025-01-01,53,7,9,2,11.7,,8
C0127,2025-02-01,52,7,9,2,6.5,4.5,8
C0127,2025-03-01,43,6,9,2,5.6,4.7,8
C0127,2025-04-01,44,6,9,2,10.1,4.5,8
C0127,2025-05-01,50,7,9,0,0.0,,8
C0127,2025-06-01,46,7,9,2,3.1,4.2,9
C0127,2025-07-01,47,7,9,2,16.4,,8
C0127,2025-08-01,48,7,9,2,15.5,3.9,9
C0128,2024-09-01,416,33,43,5,16.7,4.4,7
C0128,2024-10-01,404,32,43,5,6.5,4.3,7
C0128,2024-11-01,404,32,43,5,15.2,4.2,8
C0128,2024-12-01,404,32,43,9,14.1,4.3,7
C0128,2025-01-01,416,33,43,8,21.6,4.3,7
C0128,2025-02-01,391,31,43,4,18.2,4.2,7
C0128,2025-03-01,188,24,43,7,9.2,,7
C0128,2025-04-01,62,9,43,9,14.3,3.6,5
C0128,2025-05-01,28,4,43,8,24.9,3.3,4
C0128,2025-06-01,14,2,43,7,16.3,3.0,3
C0128,2025-07-01,7,1,43,13,21.3,3.0,2
C0128,2025-08-01,0,1,43,0,0.0,,0
C0129,2024-09-01,797,91,122,33,17.8,4.1,8
C0129,2024-10-01,797,91,122,33,8.9,4.1,8
C0129,2024-11-01,841,96,122,28,13.1,,8
C0129,2024-12-01,780,89,122,28,9.7,4.4,8
C0129,2025-01-01,666,95,122,65,6.4,4.3,8
C0129,2025-02-01,631,90,122,61,9.8,4.0,8
C0129,2025-03-01,596,85,122,80,23.2,,8
C0129,2025-04-01,568,81,122,69,14.0,,8
C0129,2025-05-01,533,76,122,40,25.5,,8
C0129,2025-06-01,498,71,122,67,53.9,,8
C0129,2025-07-01,463,66,122,51,19.4,2.7,8
C0129,2025-08-01,427,61,122,78,37.5,2.3,8
C0130,2024-09-01,964,79,96,16,7.2,4.1,8
C0130,2024-10-01,964,79,96,22,5.7,4.3,8
C0130,2024-11-01,915,75,96,7,25.0,4.3,8
C0130,2024-12-01,939,77,96,19,15.5,4.5,8
C0130,2025-01-01,915,75,96,14,9.5,4.2,8
C0130,2025-02-01,927,76,96,14,13.8,,8
C0130,2025-03-01,939,77,96,20,8.4,,8
C0130,2025-04-01,952,78,96,13,8.3,4.3,8
C0130,2025-05-01,0,1,96,0,0.0,,0
C0130,2025-06-01,0,0,96,0,0.0,,0
C0130,2025-07-01,0,0,96,0,0.0,,0
C0130,2025-08-01,0,0,96,0,0.0,,0
C0131,2024-09-01,284,39,54,6,17.5,,8
C0131,2024-10-01,295,39,54,7,8.6,4.2,7
C0131,2024-11-01,273,36,54,8,13.4,4.6,7
C0131,2024-12-01,321,38,54,19,6.8,4.4,8
C0131,2025-01-01,312,40,54,6,6.4,4.7,8
C0131,2025-02-01,311,40,54,4,22.2,4.4,8
C0131,2025-03-01,304,41,54,12,12.9,4.7,8
C0131,2025-04-01,317,44,54,10,11.5,4.5,8
C0131,2025-05-01,337,42,54,9,8.1,4.7,8
C0131,2025-06-01,315,41,54,13,6.9,4.2,8
C0131,2025-07-01,295,42,54,13,4.2,4.5,9
C0131,2025-08-01,350,46,54,14,8.0,4.4,9
C0132,2024-09-01,652,63,91,14,8.0,4.6,7
C0132,2024-10-01,583,63,91,12,23.3,5.0,7
C0132,2024-11-01,657,70,91,7,15.1,,8
C0132,2024-12-01,622,65,91,14,23.8,4.4,8
C0132,2025-01-01,707,68,91,5,4.0,4.0,8
C0132,2025-02-01,611,67,91,14,8.8,4.8,8
C0132,2025-03-01,607,67,91,8,10.1,4.4,8
C0132,2025-04-01,702,72,91,11,24.6,3.8,9
C0132,2025-05-01,682,68,91,2,12.6,,9
C0132,2025-06-01,626,68,91,5,12.7,4.1,9
C0132,2025-07-01,680,68,91,6,7.3,4.3,9
C0132,2025-08-01,707,68,91,11,10.8,4.5,9
C0133,2024-09-01,512,39,49,8,30.8,,7
C0133,2024-10-01,482,37,49,17,14.4,4.7,7
C0133,2024-11-01,515,36,49,11,7.6,,8
C0133,2024-12-01,471,37,49,13,9.4,,8
C0133,2025-01-01,526,39,49,8,14.3,4.6,8
C0133,2025-02-01,443,35,49,10,5.5,5.2,8
C0133,2025-03-01,548,36,49,5,17.9,4.3,8
C0133,2025-04-01,512,34,49,4,22.4,,8
C0133,2025-05-01,499,38,49,11,11.2,4.7,8
C0133,2025-06-01,518,38,49,14,12.4,4.6,9
C0133,2025-07-01,476,36,49,8,13.7,4.5,9
C0133,2025-08-01,518,40,49,6,13.9,4.5,9
C0134,2024-09-01,117,9,11,2,22.5,4.1,7
C0134,2024-10-01,130,8,11,2,12.8,4.4,8
C0134,2024-11-01,134,9,11,3,8.9,,7
C0134,2024-12-01,116,8,11,0,0.0,,8
C0134,2025-01-01,132,8,11,4,8.2,4.4,8
C0134,2025-02-01,123,8,11,0,0.0,,8
C0134,2025-03-01,145,9,11,2,5.6,4.6,8
C0134,2025-04-01,108,8,11,0,0.0,,8
C0134,2025-05-01,108,8,11,2,17.6,4.3,8
C0134,2025-06-01,121,8,11,5,12.2,4.3,9
C0134,2025-07-01,119,8,11,0,0.0,,9
C0134,2025-08-01,125,8,11,4,11.8,3.8,8
C0135,2024-09-01,514,61,81,8,15.6,4.3,7
C0135,2024-10-01,565,67,81,7,22.7,4.2,7
C0135,2024-11-01,506,60,81,11,6.6,4.1,7
C0135,2024-12-01,514,61,81,12,5.6,4.3,8
C0135,2025-01-01,480,57,81,9,6.4,4.2,7
C0135,2025-02-01,497,59,81,12,10.7,4.1,7
C0135,2025-03-01,293,56,81,9,17.7,3.8,6
C0135,2025-04-01,125,27,81,17,12.7,,5
C0135,2025-05-01,65,14,81,28,13.9,3.3,5
C0135,2025-06-01,32,7,81,18,18.1,3.2,3
C0135,2025-07-01,14,3,81,17,13.6,2.9,3
C0135,2025-08-01,9,2,81,22,19.6,2.6,2
C0136,2024-09-01,418,32,47,9,8.6,4.7,7
C0136,2024-10-01,388,36,47,10,16.0,,8
C0136,2024-11-01,357,35,47,5,16.5,3.9,7
C0136,2024-12-01,444,37,47,7,12.1,4.6,8
C0136,2025-01-01,407,33,47,10,4.4,4.5,8
C0136,2025-02-01,467,36,47,4,19.8,,8
C0136,2025-03-01,436,36,47,8,21.1,4.1,8
C0136,2025-04-01,440,35,47,9,10.4,4.2,8
C0136,2025-05-01,446,35,47,6,11.7,4.6,8
C0136,2025-06-01,429,34,47,6,5.1,4.4,9
C0136,2025-07-01,415,34,47,5,8.7,4.1,9
C0136,2025-08-01,375,35,47,5,7.1,4.6,9
C0137,2024-09-01,98,7,10,1,17.4,4.3,7
C0137,2024-10-01,98,7,10,4,5.5,4.3,7
C0137,2024-11-01,98,7,10,1,7.3,4.4,7
C0137,2024-12-01,98,7,10,1,7.9,4.3,7
C0137,2025-01-01,112,8,10,0,0.0,,7
C0137,2025-02-01,98,7,10,2,14.5,4.1,7
C0137,2025-03-01,98,7,10,1,9.1,4.3,7
C0137,2025-04-01,112,8,10,4,9.4,4.3,7
C0137,2025-05-01,52,6,10,3,16.4,3.8,6
C0137,2025-06-01,0,1,10,0,0.0,,0
C0137,2025-07-01,0,0,10,0,0.0,,0
C0137,2025-08-01,0,0,10,0,0.0,,0
C0138,2024-09-01,1222,98,153,22,10.9,4.4,7
C0138,2024-10-01,1526,117,153,32,7.7,4.1,7
C0138,2024-11-01,1343,115,153,30,8.6,4.6,8
C0138,2024-12-01,1334,107,153,14,8.6,,7
C0138,2025-01-01,1338,108,153,27,9.8,4.3,8
C0138,2025-02-01,1374,112,153,23,16.9,4.6,8
C0138,2025-03-01,1340,113,153,20,13.3,4.2,8
C0138,2025-04-01,1241,107,153,37,5.8,4.2,8
C0138,2025-05-01,1145,103,153,24,11.8,3.9,8
C0138,2025-06-01,1329,120,153,25,9.4,4.8,8
C0138,2025-07-01,1395,115,153,23,13.8,,8
C0138,2025-08-01,1314,111,153,14,10.2,4.2,9
C0139,2024-09-01,246,24,30,12,7.2,4.2,7
C0139,2024-10-01,213,21,30,7,27.7,4.4,7
C0139,2024-11-01,219,21,30,1,9.5,4.8,7
C0139,2024-12-01,207,22,30,4,9.5,,7
C0139,2025-01-01,228,22,30,5,7.5,4.8,8
C0139,2025-02-01,238,22,30,7,12.5,4.0,8
C0139,2025-03-01,220,21,30,6,12.6,4.5,8
C0139,2025-04-01,242,22,30,3,13.0,4.2,8
C0139,2025-05-01,213,21,30,1,8.4,4.4,8
C0139,2025-06-01,212,21,30,10,14.4,,9
C0139,2025-07-01,213,22,30,5,7.6,,9
C0139,2025-08-01,213,21,30,4,11.3,4.0,9
C0140,2024-09-01,251,22,31,3,28.5,4.7,7
C0140,2024-10-01,220,22,31,9,9.2,,7
C0140,2024-11-01,225,21,31,10,9.6,4.3,8
C0140,2024-12-01,278,22,31,2,18.3,4.4,8
C0140,2025-01-01,225,22,31,1,4.4,4.4,7
C0140,2025-02-01,253,22,31,4,7.7,,8
C0140,2025-03-01,209,22,31,1,9.8,4.3,8
C0140,2025-04-01,236,23,31,4,14.5,4.5,8
C0140,2025-05-01,283,24,31,7,9.2,4.9,9
C0140,2025-06-01,246,22,31,2,19.9,4.2,9
C0140,2025-07-01,229,21,31,2,3.9,4.8,9
C0140,2025-08-01,234,22,31,2,9.2,4.8,9
C0141,2024-09-01,563,42,59,6,6.7,4.9,7
C0141,2024-10-01,566,44,59,6,20.6,4.8,8
C0141,2024-11-01,530,43,59,13,3.3,4.6,8
C0141,2024-12-01,650,46,59,11,6.6,3.8,7
C0141,2025-01-01,615,44,59,8,14.9,4.1,8
C0141,2025-02-01,647,46,59,10,22.7,4.3,8
C0141,2025-03-01,534,41,59,4,8.1,5.1,8
C0141,2025-04-01,619,45,59,11,6.3,,8
C0141,2025-05-01,550,44,59,9,8.5,4.5,9
C0141,2025-06-01,551,43,59,1,16.4,4.4,9
C0141,2025-07-01,641,47,59,14,14.3,4.4,8
C0141,2025-08-01,0,1,59,0,0.0,,0
C0142,2024-09-01,228,19,28,6,11.8,,7
C0142,2024-10-01,254,21,28,9,24.9,4.2,7
C0142,2024-11-01,270,21,28,8,6.0,4.8,8
C0142,2024-12-01,251,20,28,9,4.1,4.2,8
C0142,2025-01-01,243,20,28,5,4.5,4.5,8
C0142,2025-02-01,256,19,28,6,7.6,4.5,8
C0142,2025-03-01,282,22,28,6,13.3,4.7,8
C0142,2025-04-01,275,23,28,6,4.5,4.6,8
C0142,2025-05-01,276,23,28,4,6.9,4.4,8
C0142,2025-06-01,270,21,28,5,9.0,4.4,8
C0142,2025-07-01,248,20,28,5,6.7,4.4,8
C0142,2025-08-01,252,22,28,3,4.5,4.6,9
C0143,2024-09-01,207,26,34,7,17.5,4.4,8
C0143,2024-10-01,215,27,34,9,10.8,4.5,8
C0143,2024-11-01,207,26,34,3,8.4,,8
C0143,2024-12-01,222,28,34,9,9.2,4.5,8
C0143,2025-01-01,215,27,34,6,4.7,4.4,8
C0143,2025-02-01,215,27,34,8,7.3,4.5,8
C0143,2025-03-01,215,27,34,6,9.8,,8
C0143,2025-04-01,207,26,34,3,16.4,4.2,8
C0143,2025-05-01,230,29,34,9,6.0,4.1,8
C0143,2025-06-01,32,10,34,20,16.1,3.0,4
C0143,2025-07-01,5,4,34,12,33.7,2.3,2
C0143,2025-08-01,0,1,34,6,34.1,2.1,1
C0144,2024-09-01,265,21,28,5,6.3,4.3,7
C0144,2024-10-01,235,21,28,1,5.5,4.9,7
C0144,2024-11-01,246,21,28,3,9.2,,7
C0144,2024-12-01,245,22,28,6,11.7,4.1,8
C0144,2025-01-01,237,20,28,6,7.5,4.1,8
C0144,2025-02-01,262,22,28,1,13.2,4.6,8
C0144,2025-03-01,259,21,28,4,3.7,4.2,8
C0144,2025-04-01,290,23,28,4,13.6,4.3,8
C0144,2025-05-01,268,22,28,4,5.2,4.3,8
C0144,2025-06-01,266,24,28,7,24.1,4.0,9
C0144,2025-07-01,247,23,28,8,18.9,4.6,9
C0144,2025-08-01,265,22,28,4,16.6,4.3,9
C0145,2024-09-01,130,14,18,2,3.2,,8
C0145,2024-10-01,130,14,18,5,14.8,4.7,8
C0145,2024-11-01,140,15,18,3,11.6,4.2,8
C0145,2024-12-01,140,15,18,6,12.5,4.2,8
C0145,2025-01-01,130,14,18,4,13.4,4.8,8
C0145,2025-02-01,45,8,18,5,25.5,,5
C0145,2025-03-01,23,5,18,5,24.5,2.9,4
C0145,2025-04-01,39,7,18,6,10.9,3.2,4
C0145,2025-05-01,93,10,18,4,5.9,3.9,8
C0145,2025-06-01,112,12,18,4,8.2,4.7,8
C0145,2025-07-01,130,14,18,5,6.1,4.4,8
C0145,2025-08-01,140,15,18,3,13.2,4.8,8
C0146,2024-09-01,50,4,6,0,0.0,,7
C0146,2024-10-01,47,4,6,0,0.0,,7
C0146,2024-11-01,51,4,6,2,16.8,4.5,8
C0146,2024-12-01,46,4,6,3,15.2,4.2,8
C0146,2025-01-01,46,4,6,1,14.9,4.5,8
C0146,2025-02-01,68,5,6,2,4.1,4.2,8
C0146,2025-03-01,55,5,6,3,18.1,4.2,8
C0146,2025-04-01,61,5,6,0,0.0,,8
C0146,2025-05-01,54,4,6,1,5.0,4.4,8
C0146,2025-06-01,61,5,6,3,17.4,4.8,9
C0146,2025-07-01,66,5,6,2,7.6,4.4,8
C0146,2025-08-01,63,5,6,0,0.0,,9
C0147,2024-09-01,170,13,17,1,13.6,4.1,8
C0147,2024-10-01,150,12,17,5,5.7,4.3,7
C0147,2024-11-01,144,12,17,4,10.4,4.1,7
C0147,2024-12-01,126,11,17,3,6.3,3.8,6
C0147,2025-01-01,109,10,17,2,8.7,3.9,6
C0147,2025-02-01,94,9,17,2,8.8,3.7,5
C0147,2025-03-01,89,9,17,1,7.1,3.6,5
C0147,2025-04-01,75,8,17,5,16.4,,4
C0147,2025-05-01,62,7,17,3,6.4,,4
C0147,2025-06-01,58,7,17,4,20.6,3.3,3
C0147,2025-07-01,46,6,17,1,10.2,3.3,3
C0147,2025-08-01,0,1,17,0,0.0,,0
C0148,2024-09-01,132,10,13,1,3.0,4.2,7
C0148,2024-10-01,109,9,13,0,0.0,,7
C0148,2024-11-01,129,10,13,2,8.7,4.7,7
C0148,2024-12-01,122,9,13,4,10.8,4.6,8
C0148,2025-01-01,122,10,13,0,0.0,,7
C0148,2025-02-01,115,9,13,2,11.7,5.0,8
C0148,2025-03-01,124,9,13,3,5.7,,8
C0148,2025-04-01,122,10,13,1,6.5,4.5,8
C0148,2025-05-01,119,9,13,1,14.1,4.6,8
C0148,2025-06-01,109,9,13,2,9.4,4.1,9
C0148,2025-07-01,115,9,13,5,5.8,4.8,8
C0148,2025-08-01,119,9,13,3,5.2,4.3,9
C0149,2024-09-01,383,36,50,6,12.1,4.2,8
C0149,2024-10-01,394,37,50,6,11.4,4.3,7
C0149,2024-11-01,399,36,50,11,6.1,4.2,7
C0149,2024-12-01,464,38,50,9,10.5,4.4,8
C0149,2025-01-01,395,36,50,7,4.9,4.4,8
C0149,2025-02-01,329,34,50,3,11.6,4.2,8
C0149,2025-03-01,393,38,50,6,6.5,4.3,9
C0149,2025-04-01,433,39,50,4,12.1,4.1,8
C0149,2025-05-01,407,37,50,5,11.2,,8
C0149,2025-06-01,480,40,50,4,11.1,,8
C0149,2025-07-01,428,37,50,5,14.0,4.2,9
C0149,2025-08-01,450,39,50,4,17.6,4.5,8
C0150,2024-09-01,488,42,50,12,12.5,4.4,8
C0150,2024-10-01,453,39,50,5,8.3,4.3,8
C0150,2024-11-01,465,40,50,7,11.0,4.3,8
C0150,2024-12-01,453,39,50,8,9.7,4.4,8
C0150,2025-01-01,476,41,50,6,7.9,4.1,8
C0150,2025-02-01,453,39,50,6,19.0,4.2,8
C0150,2025-03-01,476,41,50,11,4.7,4.3,8
C0150,2025-04-01,476,41,50,6,19.1,4.6,8
C0150,2025-05-01,453,39,50,14,9.9,4.3,8
C0150,2025-06-01,70,15,50,22,19.8,3.0,4
C0150,2025-07-01,10,6,50,13,27.7,,2
C0150,2025-08-01,1,1,50,8,21.4,,1
C0151,2024-09-01,78,5,7,2,14.6,4.9,7
C0151,2024-10-01,69,5,7,0,0.0,,7
C0151,2024-11-01,73,5,7,1,10.5,4.4,7
C0151,2024-12-01,75,5,7,0,0.0,,8
C0151,2025-01-01,73,5,7,1,22.5,4.2,8
C0151,2025-02-01,62,5,7,2,9.3,4.8,8
C0151,2025-03-01,75,5,7,3,17.0,,8
C0151,2025-04-01,94,6,7,1,10.1,4.3,8
C0151,2025-05-01,92,6,7,0,0.0,,8
C0151,2025-06-01,76,6,7,0,0.0,,9
C0151,2025-07-01,99,6,7,1,14.5,4.3,9
C0151,2025-08-01,67,5,7,1,5.3,4.6,8
C0152,2024-09-01,131,13,19,2,7.6,4.8,7
C0152,2024-10-01,139,14,19,3,15.8,4.3,7
C0152,2024-11-01,122,13,19,2,10.3,4.1,7
C0152,2024-12-01,145,14,19,0,0.0,,8
C0152,2025-01-01,128,14,19,0,0.0,,8
C0152,2025-02-01,141,15,19,1,6.3,4.0,7
C0152,2025-03-01,135,14,19,2,9.5,4.9,8
C0152,2025-04-01,139,14,19,2,15.4,5.0,8
C0152,2025-05-01,134,14,19,0,0.0,,8
C0152,2025-06-01,157,15,19,2,7.3,4.6,9
C0152,2025-07-01,159,16,19,1,14.0,,8
C0152,2025-08-01,157,16,19,2,9.9,4.5,9
C0153,2024-09-01,308,21,27,2,8.7,4.2,7
C0153,2024-10-01,279,19,27,4,7.5,4.4,7
C0153,2024-11-01,294,20,27,5,19.5,4.2,7
C0153,2024-12-01,294,20,27,4,8.5,4.3,7
C0153,2025-01-01,279,19,27,2,6.2,4.4,7
C0153,2025-02-01,279,19,27,3,10.7,4.3,7
C0153,2025-03-01,294,20,27,2,7.5,4.3,7
C0153,2025-04-01,294,20,27,2,12.3,4.2,7
C0153,2025-05-01,294,20,27,5,18.2,4.3,7
C0153,2025-06-01,127,14,27,1,14.5,4.1,6
C0153,2025-07-01,48,6,27,1,19.8,3.1,5
C0153,2025-08-01,16,2,27,2,11.2,2.6,4
C0154,2024-09-01,298,28,38,11,9.2,,7
C0154,2024-10-01,309,29,38,5,5.9,4.3,7
C0154,2024-11-01,298,28,38,9,11.7,,7
C0154,2024-12-01,298,28,38,4,5.0,4.2,7
C0154,2025-01-01,309,29,38,5,26.2,4.3,7
C0154,2025-02-01,287,27,38,4,19.0,4.2,8
C0154,2025-03-01,139,21,38,17,15.9,,7
C0154,2025-04-01,53,9,38,10,12.0,,5
C0154,2025-05-01,23,4,38,17,21.1,3.6,4
C0154,2025-06-01,12,2,38,11,8.7,,3
C0154,2025-07-01,6,1,38,19,9.7,2.9,3
C0154,2025-08-01,0,0,38,21,10.2,,1
C0155,2024-09-01,82,10,14,3,10.6,4.0,7
C0155,2024-10-01,82,11,14,3,22.0,,7
C0155,2024-11-01,86,11,14,0,0.0,,8
C0155,2024-12-01,82,11,14,2,20.1,4.7,8
C0155,2025-01-01,88,11,14,0,0.0,,8
C0155,2025-02-01,90,11,14,3,6.7,4.1,8
C0155,2025-03-01,75,10,14,3,14.8,4.5,8
C0155,2025-04-01,72,10,14,3,8.6,4.1,8
C0155,2025-05-01,70,10,14,5,7.5,4.4,9
C0155,2025-06-01,81,10,14,0,0.0,,8
C0155,2025-07-01,78,11,14,1,11.8,4.1,8
C0155,2025-08-01,78,10,14,3,22.0,4.4,9
C0156,2024-09-01,47,5,6,0,0.0,,8
C0156,2024-10-01,47,5,6,0,0.0,,8
C0156,2024-11-01,47,5,6,2,12.8,4.2,8
C0156,2024-12-01,47,5,6,0,0.0,,8
C0156,2025-01-01,47,5,6,0,0.0,,8
C0156,2025-02-01,47,5,6,0,0.0,,8
C0156,2025-03-01,47,5,6,1,13.8,4.3,8
C0156,2025-04-01,0,1,6,0,0.0,,0
C0156,2025-05-01,0,0,6,0,0.0,,0
C0156,2025-06-01,0,0,6,0,0.0,,0
C0156,2025-07-01,0,0,6,0,0.0,,0
C0156,2025-08-01,0,0,6,0,0.0,,0
C0157,2024-09-01,143,9,13,2,10.8,4.2,7
C0157,2024-10-01,153,10,13,1,7.9,4.0,7
C0157,2024-11-01,159,10,13,1,12.2,4.3,7
C0157,2024-12-01,143,10,13,3,14.5,4.8,7
C0157,2025-01-01,124,9,13,1,13.7,4.5,7
C0157,2025-02-01,138,9,13,1,4.8,4.4,8
C0157,2025-03-01,127,9,13,3,9.4,,9
C0157,2025-04-01,143,9,13,3,11.9,4.2,8
C0157,2025-05-01,118,9,13,1,15.3,4.5,8
C0157,2025-06-01,145,10,13,2,10.5,4.6,9
C0157,2025-07-01,144,10,13,1,11.0,4.6,9
C0157,2025-08-01,132,9,13,1,3.9,4.5,9
C0158,2024-09-01,38,4,6,0,0.0,,7
C0158,2024-10-01,41,5,6,0,0.0,,7
C0158,2024-11-01,46,5,6,2,4.6,4.4,8
C0158,2024-12-01,36,4,6,2,16.3,4.6,8
C0158,2025-01-01,40,4,6,1,4.7,4.4,8
C0158,2025-02-01,39,4,6,1,13.3,4.1,8
C0158,2025-03-01,33,4,6,0,0.0,,8
C0158,2025-04-01,40,4,6,1,18.6,4.7,8
C0158,2025-05-01,39,4,6,1,30.5,5.1,9
C0158,2025-06-01,36,4,6,1,12.7,4.6,9
C0158,2025-07-01,37,4,6,0,0.0,,9
C0158,2025-08-01,40,4,6,0,0.0,,9
C0159,2024-09-01,119,13,19,2,15.5,4.2,7
C0159,2024-10-01,123,13,19,3,12.5,4.1,7
C0159,2024-11-01,134,14,19,2,9.1,4.4,8
C0159,2024-12-01,150,13,19,0,0.0,,8
C0159,2025-01-01,137,14,19,1,15.0,4.7,8
C0159,2025-02-01,121,13,19,2,5.2,4.4,8
C0159,2025-03-01,124,13,19,0,0.0,,8
C0159,2025-04-01,125,14,19,2,18.2,4.5,8
C0159,2025-05-01,146,15,19,3,9.4,4.6,8
C0159,2025-06-01,142,13,19,1,9.5,4.2,9
C0159,2025-07-01,130,13,19,2,10.8,4.8,8
C0159,2025-08-01,134,13,19,1,6.1,4.3,9
C0160,2024-09-01,33,4,6,0,0.0,,7
C0160,2024-10-01,39,4,6,2,10.1,4.4,7
C0160,2024-11-01,37,4,6,2,14.5,4.5,7
C0160,2024-12-01,36,4,6,1,12.0,4.5,8
C0160,2025-01-01,48,5,6,1,9.8,4.6,8
C0160,2025-02-01,37,4,6,0,0.0,,8
C0160,2025-03-01,36,4,6,0,0.0,,8
C0160,2025-04-01,34,4,6,0,0.0,,9
C0160,2025-05-01,35,4,6,4,10.8,,8
C0160,2025-06-01,38,4,6,0,0.0,,9
C0160,2025-07-01,37,4,6,0,0.0,,9
C0160,2025-08-01,35,4,6,3,8.7,4.1,9
C0161,2024-09-01,56,5,7,1,11.2,4.3,7
C0161,2024-10-01,57,5,7,3,12.1,4.9,7
C0161,2024-11-01,59,5,7,2,9.2,4.2,8
C0161,2024-12-01,54,5,7,4,17.1,4.4,7
C0161,2025-01-01,59,5,7,0,0.0,,7
C0161,2025-02-01,52,5,7,0,0.0,,8
C0161,2025-03-01,54,5,7,0,0.0,,8
C0161,2025-04-01,74,6,7,0,0.0,,8
C0161,2025-05-01,63,6,7,2,6.8,4.8,8
C0161,2025-06-01,65,6,7,0,0.0,,9
C0161,2025-07-01,62,6,7,1,9.7,4.4,9
C0161,2025-08-01,64,6,7,2,21.8,4.2,9
C0162,2024-09-01,580,36,52,5,14.6,4.4,7
C0162,2024-10-01,564,38,52,8,14.8,4.5,7
C0162,2024-11-01,574,37,52,5,10.0,4.4,7
C0162,2024-12-01,542,36,52,4,7.5,3.5,7
C0162,2025-01-01,517,36,52,15,9.1,4.3,8
C0162,2025-02-01,627,41,52,8,6.6,4.4,8
C0162,2025-03-01,573,38,52,13,13.6,4.2,8
C0162,2025-04-01,485,37,52,6,4.9,4.3,8
C0162,2025-05-01,524,36,52,15,15.4,4.2,9
C0162,2025-06-01,586,38,52,12,20.2,4.7,9
C0162,2025-07-01,536,36,52,8,5.5,4.7,9
C0162,2025-08-01,542,36,52,17,9.3,,9
C0163,2024-09-01,52,4,6,1,2.0,4.5,7
C0163,2024-10-01,50,4,6,0,0.0,,7
C0163,2024-11-01,60,5,6,0,0.0,,7
C0163,2024-12-01,50,4,6,0,0.0,,8
C0163,2025-01-01,50,4,6,0,0.0,,8
C0163,2025-02-01,59,5,6,2,11.4,4.3,8
C0163,2025-03-01,50,4,6,0,0.0,,8
C0163,2025-04-01,51,4,6,0,0.0,,8
C0163,2025-05-01,46,4,6,0,0.0,,8
C0163,2025-06-01,50,4,6,0,0.0,,8
C0163,2025-07-01,41,4,6,0,0.0,,9
C0163,2025-08-01,43,4,6,0,0.0,,8
C0164,2024-09-01,169,18,25,5,10.8,3.9,7
C0164,2024-10-01,176,18,25,5,11.7,4.5,8
C0164,2024-11-01,190,19,25,5,10.9,4.4,7
C0164,2024-12-01,197,18,25,4,18.3,4.7,8
C0164,2025-01-01,190,18,25,1,11.3,4.6,7
C0164,2025-02-01,192,18,25,1,14.4,4.4,8
C0164,2025-03-01,195,19,25,5,19.8,4.2,9
C0164,2025-04-01,205,19,25,2,7.3,,8
C0164,2025-05-01,204,21,25,4,6.8,4.6,8
C0164,2025-06-01,196,20,25,1,9.5,4.3,9
C0164,2025-07-01,189,18,25,2,15.1,3.9,8
C0164,2025-08-01,192,19,25,2,4.1,4.4,9
C0165,2024-09-01,964,74,100,9,12.1,4.6,7
C0165,2024-10-01,871,66,100,6,15.8,4.8,7
C0165,2024-11-01,998,72,100,7,8.7,4.5,7
C0165,2024-12-01,929,74,100,9,9.8,4.7,7
C0165,2025-01-01,1063,73,100,7,6.8,4.1,7
C0165,2025-02-01,984,71,100,10,7.9,4.0,8
C0165,2025-03-01,817,73,100,7,6.2,4.2,8
C0165,2025-04-01,1010,75,100,8,13.5,4.1,8
C0165,2025-05-01,1025,72,100,5,14.5,4.7,9
C0165,2025-06-01,891,65,100,5,9.7,4.1,9
C0165,2025-07-01,980,75,100,3,20.0,4.4,9
C0165,2025-08-01,974,73,100,12,10.2,4.2,9
C0166,2024-09-01,342,24,31,5,9.4,4.3,7
C0166,2024-10-01,314,22,31,5,5.6,4.3,7
C0166,2024-11-01,314,22,31,1,10.5,4.2,7
C0166,2024-12-01,342,24,31,8,6.6,4.3,7
C0166,2025-01-01,314,22,31,3,7.1,4.2,7
C0166,2025-02-01,328,23,31,4,11.4,4.4,7
C0166,2025-03-01,328,23,31,4,13.2,4.4,7
C0166,2025-04-01,342,24,31,3,24.2,4.3,7
C0166,2025-05-01,150,17,31,4,27.1,4.0,6
C0166,2025-06-01,55,7,31,6,8.6,3.6,6
C0166,2025-07-01,24,3,31,5,39.5,3.1,4
C0166,2025-08-01,8,1,31,8,8.9,2.7,3
C0167,2024-09-01,69,7,10,3,18.0,4.1,7
C0167,2024-10-01,79,8,10,1,22.4,4.3,7
C0167,2024-11-01,69,7,10,1,13.0,,7
C0167,2024-12-01,79,8,10,2,5.5,4.3,8
C0167,2025-01-01,69,7,10,1,12.9,4.4,7
C0167,2025-02-01,37,6,10,6,13.7,3.8,7
C0167,2025-03-01,11,2,10,2,7.7,3.6,5
C0167,2025-04-01,5,1,10,2,14.0,3.2,4
C0167,2025-05-01,0,1,10,0,0.0,,0
C0167,2025-06-01,0,0,10,0,0.0,,0
C0167,2025-07-01,0,0,10,0,0.0,,0
C0167,2025-08-01,0,0,10,0,0.0,,0
C0168,2024-09-01,405,35,46,6,6.7,4.4,7
C0168,2024-10-01,351,34,46,10,9.1,4.4,8
C0168,2024-11-01,349,33,46,9,10.7,4.8,7
C0168,2024-12-01,372,32,46,7,4.1,4.4,8
C0168,2025-01-01,353,32,46,11,14.2,4.5,8
C0168,2025-02-01,407,34,46,7,10.6,4.3,8
C0168,2025-03-01,389,34,46,1,18.2,4.7,8
C0168,2025-04-01,372,33,46,4,19.0,4.3,9
C0168,2025-05-01,389,35,46,5,8.6,4.3,8
C0168,2025-06-01,365,32,46,4,25.6,3.8,9
C0168,2025-07-01,388,33,46,9,13.1,,8
C0168,2025-08-01,359,31,46,3,4.5,4.6,9
C0169,2024-09-01,1135,94,123,11,6.9,4.3,8
C0169,2024-10-01,1184,98,123,20,9.7,,8
C0169,2024-11-01,1111,92,123,16,7.3,4.2,8
C0169,2024-12-01,1196,99,123,13,12.5,4.4,8
C0169,2025-01-01,928,96,123,18,7.5,4.0,8
C0169,2025-02-01,879,91,123,32,33.2,3.8,8
C0169,2025-03-01,831,86,123,26,10.2,3.7,8
C0169,2025-04-01,783,81,123,31,19.7,3.4,8
C0169,2025-05-01,0,1,123,0,0.0,,0
C0169,2025-06-01,0,0,123,0,0.0,,0
C0169,2025-07-01,0,0,123,0,0.0,,0
C0169,2025-08-01,0,0,123,0,0.0,,0
C0170,2024-09-01,163,22,34,5,9.4,,7
C0170,2024-10-01,176,24,34,2,3.6,4.3,7
C0170,2024-11-01,170,25,34,1,7.9,4.3,8
C0170,2024-12-01,159,24,34,1,7.1,4.3,8
C0170,2025-01-01,179,25,34,3,12.1,4.6,8
C0170,2025-02-01,173,23,34,7,11.2,,8
C0170,2025-03-01,201,26,34,6,13.2,,8
C0170,2025-04-01,149,25,34,3,10.4,3.9,8
C0170,2025-05-01,201,25,34,1,8.5,4.4,8
C0170,2025-06-01,0,1,34,0,0.0,,0
C0170,2025-07-01,0,0,34,0,0.0,,0
C0170,2025-08-01,0,0,34,0,0.0,,0
C0171,2024-09-01,80,7,10,0,0.0,,7
C0171,2024-10-01,80,7,10,0,0.0,,7
C0171,2024-11-01,80,7,10,1,12.5,4.3,7
C0171,2024-12-01,80,7,10,1,7.5,4.4,7
C0171,2025-01-01,92,8,10,2,15.8,4.2,7
C0171,2025-02-01,80,7,10,5,22.3,4.2,7
C0171,2025-03-01,92,8,10,1,9.9,4.3,7
C0171,2025-04-01,92,8,10,3,9.4,4.4,7
C0171,2025-05-01,43,6,10,4,14.7,3.7,6
C0171,2025-06-01,13,2,10,8,27.6,,6
C0171,2025-07-01,6,1,10,4,22.9,2.9,5
C0171,2025-08-01,0,1,10,0,0.0,,0
C0172,2024-09-01,433,30,41,10,14.4,4.4,7
C0172,2024-10-01,435,29,41,4,6.9,3.9,7
C0172,2024-11-01,421,30,41,7,9.7,4.4,7
C0172,2024-12-01,406,28,41,10,18.1,4.2,7
C0172,2025-01-01,396,29,41,3,4.4,4.7,8
C0172,2025-02-01,414,28,41,6,5.8,4.3,8
C0172,2025-03-01,423,29,41,3,12.4,4.5,8
C0172,2025-04-01,391,29,41,10,5.1,4.4,8
C0172,2025-05-01,432,30,41,6,13.3,4.1,8
C0172,2025-06-01,420,29,41,9,42.1,,8
C0172,2025-07-01,428,29,41,9,7.7,4.8,9
C0172,2025-08-01,474,32,41,8,10.2,4.4,9
C0173,2024-09-01,382,41,57,11,10.1,4.2,7
C0173,2024-10-01,382,41,57,14,5.9,4.2,7
C0173,2024-11-01,391,42,57,11,8.2,,7
C0173,2024-12-01,372,40,57,11,5.7,4.3,7
C0173,2025-01-01,400,43,57,16,8.1,,7
C0173,2025-02-01,185,32,57,8,14.3,4.1,7
C0173,2025-03-01,61,12,57,23,8.3,3.5,5
C0173,2025-04-01,26,5,57,28,25.5,3.4,5
C0173,2025-05-01,10,2,57,18,12.8,3.5,3
C0173,2025-06-01,5,1,57,25,18.1,3.2,3
C0173,2025-07-01,5,1,57,30,17.7,2.8,2
C0173,2025-08-01,5,1,57,17,13.6,,1
C0174,2024-09-01,289,36,44,8,27.1,4.3,8
C0174,2024-10-01,262,34,44,7,13.8,,7
C0174,2024-11-01,221,30,44,6,9.3,3.9,7
C0174,2024-12-01,218,31,44,8,5.0,,6
C0174,2025-01-01,175,26,44,14,12.9,,6
C0174,2025-02-01,153,24,44,3,4.1,3.7,5
C0174,2025-03-01,139,23,44,10,4.2,,5
C0174,2025-04-01,120,21,44,8,13.0,3.6,4
C0174,2025-05-01,103,19,44,5,14.9,3.6,4
C0174,2025-06-01,86,17,44,6,18.7,,3
C0174,2025-07-01,71,15,44,9,9.6,3.2,3
C0174,2025-08-01,62,14,44,11,18.6,,2
C0175,2024-09-01,305,34,42,4,6.1,,8
C0175,2024-10-01,276,32,42,7,29.4,4.0,7
C0175,2024-11-01,239,29,42,15,12.0,4.3,7
C0175,2024-12-01,213,27,42,8,13.4,3.8,6
C0175,2025-01-01,188,25,42,8,11.9,4.1,6
C0175,2025-02-01,171,24,42,15,5.6,3.8,5
C0175,2025-03-01,156,23,42,8,13.5,3.6,5
C0175,2025-04-01,122,19,42,15,5.5,3.6,4
C0175,2025-05-01,103,17,42,9,8.1,3.4,4
C0175,2025-06-01,79,14,42,8,8.0,3.6,3
C0175,2025-07-01,74,14,42,8,19.3,3.2,3
C0175,2025-08-01,64,13,42,18,13.2,3.2,2
C0176,2024-09-01,622,40,55,6,5.2,4.3,7
C0176,2024-10-01,586,40,55,12,11.4,4.5,8
C0176,2024-11-01,538,37,55,7,6.9,4.2,7
C0176,2024-12-01,521,40,55,12,11.1,4.3,8
C0176,2025-01-01,630,40,55,13,10.1,4.2,8
C0176,2025-02-01,540,38,55,4,16.0,4.5,8
C0176,2025-03-01,561,39,55,7,10.9,4.4,8
C0176,2025-04-01,599,39,55,2,17.9,4.2,9
C0176,2025-05-01,573,39,55,11,10.3,4.4,8
C0176,2025-06-01,661,43,55,5,4.3,4.5,8
C0176,2025-07-01,646,43,55,6,29.0,4.5,9
C0176,2025-08-01,514,35,55,18,8.2,4.4,9
C0177,2024-09-01,159,10,13,1,4.2,4.7,8
C0177,2024-10-01,131,9,13,2,22.8,4.4,7
C0177,2024-11-01,124,9,13,2,9.9,,8
C0177,2024-12-01,122,9,13,3,12.0,4.9,7
C0177,2025-01-01,144,9,13,0,0.0,,8
C0177,2025-02-01,159,10,13,0,0.0,,8
C0177,2025-03-01,153,10,13,2,3.6,4.8,8
C0177,2025-04-01,145,10,13,3,13.3,4.1,8
C0177,2025-05-01,152,10,13,1,14.7,4.7,8
C0177,2025-06-01,141,9,13,3,6.7,4.5,9
C0177,2025-07-01,126,9,13,2,12.4,4.7,9
C0177,2025-08-01,145,10,13,1,7.5,4.3,9
C0178,2024-09-01,1279,105,145,20,11.7,4.1,7
C0178,2024-10-01,1254,106,145,14,4.5,4.6,7
C0178,2024-11-01,1163,101,145,11,7.8,4.4,7
C0178,2024-12-01,1200,104,145,26,16.3,4.3,8
C0178,2025-01-01,1273,112,145,10,8.5,4.7,8
C0178,2025-02-01,1198,105,145,11,5.0,4.3,8
C0178,2025-03-01,1001,96,145,10,6.9,3.7,8
C0178,2025-04-01,1171,108,145,20,12.0,4.6,8
C0178,2025-05-01,1389,120,145,20,9.2,4.0,8
C0178,2025-06-01,1144,113,145,14,9.5,4.3,9
C0178,2025-07-01,1111,108,145,13,23.2,,9
C0178,2025-08-01,1272,111,145,19,8.3,,9
C0179,2024-09-01,160,13,18,0,0.0,,7
C0179,2024-10-01,143,13,18,1,13.0,4.6,7
C0179,2024-11-01,161,13,18,4,12.9,4.0,8
C0179,2024-12-01,165,13,18,3,16.4,4.6,8
C0179,2025-01-01,147,13,18,3,10.1,4.3,8
C0179,2025-02-01,173,14,18,2,8.4,4.6,8
C0179,2025-03-01,159,14,18,0,0.0,,8
C0179,2025-04-01,172,13,18,1,17.6,4.4,8
C0179,2025-05-01,173,14,18,4,15.5,4.7,8
C0179,2025-06-01,165,14,18,1,13.5,4.5,9
C0179,2025-07-01,158,14,18,2,11.6,4.2,8
C0179,2025-08-01,175,14,18,2,16.1,4.6,9
C0180,2024-09-01,534,47,57,8,13.2,4.4,8
C0180,2024-10-01,469,43,57,14,10.8,,7
C0180,2024-11-01,396,38,57,16,13.5,4.2,7
C0180,2024-12-01,389,39,57,13,12.1,4.0,6
C0180,2025-01-01,323,34,57,9,6.6,3.9,6
C0180,2025-02-01,280,31,57,8,15.5,3.8,5
C0180,2025-03-01,240,28,57,11,33.2,3.6,5
C0180,2025-04-01,243,30,57,12,7.0,3.5,4
C0180,2025-05-01,191,25,57,14,8.9,,4
C0180,2025-06-01,144,20,57,11,9.9,,3
C0180,2025-07-01,121,18,57,21,9.8,3.3,3
C0180,2025-08-01,100,16,57,15,12.4,3.2,2
C0181,2024-09-01,248,17,24,1,5.8,4.7,7
C0181,2024-10-01,254,18,24,7,7.5,4.3,8
C0181,2024-11-01,236,18,24,3,9.5,4.6,7
C0181,2024-12-01,238,18,24,3,28.7,4.5,7
C0181,2025-01-01,254,20,24,8,13.0,4.8,8
C0181,2025-02-01,215,17,24,4,14.6,4.1,8
C0181,2025-03-01,274,20,24,5,15.4,4.2,8
C0181,2025-04-01,217,17,24,4,4.7,4.3,8
C0181,2025-05-01,239,18,24,6,9.4,4.6,8
C0181,2025-06-01,208,17,24,7,15.2,4.3,8
C0181,2025-07-01,253,18,24,2,7.1,4.5,9
C0181,2025-08-01,242,19,24,8,9.5,4.5,9
C0182,2024-09-01,406,26,37,4,8.5,4.3,7
C0182,2024-10-01,429,27,37,10,12.3,,7
C0182,2024-11-01,437,27,37,8,14.9,4.1,8
C0182,2024-12-01,437,26,37,3,8.7,4.5,7
C0182,2025-01-01,436,28,37,8,7.6,4.2,8
C0182,2025-02-01,399,26,37,4,13.2,4.0,8
C0182,2025-03-01,428,27,37,7,22.2,3.9,8
C0182,2025-04-01,366,26,37,5,20.0,4.2,8
C0182,2025-05-01,348,26,37,5,8.5,4.3,8
C0182,2025-06-01,419,29,37,5,27.1,5.1,9
C0182,2025-07-01,417,26,37,5,15.8,4.5,9
C0182,2025-08-01,386,27,37,2,8.3,4.5,8
C0183,2024-09-01,455,36,46,7,5.4,,7
C0183,2024-10-01,429,34,46,4,11.1,4.2,7
C0183,2024-11-01,404,32,46,7,7.6,4.2,7
C0183,2024-12-01,455,36,46,3,6.5,4.2,7
C0183,2025-01-01,417,33,46,6,6.7,4.5,7
C0183,2025-02-01,442,35,46,3,6.5,4.4,7
C0183,2025-03-01,442,35,46,6,5.4,4.3,7
C0183,2025-04-01,442,35,46,7,5.5,4.4,7
C0183,2025-05-01,251,32,46,4,7.6,3.8,6
C0183,2025-06-01,0,1,46,0,0.0,,0
C0183,2025-07-01,0,0,46,0,0.0,,0
C0183,2025-08-01,0,0,46,0,0.0,,0
C0184,2024-09-01,91,9,12,2,12.1,4.5,8
C0184,2024-10-01,91,9,12,3,16.2,4.3,8
C0184,2024-11-01,91,9,12,1,14.7,4.4,8
C0184,2024-12-01,101,10,12,0,0.0,,8
C0184,2025-01-01,91,9,12,3,20.3,,8
C0184,2025-02-01,73,9,12,8,29.2,4.2,8
C0184,2025-03-01,73,9,12,7,11.7,3.7,8
C0184,2025-04-01,65,8,12,10,17.7,3.5,8
C0184,2025-05-01,65,8,12,4,36.1,3.4,8
C0184,2025-06-01,57,7,12,8,38.0,2.7,8
C0184,2025-07-01,57,7,12,5,27.9,2.7,8
C0184,2025-08-01,49,6,12,5,22.8,2.5,8
C0185,2024-09-01,545,48,57,9,8.8,4.1,8
C0185,2024-10-01,458,42,57,9,16.0,4.2,7
C0185,2024-11-01,417,40,57,8,30.3,4.1,7
C0185,2024-12-01,369,37,57,11,11.2,3.8,6
C0185,2025-01-01,342,36,57,6,3.2,3.8,6
C0185,2025-02-01,298,33,57,6,5.7,3.7,5
C0185,2025-03-01,249,29,57,7,8.1,4.0,5
C0185,2025-04-01,235,29,57,9,13.6,3.7,4
C0185,2025-05-01,176,23,57,12,23.0,3.5,4
C0185,2025-06-01,165,23,57,11,20.2,,3
C0185,2025-07-01,134,20,57,11,8.4,3.2,3
C0185,2025-08-01,87,14,57,13,10.9,3.0,2
C0186,2024-09-01,226,17,25,5,23.9,4.2,7
C0186,2024-10-01,210,18,25,7,6.3,4.3,7
C0186,2024-11-01,180,17,25,2,10.4,4.5,8
C0186,2024-12-01,201,18,25,2,14.0,4.8,8
C0186,2025-01-01,191,17,25,2,16.3,4.5,8
C0186,2025-02-01,181,16,25,4,14.4,4.4,8
C0186,2025-03-01,227,20,25,4,8.0,3.9,8
C0186,2025-04-01,215,18,25,9,11.0,4.5,8
C0186,2025-05-01,230,19,25,5,14.0,,9
C0186,2025-06-01,218,18,25,5,13.8,3.8,9
C0186,2025-07-01,217,19,25,4,12.3,4.0,9
C0186,2025-08-01,215,17,25,3,12.1,4.6,9
C0187,2024-09-01,796,90,113,20,14.9,4.2,7
C0187,2024-10-01,769,87,113,35,10.8,4.3,7
C0187,2024-11-01,761,86,113,27,23.4,4.2,7
C0187,2024-12-01,769,87,113,37,16.7,4.2,7
C0187,2025-01-01,699,79,113,28,15.7,,7
C0187,2025-02-01,734,83,113,26,12.4,,8
C0187,2025-03-01,708,80,113,25,52.3,4.1,7
C0187,2025-04-01,752,85,113,19,14.2,,7
C0187,2025-05-01,761,86,113,26,7.8,4.1,7
C0187,2025-06-01,378,69,113,23,9.1,4.0,6
C0187,2025-07-01,156,32,113,30,16.4,3.4,5
C0187,2025-08-01,0,2,113,0,0.0,,0
C0188,2024-09-01,77,10,16,4,7.7,4.3,8
C0188,2024-10-01,97,12,16,3,17.9,4.0,7
C0188,2024-11-01,73,11,16,5,7.2,4.5,7
C0188,2024-12-01,91,12,16,2,10.2,4.1,8
C0188,2025-01-01,87,12,16,2,9.4,,8
C0188,2025-02-01,99,13,16,2,19.4,4.7,8
C0188,2025-03-01,96,12,16,4,7.0,,8
C0188,2025-04-01,93,12,16,1,8.6,4.2,8
C0188,2025-05-01,98,13,16,1,8.9,4.5,8
C0188,2025-06-01,98,13,16,3,25.6,4.5,8
C0188,2025-07-01,89,13,16,3,14.9,,8
C0188,2025-08-01,100,14,16,1,11.5,4.2,9
C0189,2024-09-01,35,4,5,0,0.0,,7
C0189,2024-10-01,25,3,5,1,6.1,4.2,7
C0189,2024-11-01,34,4,5,1,15.1,4.6,8
C0189,2024-12-01,33,4,5,2,14.2,4.6,8
C0189,2025-01-01,32,4,5,1,8.8,,8
C0189,2025-02-01,30,4,5,2,7.7,4.2,8
C0189,2025-03-01,37,4,5,2,10.8,,9
C0189,2025-04-01,36,4,5,2,13.9,4.1,9
C0189,2025-05-01,35,4,5,1,19.9,,8
C0189,2025-06-01,26,3,5,2,9.3,4.3,8
C0189,2025-07-01,29,4,5,1,10.9,4.8,9
C0189,2025-08-01,32,4,5,0,0.0,,9
C0190,2024-09-01,57,5,7,1,8.3,4.1,7
C0190,2024-10-01,69,6,7,1,17.2,,7
C0190,2024-11-01,56,5,7,1,12.8,4.1,7
C0190,2024-12-01,49,5,7,0,0.0,,8
C0190,2025-01-01,51,5,7,0,0.0,,8
C0190,2025-02-01,52,5,7,0,0.0,,8
C0190,2025-03-01,62,6,7,1,5.9,4.6,8
C0190,2025-04-01,53,5,7,0,0.0,,8
C0190,2025-05-01,58,5,7,0,0.0,,8
C0190,2025-06-01,57,5,7,0,0.0,,8
C0190,2025-07-01,53,5,7,0,0.0,,9
C0190,2025-08-01,68,6,7,1,13.2,5.2,9
C0191,2024-09-01,580,63,78,5,9.0,4.3,8
C0191,2024-10-01,571,62,78,8,5.7,4.2,8
C0191,2024-11-01,562,61,78,14,16.7,4.4,8
C0191,2024-12-01,552,60,78,5,6.7,,8
C0191,2025-01-01,449,61,78,23,4.8,4.3,8
C0191,2025-02-01,427,58,78,17,28.2,3.9,8
C0191,2025-03-01,405,55,78,28,16.3,,8
C0191,2025-04-01,376,51,78,23,12.8,,8
C0191,2025-05-01,354,48,78,25,22.8,3.1,8
C0191,2025-06-01,331,45,78,27,11.6,3.0,8
C0191,2025-07-01,309,42,78,35,24.3,,8
C0191,2025-08-01,287,39,78,41,46.6,2.4,8
C0192,2024-09-01,790,68,96,12,8.5,4.2,7
C0192,2024-10-01,753,68,96,7,11.6,3.8,7
C0192,2024-11-01,839,70,96,8,6.2,4.3,7
C0192,2024-12-01,864,72,96,5,10.5,,7
C0192,2025-01-01,849,76,96,4,13.0,4.6,8
C0192,2025-02-01,737,67,96,12,10.2,4.4,8
C0192,2025-03-01,812,71,96,7,15.1,4.4,8
C0192,2025-04-01,799,71,96,6,11.3,4.8,7
C0192,2025-05-01,691,68,96,9,7.4,4.2,8
C0192,2025-06-01,835,66,96,11,19.5,4.2,8
C0192,2025-07-01,829,70,96,13,11.4,4.7,8
C0192,2025-08-01,828,75,96,10,5.8,4.6,9
C0193,2024-09-01,476,36,51,4,17.4,4.4,7
C0193,2024-10-01,459,37,51,4,6.9,4.4,7
C0193,2024-11-01,506,34,51,5,5.9,3.9,7
C0193,2024-12-01,460,35,51,7,10.4,,8
C0193,2025-01-01,483,37,51,5,6.5,4.6,8
C0193,2025-02-01,514,38,51,6,6.5,,8
C0193,2025-03-01,425,36,51,5,15.8,,8
C0193,2025-04-01,496,41,51,8,9.8,4.1,8
C0193,2025-05-01,466,37,51,8,13.2,3.9,8
C0193,2025-06-01,474,35,51,4,10.4,,9
C0193,2025-07-01,460,39,51,8,11.1,4.9,9
C0193,2025-08-01,446,35,51,10,11.1,4.6,9
C0194,2024-09-01,251,21,31,6,11.8,4.3,7
C0194,2024-10-01,288,23,31,5,4.5,4.3,8
C0194,2024-11-01,272,22,31,5,14.3,4.1,8
C0194,2024-12-01,285,22,31,6,9.9,4.5,7
C0194,2025-01-01,261,20,31,5,4.3,4.4,8
C0194,2025-02-01,267,22,31,5,11.2,4.5,7
C0194,2025-03-01,304,22,31,4,6.7,4.2,8
C0194,2025-04-01,269,21,31,4,17.1,4.4,8
C0194,2025-05-01,325,23,31,4,9.5,4.6,8
C0194,2025-06-01,289,22,31,3,8.7,4.4,8
C0194,2025-07-01,312,24,31,6,5.8,4.1,8
C0194,2025-08-01,302,24,31,4,9.0,4.5,9
C0195,2024-09-01,133,16,23,2,17.5,,8
C0195,2024-10-01,129,18,23,3,12.1,4.0,7
C0195,2024-11-01,125,16,23,4,14.9,4.6,7
C0195,2024-12-01,136,17,23,5,11.7,,8
C0195,2025-01-01,128,17,23,5,7.2,4.5,7
C0195,2025-02-01,114,16,23,1,10.6,4.8,8
C0195,2025-03-01,124,17,23,6,12.6,4.5,8
C0195,2025-04-01,138,16,23,4,15.1,4.2,8
C0195,2025-05-01,125,17,23,1,7.6,4.6,8
C0195,2025-06-01,135,17,23,7,13.2,4.6,8
C0195,2025-07-01,125,16,23,2,8.0,4.0,9
C0195,2025-08-01,125,16,23,3,15.1,4.3,9
C0196,2024-09-01,49,7,9,1,11.2,3.9,7
C0196,2024-10-01,48,7,9,0,0.0,,8
C0196,2024-11-01,48,7,9,5,10.8,,8
C0196,2024-12-01,56,7,9,6,13.0,4.1,8
C0196,2025-01-01,50,7,9,2,12.5,4.3,8
C0196,2025-02-01,51,7,9,3,7.4,,8
C0196,2025-03-01,44,7,9,1,21.2,4.4,8
C0196,2025-04-01,47,7,9,2,6.4,,8
C0196,2025-05-01,50,7,9,0,0.0,,8
C0196,2025-06-01,49,7,9,0,0.0,,8
C0196,2025-07-01,51,7,9,3,10.6,4.4,9
C0196,2025-08-01,51,7,9,3,3.7,4.1,9
C0197,2024-09-01,588,82,111,26,10.0,,8
C0197,2024-10-01,483,75,111,31,9.3,4.3,7
C0197,2024-11-01,604,80,111,29,9.1,4.7,8
C0197,2024-12-01,576,80,111,24,8.8,4.2,7
C0197,2025-01-01,613,80,111,29,15.3,,8
C0197,2025-02-01,620,85,111,17,11.2,4.1,8
C0197,2025-03-01,592,82,111,21,5.6,4.7,8
C0197,2025-04-01,610,83,111,14,12.2,4.5,8
C0197,2025-05-01,555,82,111,20,4.7,5.2,9
C0197,2025-06-01,684,87,111,17,11.3,4.9,8
C0197,2025-07-01,618,88,111,23,16.2,4.7,9
C0197,2025-08-01,591,84,111,12,9.7,4.9,9
C0198,2024-09-01,100,7,10,1,7.3,4.2,7
C0198,2024-10-01,102,7,10,0,0.0,,8
C0198,2024-11-01,92,7,10,0,0.0,,7
C0198,2024-12-01,103,7,10,1,6.2,4.7,8
C0198,2025-01-01,112,8,10,0,0.0,,8
C0198,2025-02-01,104,7,10,2,22.3,4.8,8
C0198,2025-03-01,103,7,10,1,8.9,4.5,8
C0198,2025-04-01,102,7,10,4,7.8,4.3,8
C0198,2025-05-01,97,7,10,0,0.0,,9
C0198,2025-06-01,102,7,10,0,0.0,,9
C0198,2025-07-01,104,7,10,1,11.3,4.5,9
C0198,2025-08-01,101,7,10,1,14.5,4.1,9
C0199,2024-09-01,390,33,45,2,6.1,4.2,8
C0199,2024-10-01,390,33,45,2,20.7,4.4,8
C0199,2024-11-01,414,35,45,6,7.0,4.4,8
C0199,2024-12-01,438,37,45,5,5.2,4.4,8
C0199,2025-01-01,331,35,45,9,9.0,4.2,8
C0199,2025-02-01,312,33,45,15,15.6,3.9,8
C0199,2025-03-01,303,32,45,13,10.5,3.9,8
C0199,2025-04-01,284,30,45,7,14.6,3.5,8
C0199,2025-05-01,265,28,45,20,25.0,,8
C0199,2025-06-01,246,26,45,16,19.9,,8
C0199,2025-07-01,227,24,45,12,35.0,2.6,8
C0199,2025-08-01,208,22,45,5,33.9,2.4,8
C0200,2024-09-01,112,8,11,1,8.2,4.3,7
C0200,2024-10-01,139,9,11,2,7.6,,7
C0200,2024-11-01,117,8,11,2,18.3,4.2,7
C0200,2024-12-01,121,8,11,2,5.3,,8
C0200,2025-01-01,113,8,11,1,8.9,4.8,7
C0200,2025-02-01,114,8,11,2,4.5,4.2,8
C0200,2025-03-01,114,8,11,2,12.3,4.4,8
C0200,2025-04-01,110,7,11,1,22.3,4.2,8
C0200,2025-05-01,118,8,11,2,7.5,4.2,8
C0200,2025-06-01,112,8,11,1,13.0,,8
C0200,2025-07-01,121,8,11,1,9.2,4.1,9
C0200,2025-08-01,120,8,11,3,7.3,4.4,9
C0201,2024-09-01,305,25,35,9,10.6,4.7,7
C0201,2024-10-01,301,25,35,13,15.3,,7
C0201,2024-11-01,301,25,35,4,12.9,5.0,7
C0201,2024-12-01,297,25,35,1,9.0,4.6,8
C0201,2025-01-01,300,25,35,6,6.2,4.2,8
C0201,2025-02-01,265,26,35,1,25.4,4.5,8
C0201,2025-03-01,268,25,35,9,7.4,4.4,8
C0201,2025-04-01,286,27,35,9,8.9,4.9,8
C0201,2025-05-01,309,25,35,8,12.4,4.7,8
C0201,2025-06-01,284,26,35,16,4.9,4.2,9
C0201,2025-07-01,287,26,35,6,8.6,4.1,9
C0201,2025-08-01,287,25,35,2,14.5,3.7,9
C0202,2024-09-01,128,11,16,2,19.7,4.3,7
C0202,2024-10-01,137,11,16,0,0.0,,7
C0202,2024-11-01,113,11,16,1,17.9,4.5,8
C0202,2024-12-01,131,11,16,1,9.4,4.6,8
C0202,2025-01-01,119,11,16,1,7.1,4.5,8
C0202,2025-02-01,132,11,16,1,8.5,4.8,8
C0202,2025-03-01,139,12,16,2,4.7,4.2,8
C0202,2025-04-01,128,12,16,1,14.9,4.3,8
C0202,2025-05-01,143,12,16,1,11.3,5.0,8
C0202,2025-06-01,142,12,16,0,0.0,,9
C0202,2025-07-01,139,12,16,2,19.2,4.6,9
C0202,2025-08-01,128,11,16,3,12.6,4.6,9
C0203,2024-09-01,125,14,19,1,21.1,4.2,7
C0203,2024-10-01,130,14,19,5,13.8,4.4,7
C0203,2024-11-01,122,14,19,3,4.4,4.4,8
C0203,2024-12-01,123,14,19,2,7.9,4.5,8
C0203,2025-01-01,135,15,19,0,0.0,,7
C0203,2025-02-01,130,15,19,0,0.0,,8
C0203,2025-03-01,127,15,19,2,5.9,4.4,8
C0203,2025-04-01,112,14,19,0,0.0,,8
C0203,2025-05-01,127,15,19,5,9.8,4.1,8
C0203,2025-06-01,138,15,19,1,7.6,5.0,8
C0203,2025-07-01,141,15,19,4,9.3,4.5,9
C0203,2025-08-01,125,15,19,3,10.4,4.2,9
C0204,2024-09-01,1068,88,111,14,14.0,4.1,7
C0204,2024-10-01,1104,91,111,13,6.1,3.9,8
C0204,2024-11-01,1055,87,111,6,7.8,4.2,8
C0204,2024-12-01,1104,91,111,11,21.5,4.2,8
C0204,2025-01-01,1092,90,111,6,4.6,4.8,8
C0204,2025-02-01,342,47,111,22,18.3,3.5,5
C0204,2025-03-01,200,33,111,30,5.3,,4
C0204,2025-04-01,306,42,111,22,20.2,3.0,4
C0204,2025-05-01,740,61,111,11,20.2,4.2,8
C0204,2025-06-01,910,75,111,8,17.2,4.1,8
C0204,2025-07-01,1055,87,111,11,10.3,4.7,8
C0204,2025-08-01,1104,91,111,12,13.2,4.4,7
C0205,2024-09-01,71,5,6,1,11.7,4.4,8
C0205,2024-10-01,71,5,6,1,13.0,4.3,8
C0205,2024-11-01,71,5,6,0,0.0,,8
C0205,2024-12-01,71,5,6,1,12.9,4.5,8
C0205,2025-01-01,71,5,6,0,0.0,,8
C0205,2025-02-01,57,5,6,2,17.0,4.6,8
C0205,2025-03-01,45,4,6,4,20.4,,8
C0205,2025-04-01,0,1,6,0,0.0,,0
C0205,2025-05-01,0,0,6,0,0.0,,0
C0205,2025-06-01,0,0,6,0,0.0,,0
C0205,2025-07-01,0,0,6,0,0.0,,0
C0205,2025-08-01,0,0,6,0,0.0,,0
C0206,2024-09-01,1385,98,131,39,10.5,,8
C0206,2024-10-01,1526,108,131,32,5.9,4.4,8
C0206,2024-11-01,1512,107,131,37,26.6,4.4,8
C0206,2024-12-01,1329,94,131,32,5.6,,8
C0206,2025-01-01,1484,105,131,33,11.3,4.1,8
C0206,2025-02-01,1329,94,131,24,34.5,4.3,8
C0206,2025-03-01,1442,102,131,22,11.5,,8
C0206,2025-04-01,1153,102,131,65,9.6,4.2,8
C0206,2025-05-01,1052,93,131,63,16.7,3.7,8
C0206,2025-06-01,950,84,131,69,17.1,3.4,8
C0206,2025-07-01,848,75,131,90,36.5,2.9,8
C0206,2025-08-01,0,3,131,0,0.0,,0
C0207,2024-09-01,103,10,14,3,12.1,4.6,7
C0207,2024-10-01,110,11,14,1,8.4,3.7,7
C0207,2024-11-01,115,10,14,3,26.6,3.8,8
C0207,2024-12-01,114,11,14,2,13.3,4.7,8
C0207,2025-01-01,129,11,14,1,7.7,4.2,8
C0207,2025-02-01,116,11,14,2,10.2,4.1,8
C0207,2025-03-01,121,11,14,1,13.5,4.4,8
C0207,2025-04-01,134,12,14,1,14.4,4.6,8
C0207,2025-05-01,108,11,14,1,10.1,4.3,9
C0207,2025-06-01,121,11,14,4,8.2,,8
C0207,2025-07-01,122,11,14,1,5.1,4.5,9
C0207,2025-08-01,140,12,14,2,8.7,4.3,9
C0208,2024-09-01,273,43,57,13,5.8,4.3,7
C0208,2024-10-01,312,39,57,10,16.8,3.9,8
C0208,2024-11-01,324,42,57,12,12.9,4.6,7
C0208,2024-12-01,325,46,57,14,7.3,4.6,8
C0208,2025-01-01,345,45,57,9,12.8,4.0,7
C0208,2025-02-01,345,44,57,9,6.6,4.1,8
C0208,2025-03-01,315,44,57,11,14.1,4.5,8
C0208,2025-04-01,337,44,57,11,14.4,4.4,8
C0208,2025-05-01,341,43,57,9,18.7,4.4,8
C0208,2025-06-01,307,45,57,7,8.8,,8
C0208,2025-07-01,362,47,57,9,6.3,4.4,9
C0208,2025-08-01,359,47,57,9,12.2,4.1,8
C0209,2024-09-01,425,28,37,5,16.2,4.6,7
C0209,2024-10-01,374,27,37,9,8.5,4.2,7
C0209,2024-11-01,382,30,37,3,19.7,4.5,7
C0209,2024-12-01,393,26,37,9,11.4,4.5,8
C0209,2025-01-01,404,27,37,3,5.1,4.4,8
C0209,2025-02-01,366,28,37,3,9.2,4.1,8
C0209,2025-03-01,393,29,37,4,24.2,4.6,8
C0209,2025-04-01,377,28,37,3,11.8,4.1,8
C0209,2025-05-01,343,28,37,5,12.5,4.5,8
C0209,2025-06-01,0,1,37,0,0.0,,0
C0209,2025-07-01,0,0,37,0,0.0,,0
C0209,2025-08-01,0,0,37,0,0.0,,0
C0210,2024-09-01,80,7,10,2,8.9,,7
C0210,2024-10-01,96,7,10,1,3.3,4.5,7
C0210,2024-11-01,89,7,10,4,11.1,4.7,7
C0210,2024-12-01,102,8,10,3,11.6,4.9,8
C0210,2025-01-01,106,8,10,1,9.0,4.7,8
C0210,2025-02-01,104,8,10,2,20.0,3.9,7
C0210,2025-03-01,86,7,10,0,0.0,,8
C0210,2025-04-01,97,8,10,2,8.7,4.5,8
C0210,2025-05-01,92,7,10,3,12.6,4.2,9
C0210,2025-06-01,86,7,10,2,7.1,4.5,9
C0210,2025-07-01,93,8,10,2,14.6,4.6,8
C0210,2025-08-01,109,8,10,0,0.0,,9
C0211,2024-09-01,186,13,18,9,4.0,,7
C0211,2024-10-01,188,13,18,4,10.1,4.2,8
C0211,2024-11-01,190,14,18,0,0.0,,7
C0211,2024-12-01,163,13,18,3,15.6,4.4,8
C0211,2025-01-01,186,14,18,1,14.9,,8
C0211,2025-02-01,183,14,18,1,9.6,4.1,8
C0211,2025-03-01,175,14,18,0,0.0,,8
C0211,2025-04-01,168,13,18,0,0.0,,8
C0211,2025-05-01,192,14,18,3,19.5,,9
C0211,2025-06-01,179,14,18,3,6.2,4.9,8
C0211,2025-07-01,189,14,18,0,0.0,,8
C0211,2025-08-01,166,14,18,3,20.9,3.9,8
C0212,2024-09-01,373,34,49,9,8.8,4.4,7
C0212,2024-10-01,403,37,49,11,17.7,4.3,7
C0212,2024-11-01,414,39,49,8,9.6,3.9,7
C0212,2024-12-01,388,37,49,9,16.3,4.3,7
C0212,2025-01-01,419,35,49,8,5.1,4.6,8
C0212,2025-02-01,388,37,49,7,4.6,3.9,8
C0212,2025-03-01,466,40,49,12,13.4,4.0,8
C0212,2025-04-01,392,38,49,11,8.1,,8
C0212,2025-05-01,440,39,49,7,6.5,4.6,8
C0212,2025-06-01,465,39,49,4,39.4,,9
C0212,2025-07-01,390,37,49,9,12.7,4.7,9
C0212,2025-08-01,424,41,49,12,4.3,4.5,9
C0213,2024-09-01,221,19,27,3,8.9,,8
C0213,2024-10-01,211,20,27,2,5.0,4.3,7
C0213,2024-11-01,262,22,27,3,8.3,4.9,8
C0213,2024-12-01,224,20,27,1,11.2,3.8,7
C0213,2025-01-01,244,20,27,2,12.0,4.7,8
C0213,2025-02-01,223,21,27,1,10.8,4.4,8
C0213,2025-03-01,237,20,27,3,10.4,4.5,8
C0213,2025-04-01,221,22,27,5,8.3,4.7,8
C0213,2025-05-01,251,21,27,3,7.4,3.6,8
C0213,2025-06-01,229,20,27,4,12.0,4.8,8
C0213,2025-07-01,260,22,27,3,8.2,4.6,9
C0213,2025-08-01,256,23,27,0,0.0,,9
C0214,2024-09-01,192,19,25,8,8.0,4.6,7
C0214,2024-10-01,172,18,25,6,5.3,,7
C0214,2024-11-01,194,20,25,5,10.4,4.8,8
C0214,2024-12-01,206,19,25,2,10.0,4.2,7
C0214,2025-01-01,200,18,25,3,10.7,3.9,8
C0214,2025-02-01,206,19,25,4,15.1,4.5,8
C0214,2025-03-01,193,18,25,10,6.5,3.9,8
C0214,2025-04-01,194,19,25,3,7.8,4.5,8
C0214,2025-05-01,205,19,25,3,10.5,,8
C0214,2025-06-01,207,20,25,5,9.8,4.2,9
C0214,2025-07-01,227,20,25,2,16.9,4.9,8
C0214,2025-08-01,201,21,25,5,6.7,4.4,8
C0215,2024-09-01,462,38,51,6,13.2,4.5,7
C0215,2024-10-01,408,33,51,13,14.1,4.5,8
C0215,2024-11-01,450,39,51,7,18.1,4.2,8
C0215,2024-12-01,436,38,51,11,7.6,,8
C0215,2025-01-01,454,37,51,8,22.9,4.8,8
C0215,2025-02-01,374,37,51,8,8.7,4.8,8
C0215,2025-03-01,455,38,51,6,6.1,,8
C0215,2025-04-01,486,37,51,8,8.0,4.6,8
C0215,2025-05-01,374,37,51,4,6.0,4.7,8
C0215,2025-06-01,465,37,51,3,12.0,4.2,9
C0215,2025-07-01,457,37,51,9,22.8,4.0,9
C0215,2025-08-01,448,41,51,5,7.5,4.3,8
C0216,2024-09-01,56,7,10,1,4.7,4.5,7
C0216,2024-10-01,49,7,10,0,0.0,,8
C0216,2024-11-01,59,7,10,2,13.2,4.1,7
C0216,2024-12-01,59,7,10,3,14.5,4.5,7
C0216,2025-01-01,55,7,10,1,8.1,4.6,8
C0216,2025-02-01,48,7,10,0,0.0,,8
C0216,2025-03-01,61,8,10,0,0.0,,9
C0216,2025-04-01,55,7,10,1,15.6,3.8,8
C0216,2025-05-01,57,7,10,2,9.3,4.0,8
C0216,2025-06-01,48,7,10,0,0.0,,8
C0216,2025-07-01,51,7,10,1,11.2,4.9,9
C0216,2025-08-01,65,8,10,1,2.3,4.8,9
C0217,2024-09-01,105,11,16,2,8.8,4.3,7
C0217,2024-10-01,111,12,16,5,16.4,4.5,8
C0217,2024-11-01,125,12,16,4,7.3,4.4,7
C0217,2024-12-01,110,12,16,4,12.0,4.0,8
C0217,2025-01-01,134,12,16,5,6.3,4.5,8
C0217,2025-02-01,134,12,16,2,14.5,4.6,8
C0217,2025-03-01,130,12,16,1,7.7,4.1,8
C0217,2025-04-01,122,12,16,3,6.2,4.0,8
C0217,2025-05-01,135,12,16,4,10.7,4.5,8
C0217,2025-06-01,132,12,16,1,7.0,,8
C0217,2025-07-01,118,12,16,2,4.3,4.7,9
C0217,2025-08-01,133,12,16,1,7.8,,9
C0218,2024-09-01,54,4,5,0,0.0,,7
C0218,2024-10-01,58,4,5,0,0.0,,7
C0218,2024-11-01,56,4,5,0,0.0,,8
C0218,2024-12-01,61,4,5,0,0.0,,8
C0218,2025-01-01,45,3,5,0,0.0,,8
C0218,2025-02-01,56,4,5,0,0.0,,8
C0218,2025-03-01,51,4,5,1,8.3,4.7,8
C0218,2025-04-01,53,4,5,0,0.0,,8
C0218,2025-05-01,57,4,5,1,10.6,,8
C0218,2025-06-01,52,4,5,0,0.0,,9
C0218,2025-07-01,42,3,5,0,0.0,,8
C0218,2025-08-01,62,4,5,0,0.0,,8
C0219,2024-09-01,842,92,124,11,11.2,4.6,7
C0219,2024-10-01,808,96,124,13,22.4,4.8,7
C0219,2024-11-01,658,85,124,16,9.6,4.6,7
C0219,2024-12-01,695,91,124,11,7.0,,8
C0219,2025-01-01,825,89,124,19,11.3,4.6,8
C0219,2025-02-01,951,102,124,9,9.6,4.0,8
C0219,2025-03-01,779,94,124,7,14.8,4.0,8
C0219,2025-04-01,771,91,124,20,6.7,4.8,8
C0219,2025-05-01,812,106,124,12,17.2,4.5,8
C0219,2025-06-01,861,96,124,9,4.9,4.1,9
C0219,2025-07-01,796,93,124,9,6.6,4.4,9
C0219,2025-08-01,747,96,124,16,6.5,4.5,9
C0220,2024-09-01,291,34,48,12,10.9,4.2,7
C0220,2024-10-01,263,34,48,2,7.9,4.1,7
C0220,2024-11-01,238,36,48,5,17.5,4.5,7
C0220,2024-12-01,263,35,48,8,22.1,4.4,8
C0220,2025-01-01,270,37,48,7,17.4,4.6,8
C0220,2025-02-01,277,36,48,6,12.9,,8
C0220,2025-03-01,249,35,48,6,10.5,4.1,8
C0220,2025-04-01,287,36,48,5,27.7,4.6,8
C0220,2025-05-01,259,34,48,7,6.9,4.6,8
C0220,2025-06-01,249,33,48,7,7.2,4.6,9
C0220,2025-07-01,290,37,48,4,11.0,4.2,9
C0220,2025-08-01,294,38,48,2,6.2,4.1,9
C0221,2024-09-01,237,27,39,2,5.6,,7
C0221,2024-10-01,247,29,39,4,16.9,4.4,8
C0221,2024-11-01,257,30,39,3,10.2,4.5,8
C0221,2024-12-01,212,27,39,2,12.6,4.4,7
C0221,2025-01-01,219,28,39,3,11.8,4.6,8
C0221,2025-02-01,236,29,39,2,9.0,4.6,8
C0221,2025-03-01,249,29,39,1,6.9,4.1,8
C0221,2025-04-01,236,28,39,6,10.6,4.8,8
C0221,2025-05-01,211,27,39,4,4.3,4.5,8
C0221,2025-06-01,247,29,39,1,14.5,4.3,9
C0221,2025-07-01,216,28,39,2,17.6,4.5,9
C0221,2025-08-01,220,28,39,2,8.3,4.4,9
C0222,2024-09-01,286,37,50,2,5.9,4.2,7
C0222,2024-10-01,261,34,50,8,11.0,4.4,7
C0222,2024-11-01,314,37,50,2,7.7,4.3,8
C0222,2024-12-01,308,38,50,6,10.4,4.5,8
C0222,2025-01-01,324,38,50,6,16.1,,8
C0222,2025-02-01,252,36,50,2,8.1,4.3,8
C0222,2025-03-01,324,39,50,7,6.2,,8
C0222,2025-04-01,289,37,50,5,17.0,4.5,8
C0222,2025-05-01,301,38,50,8,13.2,4.3,8
C0222,2025-06-01,313,36,50,1,13.1,4.4,9
C0222,2025-07-01,252,32,50,1,6.9,,9
C0222,2025-08-01,307,37,50,4,6.2,4.5,9
C0223,2024-09-01,131,13,18,2,12.4,4.3,7
C0223,2024-10-01,131,13,18,5,20.0,4.3,7
C0223,2024-11-01,131,13,18,1,10.4,4.3,7
C0223,2024-12-01,131,13,18,7,13.1,4.0,7
C0223,2025-01-01,131,13,18,1,6.7,4.2,6
C0223,2025-02-01,131,13,18,3,16.0,4.3,8
C0223,2025-03-01,141,14,18,4,8.2,4.5,7
C0223,2025-04-01,62,10,18,7,12.6,3.9,6
C0223,2025-05-01,22,4,18,6,18.1,3.6,5
C0223,2025-06-01,11,2,18,8,20.2,3.3,4
C0223,2025-07-01,0,1,18,0,0.0,,0
C0223,2025-08-01,0,0,18,0,0.0,,0
C0224,2024-09-01,327,21,28,3,28.9,4.4,7
C0224,2024-10-01,343,22,28,4,5.8,4.2,7
C0224,2024-11-01,326,22,28,3,8.6,4.5,8
C0224,2024-12-01,312,21,28,6,15.7,4.6,8
C0224,2025-01-01,325,21,28,3,13.1,,8
C0224,2025-02-01,294,22,28,2,23.6,4.7,8
C0224,2025-03-01,291,21,28,3,13.9,3.7,8
C0224,2025-04-01,347,24,28,8,8.8,,8
C0224,2025-05-01,311,23,28,3,7.9,,8
C0224,2025-06-01,318,22,28,1,26.4,4.4,9
C0224,2025-07-01,331,23,28,0,0.0,,9
C0224,2025-08-01,325,22,28,6,10.7,4.4,9
C0225,2024-09-01,36,4,5,1,9.6,4.2,8
C0225,2024-10-01,36,4,5,1,7.0,4.4,8
C0225,2024-11-01,36,4,5,1,6.4,,8
C0225,2024-12-01,36,4,5,0,0.0,,8
C0225,2025-01-01,36,4,5,1,30.9,4.5,8
C0225,2025-02-01,36,4,5,1,11.9,,8
C0225,2025-03-01,36,4,5,0,0.0,,8
C0225,2025-04-01,36,4,5,0,0.0,,8
C0225,2025-05-01,29,4,5,1,15.3,4.0,8
C0225,2025-06-01,22,3,5,0,0.0,,8
C0225,2025-07-01,22,3,5,4,16.7,,8
C0225,2025-08-01,14,2,5,2,20.9,2.7,8
C0226,2024-09-01,360,44,56,5,7.1,,8
C0226,2024-10-01,368,45,56,16,6.7,4.3,8
C0226,2024-11-01,352,43,56,13,17.7,4.4,7
C0226,2024-12-01,376,46,56,10,7.8,,8
C0226,2025-01-01,352,43,56,4,16.4,4.7,8
C0226,2025-02-01,118,24,56,17,12.9,3.3,5
C0226,2025-03-01,70,17,56,16,22.8,2.8,4
C0226,2025-04-01,103,21,56,4,14.0,3.3,4
C0226,2025-05-01,253,31,56,9,3.3,4.1,7
C0226,2025-06-01,311,38,56,3,8.2,5.0,8
C0226,2025-07-01,360,44,56,3,12.5,,7
C0226,2025-08-01,376,46,56,7,3.8,4.7,8
C0227,2024-09-01,92,12,15,1,9.4,4.2,8
C0227,2024-10-01,92,12,15,1,5.8,4.3,8
C0227,2024-11-01,92,12,15,3,7.3,4.3,8
C0227,2024-12-01,92,12,15,3,9.9,,8
C0227,2025-01-01,92,12,15,2,10.7,4.2,8
C0227,2025-02-01,92,12,15,2,7.3,4.2,8
C0227,2025-03-01,92,12,15,7,11.1,4.4,8
C0227,2025-04-01,92,12,15,3,5.5,,8
C0227,2025-05-01,74,12,15,5,8.4,4.3,8
C0227,2025-06-01,61,10,15,5,19.7,3.6,8
C0227,2025-07-01,55,9,15,5,32.7,3.1,8
C0227,2025-08-01,49,8,15,6,26.6,2.3,8
C0228,2024-09-01,132,13,16,4,19.0,4.2,8
C0228,2024-10-01,117,12,16,3,20.8,4.4,7
C0228,2024-11-01,103,11,16,2,15.4,4.0,7
C0228,2024-12-01,89,10,16,2,9.3,3.9,6
C0228,2025-01-01,85,10,16,2,15.3,,6
C0228,2025-02-01,73,9,16,4,11.7,3.7,5
C0228,2025-03-01,61,8,16,3,6.7,,5
C0228,2025-04-01,51,7,16,2,16.5,3.4,4
C0228,2025-05-01,41,6,16,6,17.4,3.4,4
C0228,2025-06-01,39,6,16,1,23.7,3.2,3
C0228,2025-07-01,0,1,16,0,0.0,,0
C0228,2025-08-01,0,0,16,0,0.0,,0
C0229,2024-09-01,61,8,10,2,6.7,4.5,7
C0229,2024-10-01,61,8,10,3,17.6,4.3,7
C0229,2024-11-01,61,8,10,0,0.0,,8
C0229,2024-12-01,53,7,10,1,13.8,4.5,7
C0229,2025-01-01,61,8,10,2,8.9,4.3,7
C0229,2025-02-01,53,7,10,0,0.0,,7
C0229,2025-03-01,61,8,10,2,4.9,4.3,7
C0229,2025-04-01,61,8,10,0,0.0,,8
C0229,2025-05-01,28,6,10,5,17.2,3.8,6
C0229,2025-06-01,13,3,10,3,14.0,3.3,6
C0229,2025-07-01,0,1,10,0,0.0,,0
C0229,2025-08-01,0,0,10,0,0.0,,0
C0230,2024-09-01,142,11,15,5,11.3,4.0,8
C0230,2024-10-01,166,11,15,0,0.0,,8
C0230,2024-11-01,168,11,15,1,14.8,,7
C0230,2024-12-01,150,11,15,1,14.7,4.3,8
C0230,2025-01-01,134,10,15,1,23.0,4.6,7
C0230,2025-02-01,157,11,15,0,0.0,,7
C0230,2025-03-01,131,10,15,1,10.3,3.9,9
C0230,2025-04-01,129,11,15,1,7.7,,8
C0230,2025-05-01,101,9,15,2,7.3,4.4,8
C0230,2025-06-01,148,11,15,0,0.0,,8
C0230,2025-07-01,157,11,15,0,0.0,,9
C0230,2025-08-01,162,12,15,2,10.8,4.1,9
C0231,2024-09-01,88,7,10,3,7.2,4.5,7
C0231,2024-10-01,106,7,10,1,11.2,4.4,7
C0231,2024-11-01,94,7,10,2,19.9,4.3,8
C0231,2024-12-01,96,7,10,0,0.0,,8
C0231,2025-01-01,98,8,10,0,0.0,,8
C0231,2025-02-01,92,7,10,0,0.0,,8
C0231,2025-03-01,81,7,10,1,16.7,4.3,8
C0231,2025-04-01,101,8,10,1,10.5,4.6,8
C0231,2025-05-01,106,8,10,1,20.9,4.3,8
C0231,2025-06-01,94,8,10,2,5.5,4.2,9
C0231,2025-07-01,105,8,10,0,0.0,,8
C0231,2025-08-01,106,8,10,1,14.7,4.2,9
C0232,2024-09-01,1431,102,133,11,20.2,4.4,8
C0232,2024-10-01,1501,107,133,11,22.2,4.3,8
C0232,2024-11-01,1445,103,133,15,3.8,,8
C0232,2024-12-01,1473,105,133,16,9.5,4.2,8
C0232,2025-01-01,1543,110,133,13,16.5,4.3,8
C0232,2025-02-01,1167,104,133,34,15.3,4.4,8
C0232,2025-03-01,1100,98,133,44,11.3,3.7,8
C0232,2025-04-01,0,4,133,0,0.0,,0
C0232,2025-05-01,0,0,133,0,0.0,,0
C0232,2025-06-01,0,0,133,0,0.0,,0
C0232,2025-07-01,0,0,133,0,0.0,,0
C0232,2025-08-01,0,0,133,0,0.0,,0
C0233,2024-09-01,523,77,101,13,13.9,4.1,7
C0233,2024-10-01,447,69,101,10,14.6,4.4,7
C0233,2024-11-01,525,73,101,12,18.4,4.3,7
C0233,2024-12-01,506,68,101,11,13.0,3.7,8
C0233,2025-01-01,485,70,101,18,19.3,4.1,8
C0233,2025-02-01,548,74,101,20,18.7,4.5,8
C0233,2025-03-01,482,71,101,8,6.0,4.6,8
C0233,2025-04-01,454,67,101,11,5.1,,8
C0233,2025-05-01,560,78,101,11,12.0,4.2,8
C0233,2025-06-01,524,73,101,12,12.9,4.2,8
C0233,2025-07-01,480,69,101,12,4.7,,9
C0233,2025-08-01,532,73,101,16,9.5,4.6,9
C0234,2024-09-01,187,18,26,0,0.0,,7
C0234,2024-10-01,174,18,26,5,11.1,4.6,7
C0234,2024-11-01,162,20,26,4,9.8,4.2,8
C0234,2024-12-01,212,20,26,2,5.4,4.5,8
C0234,2025-01-01,180,20,26,2,14.3,4.8,8
C0234,2025-02-01,201,21,26,6,14.2,4.8,8
C0234,2025-03-01,191,20,26,2,6.2,4.5,8
C0234,2025-04-01,193,20,26,1,6.6,4.8,8
C0234,2025-05-01,190,20,26,0,0.0,,8
C0234,2025-06-01,210,22,26,3,7.4,4.7,8
C0234,2025-07-01,175,20,26,3,24.5,4.4,9
C0234,2025-08-01,230,21,26,2,6.4,4.4,9
C0235,2024-09-01,410,60,88,16,8.5,4.5,7
C0235,2024-10-01,502,68,88,15,8.9,4.6,8
C0235,2024-11-01,505,63,88,22,12.6,4.3,8
C0235,2024-12-01,474,63,88,19,11.3,,8
C0235,2025-01-01,502,69,88,19,15.2,,8
C0235,2025-02-01,522,69,88,21,4.5,4.4,8
C0235,2025-03-01,521,68,88,20,6.1,4.4,8
C0235,2025-04-01,426,61,88,19,8.4,4.9,9
C0235,2025-05-01,474,63,88,18,8.4,4.5,8
C0235,2025-06-01,528,69,88,17,9.1,4.5,8
C0235,2025-07-01,494,68,88,13,4.9,4.4,9
C0235,2025-08-01,464,65,88,21,5.9,4.6,9
C0236,2024-09-01,113,8,12,0,0.0,,7
C0236,2024-10-01,97,8,12,2,8.2,4.4,7
C0236,2024-11-01,107,8,12,0,0.0,,7
C0236,2024-12-01,120,9,12,1,7.6,4.8,8
C0236,2025-01-01,116,9,12,1,5.5,4.1,8
C0236,2025-02-01,116,9,12,0,0.0,,8
C0236,2025-03-01,127,9,12,2,6.1,4.7,8
C0236,2025-04-01,124,9,12,1,13.1,4.4,9
C0236,2025-05-01,135,9,12,0,0.0,,9
C0236,2025-06-01,103,8,12,1,8.7,4.5,8
C0236,2025-07-01,121,9,12,2,7.3,4.5,9
C0236,2025-08-01,136,10,12,0,0.0,,9
C0237,2024-09-01,124,12,17,3,14.5,4.3,7
C0237,2024-10-01,126,12,17,3,6.2,,7
C0237,2024-11-01,120,12,17,2,6.4,,7
C0237,2024-12-01,129,12,17,5,6.7,4.9,8
C0237,2025-01-01,117,12,17,3,6.6,4.1,7
C0237,2025-02-01,122,12,17,1,13.6,3.7,8
C0237,2025-03-01,113,11,17,3,10.6,4.7,8
C0237,2025-04-01,122,12,17,1,18.4,4.3,8
C0237,2025-05-01,131,12,17,2,9.5,4.8,8
C0237,2025-06-01,127,11,17,2,12.2,4.3,8
C0237,2025-07-01,112,11,17,2,13.2,4.1,9
C0237,2025-08-01,126,12,17,3,9.2,4.1,9
C0238,2024-09-01,842,63,84,12,11.6,,7
C0238,2024-10-01,829,62,84,10,10.1,4.4,7
C0238,2024-11-01,815,61,84,4,7.0,,8
C0238,2024-12-01,802,60,84,10,17.4,4.2,7
C0238,2025-01-01,909,68,84,11,10.0,4.2,7
C0238,2025-02-01,856,64,84,9,10.4,4.1,7
C0238,2025-03-01,842,63,84,8,20.4,,7
C0238,2025-04-01,0,1,84,0,0.0,,0
C0238,2025-05-01,0,0,84,0,0.0,,0
C0238,2025-06-01,0,0,84,0,0.0,,0
C0238,2025-07-01,0,0,84,0,0.0,,0
C0238,2025-08-01,0,0,84,0,0.0,,0
C0239,2024-09-01,27,3,5,0,0.0,,7
C0239,2024-10-01,27,3,5,0,0.0,,7
C0239,2024-11-01,40,4,5,1,6.4,4.6,8
C0239,2024-12-01,34,4,5,0,0.0,,8
C0239,2025-01-01,36,4,5,1,7.1,4.8,7
C0239,2025-02-01,34,4,5,2,6.0,4.2,8
C0239,2025-03-01,33,4,5,0,0.0,,8
C0239,2025-04-01,38,4,5,2,16.0,4.5,8
C0239,2025-05-01,35,4,5,1,5.4,4.8,8
C0239,2025-06-01,37,4,5,0,0.0,,8
C0239,2025-07-01,35,4,5,0,0.0,,9
C0239,2025-08-01,38,4,5,0,0.0,,9
C0240,2024-09-01,1019,121,157,33,9.6,4.2,8
C0240,2024-10-01,960,114,157,32,6.2,4.5,8
C0240,2024-11-01,1036,123,157,33,9.9,4.5,8
C0240,2024-12-01,1104,131,157,34,9.6,4.3,8
C0240,2025-01-01,822,122,157,74,12.2,4.3,8
C0240,2025-02-01,782,116,157,108,22.4,3.8,8
C0240,2025-03-01,741,110,157,80,22.1,3.6,8
C0240,2025-04-01,0,5,157,0,0.0,,0
C0240,2025-05-01,0,0,157,0,0.0,,0
C0240,2025-06-01,0,0,157,0,0.0,,0
C0240,2025-07-01,0,0,157,0,0.0,,0
C0240,2025-08-01,0,0,157,0,0.0,,0
C0241,2024-09-01,270,29,41,1,11.5,4.6,7
C0241,2024-10-01,249,29,41,4,11.7,4.4,7
C0241,2024-11-01,289,32,41,3,9.5,4.3,8
C0241,2024-12-01,251,28,41,6,5.1,4.4,7
C0241,2025-01-01,291,29,41,2,9.1,4.4,8
C0241,2025-02-01,294,31,41,1,8.7,5.0,8
C0241,2025-03-01,293,31,41,4,6.9,4.7,8
C0241,2025-04-01,297,31,41,5,4.7,4.4,8
C0241,2025-05-01,281,32,41,5,15.0,4.6,8
C0241,2025-06-01,324,33,41,8,18.8,,8
C0241,2025-07-01,293,32,41,4,9.5,4.4,8
C0241,2025-08-01,290,32,41,4,25.6,,9
C0242,2024-09-01,203,29,40,1,11.2,4.5,7
C0242,2024-10-01,189,29,40,10,22.0,3.9,7
C0242,2024-11-01,194,29,40,6,7.9,4.4,7
C0242,2024-12-01,226,31,40,3,7.7,4.5,8
C0242,2025-01-01,195,28,40,7,7.5,4.7,8
C0242,2025-02-01,197,29,40,4,6.4,,8
C0242,2025-03-01,241,31,40,8,15.5,,8
C0242,2025-04-01,246,30,40,5,11.2,,8
C0242,2025-05-01,214,30,40,6,11.1,4.6,9
C0242,2025-06-01,196,30,40,3,11.9,4.2,8
C0242,2025-07-01,227,31,40,5,23.8,4.3,9
C0242,2025-08-01,194,31,40,1,3.8,4.7,9
C0243,2024-09-01,164,12,16,2,3.9,4.7,7
C0243,2024-10-01,144,11,16,0,0.0,,8
C0243,2024-11-01,173,13,16,4,6.3,4.3,8
C0243,2024-12-01,143,11,16,2,5.1,4.1,8
C0243,2025-01-01,158,12,16,0,0.0,,8
C0243,2025-02-01,166,12,16,0,0.0,,8
C0243,2025-03-01,149,12,16,3,7.9,,8
C0243,2025-04-01,158,12,16,3,7.1,4.1,8
C0243,2025-05-01,134,11,16,3,20.5,4.5,9
C0243,2025-06-01,146,11,16,1,6.8,,9
C0243,2025-07-01,130,10,16,2,6.1,4.5,9
C0243,2025-08-01,135,11,16,2,5.6,4.5,8
C0244,2024-09-01,169,14,20,4,14.4,,7
C0244,2024-10-01,171,14,20,2,12.0,4.7,7
C0244,2024-11-01,208,14,20,5,9.6,4.5,7
C0244,2024-12-01,196,15,20,7,15.3,4.0,7
C0244,2025-01-01,170,14,20,1,11.0,4.2,8
C0244,2025-02-01,198,14,20,3,9.6,,8
C0244,2025-03-01,186,14,20,5,6.5,,8
C0244,2025-04-01,192,14,20,4,17.7,4.2,8
C0244,2025-05-01,172,15,20,4,25.2,4.5,8
C0244,2025-06-01,182,14,20,4,5.3,4.9,9
C0244,2025-07-01,210,15,20,5,13.9,,9
C0244,2025-08-01,178,14,20,1,10.0,4.0,9
C0245,2024-09-01,452,47,59,8,5.7,4.3,7
C0245,2024-10-01,432,45,59,11,18.2,4.2,7
C0245,2024-11-01,452,47,59,13,10.6,4.2,7
C0245,2024-12-01,404,42,59,12,7.9,4.4,7
C0245,2025-01-01,423,44,59,4,14.1,4.4,7
C0245,2025-02-01,461,48,59,7,14.3,,8
C0245,2025-03-01,413,43,59,11,18.3,,7
C0245,2025-04-01,413,43,59,7,7.8,4.3,7
C0245,2025-05-01,423,44,59,7,5.8,4.4,8
C0245,2025-06-01,226,38,59,10,14.5,4.1,6
C0245,2025-07-01,79,15,59,24,18.1,,5
C0245,2025-08-01,37,7,59,18,8.5,2.7,5
C0246,2024-09-01,1207,83,111,23,5.5,4.8,7
C0246,2024-10-01,1310,85,111,19,4.9,4.1,8
C0246,2024-11-01,1267,84,111,24,18.1,4.4,7
C0246,2024-12-01,1133,79,111,23,24.8,4.6,8
C0246,2025-01-01,1204,80,111,20,8.4,4.6,8
C0246,2025-02-01,1118,85,111,12,13.5,,8
C0246,2025-03-01,1295,84,111,22,6.1,4.1,8
C0246,2025-04-01,1205,83,111,12,4.8,4.5,8
C0246,2025-05-01,1090,81,111,14,13.3,3.9,8
C0246,2025-06-01,1159,82,111,26,9.2,4.5,8
C0246,2025-07-01,1324,86,111,16,7.3,4.7,9
C0246,2025-08-01,1079,78,111,24,15.0,4.1,9
C0247,2024-09-01,123,13,19,4,7.2,4.2,7
C0247,2024-10-01,133,13,19,3,11.0,3.9,8
C0247,2024-11-01,128,13,19,4,13.0,4.8,7
C0247,2024-12-01,122,13,19,2,11.9,4.8,7
C0247,2025-01-01,122,14,19,0,0.0,,7
C0247,2025-02-01,124,14,19,2,3.5,4.2,8
C0247,2025-03-01,119,14,19,2,17.1,4.6,8
C0247,2025-04-01,131,14,19,0,0.0,,8
C0247,2025-05-01,132,14,19,2,12.7,,8
C0247,2025-06-01,156,16,19,3,9.0,,8
C0247,2025-07-01,141,15,19,1,5.2,4.1,9
C0247,2025-08-01,138,14,19,2,10.4,4.2,9
C0248,2024-09-01,413,27,38,6,12.2,,7
C0248,2024-10-01,388,27,38,6,12.0,,7
C0248,2024-11-01,408,31,38,6,6.7,,8
C0248,2024-12-01,433,29,38,6,11.2,,7
C0248,2025-01-01,440,27,38,6,9.5,4.9,8
C0248,2025-02-01,365,29,38,2,10.3,4.7,8
C0248,2025-03-01,435,29,38,4,18.9,4.3,8
C0248,2025-04-01,371,28,38,10,10.6,,8
C0248,2025-05-01,408,28,38,3,10.0,,8
C0248,2025-06-01,411,28,38,6,7.3,4.5,9
C0248,2025-07-01,412,27,38,5,12.2,,9
C0248,2025-08-01,399,27,38,8,12.2,4.6,9
C0249,2024-09-01,82,9,13,1,14.2,,7
C0249,2024-10-01,103,10,13,1,10.3,4.6,7
C0249,2024-11-01,86,9,13,0,0.0,,8
C0249,2024-12-01,94,10,13,1,6.4,4.4,8
C0249,2025-01-01,84,9,13,1,4.8,,8
C0249,2025-02-01,101,10,13,3,9.1,4.4,8
C0249,2025-03-01,89,9,13,2,11.2,4.6,8
C0249,2025-04-01,99,10,13,0,0.0,,9
C0249,2025-05-01,95,10,13,1,14.9,4.3,8
C0249,2025-06-01,102,10,13,0,0.0,,8
C0249,2025-07-01,95,10,13,3,11.6,4.5,8
C0249,2025-08-01,109,11,13,1,7.4,,9
C0250,2024-09-01,546,74,95,25,8.4,4.3,7
C0250,2024-10-01,565,66,95,16,10.7,,8
C0250,2024-11-01,516,66,95,18,9.9,,8
C0250,2024-12-01,516,67,95,20,14.0,4.4,8
C0250,2025-01-01,559,69,95,12,11.5,4.8,8
C0250,2025-02-01,527,69,95,16,6.3,,8
C0250,2025-03-01,509,68,95,21,8.1,4.6,8
C0250,2025-04-01,535,71,95,26,9.3,,8
C0250,2025-05-01,572,76,95,14,5.5,,8
C0250,2025-06-01,519,71,95,16,15.9,4.6,9
C0250,2025-07-01,523,72,95,20,9.0,4.4,9
C0250,2025-08-01,614,74,95,23,3.0,3.9,9
C0251,2024-09-01,1269,105,146,20,11.4,4.4,7
C0251,2024-10-01,1365,113,146,28,15.0,4.2,7
C0251,2024-11-01,1317,109,146,37,19.2,4.1,7
C0251,2024-12-01,1329,110,146,34,14.4,,7
C0251,2025-01-01,1353,112,146,35,15.1,4.4,7
C0251,2025-02-01,1317,109,146,23,12.7,4.3,7
C0251,2025-03-01,1293,107,146,34,14.2,4.2,7
C0251,2025-04-01,689,92,146,25,12.7,3.9,6
C0251,2025-05-01,306,46,146,49,9.4,3.6,6
C0251,2025-06-01,133,20,146,60,10.8,3.4,4
C0251,2025-07-01,0,2,146,0,0.0,,0
C0251,2025-08-01,0,0,146,0,0.0,,0
C0252,2024-09-01,83,8,10,1,6.9,,7
C0252,2024-10-01,83,8,10,2,7.4,5.0,8
C0252,2024-11-01,83,8,10,3,9.4,4.6,8
C0252,2024-12-01,83,8,10,0,0.0,,8
C0252,2025-01-01,83,8,10,4,14.3,4.4,7
C0252,2025-02-01,25,4,10,6,23.6,,5
C0252,2025-03-01,15,3,10,4,22.0,2.8,4
C0252,2025-04-01,25,4,10,1,16.9,3.5,4
C0252,2025-05-01,62,6,10,1,9.4,,8
C0252,2025-06-01,72,7,10,1,9.8,4.6,8
C0252,2025-07-01,83,8,10,3,15.2,4.5,7
C0252,2025-08-01,83,8,10,1,8.4,4.4,8
C0253,2024-09-01,510,33,45,6,8.6,3.9,7
C0253,2024-10-01,418,31,45,14,11.2,,7
C0253,2024-11-01,422,34,45,6,13.8,3.8,7
C0253,2024-12-01,432,34,45,11,20.6,4.5,8
C0253,2025-01-01,427,31,45,8,12.2,4.2,7
C0253,2025-02-01,402,33,45,9,10.2,4.4,8
C0253,2025-03-01,451,32,45,4,9.2,,8
C0253,2025-04-01,444,33,45,7,12.3,4.6,8
C0253,2025-05-01,434,33,45,11,3.8,3.9,8
C0253,2025-06-01,345,29,45,7,5.2,4.2,8
C0253,2025-07-01,461,33,45,9,6.4,4.4,9
C0253,2025-08-01,429,34,45,10,7.4,4.4,9
C0254,2024-09-01,597,47,65,6,9.0,4.2,7
C0254,2024-10-01,583,49,65,6,9.9,4.9,7
C0254,2024-11-01,562,48,65,17,13.7,,7
C0254,2024-12-01,643,50,65,10,9.4,4.5,7
C0254,2025-01-01,627,48,65,9,8.2,4.7,8
C0254,2025-02-01,646,49,65,6,8.4,4.0,8
C0254,2025-03-01,590,51,65,7,11.0,4.0,8
C0254,2025-04-01,512,44,65,9,16.0,4.4,8
C0254,2025-05-01,597,51,65,9,6.4,4.7,8
C0254,2025-06-01,604,48,65,5,5.8,4.4,9
C0254,2025-07-01,559,50,65,7,12.0,,8
C0254,2025-08-01,595,53,65,9,13.7,4.0,9
C0255,2024-09-01,736,52,74,3,13.5,4.1,7
C0255,2024-10-01,697,52,74,5,7.0,3.9,8
C0255,2024-11-01,685,50,74,9,5.9,4.6,8
C0255,2024-12-01,685,54,74,8,8.0,,7
C0255,2025-01-01,663,52,74,10,14.1,4.6,8
C0255,2025-02-01,744,53,74,6,8.5,,8
C0255,2025-03-01,714,56,74,8,9.3,,8
C0255,2025-04-01,619,55,74,10,10.5,,8
C0255,2025-05-01,680,52,74,5,3.8,4.7,9
C0255,2025-06-01,760,56,74,8,9.9,4.4,9
C0255,2025-07-01,779,55,74,7,20.1,4.7,8
C0255,2025-08-01,761,52,74,10,8.3,4.2,9
C0256,2024-09-01,58,7,10,3,5.0,4.1,7
C0256,2024-10-01,58,7,10,0,0.0,,7
C0256,2024-11-01,49,7,10,1,15.7,4.3,7
C0256,2024-12-01,55,7,10,1,10.9,4.6,8
C0256,2025-01-01,60,7,10,3,13.3,,8
C0256,2025-02-01,52,7,10,0,0.0,,8
C0256,2025-03-01,63,8,10,1,13.0,4.2,8
C0256,2025-04-01,65,8,10,1,20.0,4.6,8
C0256,2025-05-01,58,8,10,1,7.7,4.8,8
C0256,2025-06-01,61,8,10,2,4.9,3.8,9
C0256,2025-07-01,57,8,10,0,0.0,,8
C0256,2025-08-01,62,8,10,0,0.0,,8
C0257,2024-09-01,227,16,22,2,10.7,4.6,7
C0257,2024-10-01,215,16,22,3,6.5,4.3,7
C0257,2024-11-01,226,16,22,2,6.5,4.4,7
C0257,2024-12-01,271,18,22,1,26.4,4.5,8
C0257,2025-01-01,227,17,22,2,7.1,4.3,8
C0257,2025-02-01,225,17,22,1,19.7,4.6,8
C0257,2025-03-01,216,16,22,2,6.4,4.4,8
C0257,2025-04-01,234,17,22,5,6.5,,8
C0257,2025-05-01,242,17,22,3,3.9,4.3,8
C0257,2025-06-01,247,18,22,2,9.4,4.6,9
C0257,2025-07-01,263,17,22,2,8.7,4.5,8
C0257,2025-08-01,240,17,22,1,9.0,4.8,9
C0258,2024-09-01,465,43,57,4,12.6,4.2,8
C0258,2024-10-01,476,44,57,12,18.3,4.6,8
C0258,2024-11-01,465,43,57,4,12.7,4.1,8
C0258,2024-12-01,508,47,57,6,8.8,4.1,8
C0258,2025-01-01,443,41,57,3,8.8,4.1,8
C0258,2025-02-01,519,48,57,7,9.7,4.5,8
C0258,2025-03-01,508,47,57,6,10.1,4.4,8
C0258,2025-04-01,465,43,57,1,8.9,4.4,8
C0258,2025-05-01,381,44,57,24,7.9,4.1,8
C0258,2025-06-01,337,39,57,17,10.0,,8
C0258,2025-07-01,294,34,57,25,30.2,,8
C0258,2025-08-01,242,28,57,20,23.0,2.6,8
C0259,2024-09-01,75,8,10,0,0.0,,7
C0259,2024-10-01,66,7,10,0,0.0,,7
C0259,2024-11-01,72,8,10,2,10.6,4.8,7
C0259,2024-12-01,60,7,10,3,32.4,4.2,7
C0259,2025-01-01,70,8,10,2,10.2,4.7,8
C0259,2025-02-01,62,7,10,1,10.1,4.5,8
C0259,2025-03-01,64,7,10,1,16.0,4.6,8
C0259,2025-04-01,80,8,10,0,0.0,,8
C0259,2025-05-01,77,8,10,2,12.8,4.7,8
C0259,2025-06-01,69,8,10,3,8.3,4.5,9
C0259,2025-07-01,81,8,10,1,6.6,4.7,9
C0259,2025-08-01,73,8,10,0,0.0,,9
C0260,2024-09-01,397,40,58,7,9.7,4.4,7
C0260,2024-10-01,389,39,58,4,5.6,4.5,7
C0260,2024-11-01,428,44,58,4,8.1,4.1,7
C0260,2024-12-01,392,44,58,12,16.1,4.6,8
C0260,2025-01-01,372,41,58,4,7.1,4.6,8
C0260,2025-02-01,399,41,58,2,12.2,4.4,8
C0260,2025-03-01,402,41,58,5,10.4,4.5,8
C0260,2025-04-01,376,40,58,4,4.3,,8
C0260,2025-05-01,375,41,58,6,11.1,4.9,9
C0260,2025-06-01,405,43,58,2,8.1,4.4,8
C0260,2025-07-01,412,45,58,8,8.5,,9
C0260,2025-08-01,376,41,58,6,19.8,4.4,9
C0261,2024-09-01,59,4,6,0,0.0,,8
C0261,2024-10-01,59,4,6,1,12.5,4.4,8
C0261,2024-11-01,73,5,6,1,12.0,,8
C0261,2024-12-01,73,5,6,1,9.2,4.3,8
C0261,2025-01-01,73,5,6,0,0.0,,8
C0261,2025-02-01,73,5,6,1,3.6,4.2,8
C0261,2025-03-01,73,5,6,1,8.6,4.5,8
C0261,2025-04-01,59,5,6,2,6.1,4.1,8
C0261,2025-05-01,47,4,6,2,13.0,3.6,8
C0261,2025-06-01,47,4,6,3,35.6,3.2,8
C0261,2025-07-01,35,3,6,2,16.3,2.8,8
C0261,2025-08-01,35,3,6,3,59.2,2.5,8
C0262,2024-09-01,218,23,33,4,17.4,4.2,7
C0262,2024-10-01,202,23,33,3,5.3,4.4,7
C0262,2024-11-01,205,24,33,4,11.3,4.6,8
C0262,2024-12-01,226,26,33,4,6.9,4.3,7
C0262,2025-01-01,220,24,33,4,13.0,4.2,8
C0262,2025-02-01,218,25,33,7,14.8,4.3,8
C0262,2025-03-01,203,25,33,4,11.5,4.4,8
C0262,2025-04-01,241,26,33,2,7.5,4.0,8
C0262,2025-05-01,214,26,33,3,10.9,4.2,8
C0262,2025-06-01,242,27,33,6,5.7,4.0,9
C0262,2025-07-01,218,28,33,3,7.3,,8
C0262,2025-08-01,229,26,33,2,11.9,,9
C0263,2024-09-01,101,10,14,2,9.3,4.4,7
C0263,2024-10-01,101,10,14,6,12.3,,7
C0263,2024-11-01,111,11,14,4,8.2,4.5,7
C0263,2024-12-01,101,10,14,5,13.7,4.2,7
C0263,2025-01-01,101,10,14,0,0.0,,7
C0263,2025-02-01,111,11,14,2,9.9,4.3,7
C0263,2025-03-01,101,10,14,3,10.0,4.2,7
C0263,2025-04-01,56,9,14,2,33.2,3.8,6
C0263,2025-05-01,22,4,14,5,21.2,3.4,5
C0263,2025-06-01,11,2,14,5,13.3,3.1,4
C0263,2025-07-01,6,1,14,7,17.7,3.0,3
C0263,2025-08-01,0,1,14,0,0.0,,0
C0264,2024-09-01,135,9,11,3,7.7,4.7,8
C0264,2024-10-01,135,9,11,6,17.8,3.7,7
C0264,2024-11-01,135,9,11,1,14.2,4.2,8
C0264,2024-12-01,135,9,11,0,0.0,,8
C0264,2025-01-01,135,9,11,0,0.0,,8
C0264,2025-02-01,45,5,11,5,6.4,,5
C0264,2025-03-01,22,3,11,5,11.0,,4
C0264,2025-04-01,36,4,11,2,5.2,3.1,4
C0264,2025-05-01,90,6,11,3,7.5,4.0,7
C0264,2025-06-01,105,7,11,4,13.6,4.2,8
C0264,2025-07-01,135,9,11,0,0.0,,7
C0264,2025-08-01,135,9,11,2,14.9,4.5,8
C0265,2024-09-01,73,9,11,3,15.6,4.3,8
C0265,2024-10-01,73,9,11,1,3.3,4.1,8
C0265,2024-11-01,65,8,11,1,7.6,,8
C0265,2024-12-01,73,9,11,1,11.7,4.2,8
C0265,2025-01-01,65,8,11,0,0.0,,8
C0265,2025-02-01,73,9,11,1,9.5,4.2,8
C0265,2025-03-01,73,9,11,4,16.4,4.3,8
C0265,2025-04-01,73,9,11,2,11.2,4.3,8
C0265,2025-05-01,73,9,11,2,10.5,4.2,8
C0265,2025-06-01,10,3,11,4,27.5,2.7,4
C0265,2025-07-01,0,1,11,0,0.0,,0
C0265,2025-08-01,0,0,11,0,0.0,,0
C0266,2024-09-01,538,36,48,5,12.5,4.2,7
C0266,2024-10-01,455,34,48,10,9.4,4.5,7
C0266,2024-11-01,420,33,48,3,10.5,4.4,8
C0266,2024-12-01,453,34,48,6,3.6,4.8,8
C0266,2025-01-01,468,35,48,10,10.7,4.5,8
C0266,2025-02-01,458,35,48,11,11.9,,8
C0266,2025-03-01,504,35,48,9,8.7,3.9,8
C0266,2025-04-01,495,34,48,13,19.4,4.6,8
C0266,2025-05-01,425,35,48,3,3.4,4.3,9
C0266,2025-06-01,440,33,48,7,19.6,3.9,9
C0266,2025-07-01,495,37,48,9,12.4,4.4,9
C0266,2025-08-01,449,33,48,9,5.3,,8
C0267,2024-09-01,216,30,41,12,11.7,,7
C0267,2024-10-01,190,29,41,8,6.5,4.1,8
C0267,2024-11-01,202,29,41,6,13.3,4.4,8
C0267,2024-12-01,225,28,41,6,15.5,4.4,8
C0267,2025-01-01,214,31,41,8,6.2,4.2,8
C0267,2025-02-01,221,32,41,4,8.3,3.9,8
C0267,2025-03-01,203,28,41,4,9.6,,8
C0267,2025-04-01,212,31,41,11,7.7,4.4,8
C0267,2025-05-01,207,29,41,8,27.5,4.1,9
C0267,2025-06-01,213,31,41,4,15.3,,9
C0267,2025-07-01,195,27,41,6,30.3,4.2,8
C0267,2025-08-01,211,30,41,5,6.8,4.7,9
C0268,2024-09-01,624,44,58,12,26.0,,7
C0268,2024-10-01,599,44,58,7,9.6,4.5,7
C0268,2024-11-01,538,42,58,12,6.0,4.2,8
C0268,2024-12-01,485,41,58,11,10.2,4.4,8
C0268,2025-01-01,587,44,58,8,10.2,4.5,8
C0268,2025-02-01,524,44,58,10,11.4,4.4,8
C0268,2025-03-01,577,44,58,5,15.3,4.5,8
C0268,2025-04-01,552,44,58,10,14.6,4.8,8
C0268,2025-05-01,501,44,58,6,7.4,4.2,8
C0268,2025-06-01,660,46,58,8,15.0,5.2,8
C0268,2025-07-01,561,46,58,9,22.9,,8
C0268,2025-08-01,593,46,58,8,19.3,,9
C0269,2024-09-01,68,5,7,1,23.4,4.2,8
C0269,2024-10-01,68,5,7,0,0.0,,8
C0269,2024-11-01,82,6,7,1,16.1,4.3,8
C0269,2024-12-01,82,6,7,1,5.3,,8
C0269,2025-01-01,68,5,7,2,10.6,4.2,8
C0269,2025-02-01,68,5,7,0,0.0,,8
C0269,2025-03-01,82,6,7,0,0.0,,8
C0269,2025-04-01,68,5,7,4,6.1,,8
C0269,2025-05-01,54,5,7,1,5.7,4.4,8
C0269,2025-06-01,54,5,7,1,25.8,3.6,8
C0269,2025-07-01,43,4,7,6,25.3,3.0,8
C0269,2025-08-01,43,4,7,5,34.8,2.3,8
C0270,2024-09-01,113,14,19,2,18.8,4.3,7
C0270,2024-10-01,134,15,19,0,0.0,,7
C0270,2024-11-01,128,14,19,1,7.4,4.0,7
C0270,2024-12-01,95,13,19,1,7.4,5.2,7
C0270,2025-01-01,137,14,19,2,4.0,4.1,8
C0270,2025-02-01,127,14,19,1,10.0,4.7,8
C0270,2025-03-01,119,14,19,2,14.9,4.7,8
C0270,2025-04-01,120,14,19,3,6.9,4.6,8
C0270,2025-05-01,133,14,19,1,5.1,3.9,8
C0270,2025-06-01,134,14,19,4,5.7,4.0,8
C0270,2025-07-01,122,14,19,1,13.0,4.4,9
C0270,2025-08-01,117,14,19,2,15.3,4.8,9
C0271,2024-09-01,66,5,7,1,10.3,4.7,7
C0271,2024-10-01,69,5,7,0,0.0,,7
C0271,2024-11-01,62,5,7,0,0.0,,8
C0271,2024-12-01,63,5,7,0,0.0,,8
C0271,2025-01-01,70,5,7,1,11.4,,8
C0271,2025-02-01,80,6,7,1,26.4,4.4,8
C0271,2025-03-01,81,6,7,0,0.0,,8
C0271,2025-04-01,81,6,7,1,13.7,,8
C0271,2025-05-01,76,6,7,4,15.8,3.9,9
C0271,2025-06-01,68,5,7,2,8.4,4.8,8
C0271,2025-07-01,83,6,7,0,0.0,,9
C0271,2025-08-01,80,6,7,1,11.8,,8
C0272,2024-09-01,477,57,75,10,12.6,4.5,7
C0272,2024-10-01,419,53,75,12,17.1,4.8,7
C0272,2024-11-01,443,53,75,7,12.9,,7
C0272,2024-12-01,481,60,75,5,7.9,4.1,8
C0272,2025-01-01,407,51,75,10,14.9,4.3,8
C0272,2025-02-01,423,57,75,9,19.8,4.6,7
C0272,2025-03-01,471,57,75,11,17.7,,7
C0272,2025-04-01,508,58,75,8,11.1,4.4,8
C0272,2025-05-01,451,55,75,11,6.8,3.8,8
C0272,2025-06-01,466,57,75,10,6.0,4.3,8
C0272,2025-07-01,557,62,75,7,12.1,,9
C0272,2025-08-01,568,64,75,12,5.8,4.0,9
C0273,2024-09-01,220,15,19,1,14.2,,8
C0273,2024-10-01,206,14,19,3,4.4,4.2,7
C0273,2024-11-01,220,15,19,3,13.5,4.4,7
C0273,2024-12-01,206,14,19,7,11.1,4.3,7
C0273,2025-01-01,220,15,19,4,15.4,4.4,7
C0273,2025-02-01,206,14,19,2,11.6,4.1,7
C0273,2025-03-01,100,11,19,5,13.1,3.9,6
C0273,2025-04-01,32,4,19,10,15.3,3.4,5
C0273,2025-05-01,0,1,19,0,0.0,,0
C0273,2025-06-01,0,0,19,0,0.0,,0
C0273,2025-07-01,0,0,19,0,0.0,,0
C0273,2025-08-01,0,0,19,0,0.0,,0
C0274,2024-09-01,941,71,94,18,13.2,4.4,7
C0274,2024-10-01,911,66,94,16,7.7,4.4,7
C0274,2024-11-01,938,69,94,21,5.2,4.8,7
C0274,2024-12-01,998,68,94,26,7.9,4.2,8
C0274,2025-01-01,987,70,94,13,4.6,4.1,8
C0274,2025-02-01,955,69,94,17,8.1,4.2,8
C0274,2025-03-01,1006,71,94,15,11.5,4.8,8
C0274,2025-04-01,1060,75,94,20,4.5,4.6,8
C0274,2025-05-01,948,70,94,20,7.3,4.9,8
C0274,2025-06-01,952,72,94,23,13.3,4.7,9
C0274,2025-07-01,1117,78,94,15,16.2,4.6,9
C0274,2025-08-01,942,73,94,29,8.3,4.7,8
C0275,2024-09-01,635,45,57,10,14.1,4.3,7
C0275,2024-10-01,649,46,57,3,8.1,4.3,7
C0275,2024-11-01,578,41,57,5,8.6,4.3,7
C0275,2024-12-01,621,44,57,7,14.9,4.0,8
C0275,2025-01-01,621,44,57,8,12.5,4.5,7
C0275,2025-02-01,607,43,57,4,11.1,4.5,7
C0275,2025-03-01,621,44,57,5,4.7,4.3,7
C0275,2025-04-01,621,44,57,9,17.2,4.3,7
C0275,2025-05-01,592,42,57,6,9.2,4.4,8
C0275,2025-06-01,324,37,57,4,18.3,3.9,6
C0275,2025-07-01,140,18,57,10,11.0,3.2,5
C0275,2025-08-01,62,8,57,9,14.4,2.5,4
C0276,2024-09-01,812,93,118,10,24.6,4.4,8
C0276,2024-10-01,771,92,118,26,10.4,,7
C0276,2024-11-01,690,86,118,19,4.5,4.1,7
C0276,2024-12-01,590,77,118,13,8.0,3.7,6
C0276,2025-01-01,533,73,118,24,12.6,4.0,6
C0276,2025-02-01,438,63,118,27,19.3,,5
C0276,2025-03-01,409,62,118,27,4.9,3.8,5
C0276,2025-04-01,343,55,118,24,12.7,3.5,4
C0276,2025-05-01,288,49,118,24,6.9,3.4,4
C0276,2025-06-01,243,44,118,21,8.3,3.3,3
C0276,2025-07-01,196,38,118,28,20.6,3.2,3
C0276,2025-08-01,144,30,118,28,11.9,3.0,2
C0277,2024-09-01,204,24,32,9,7.2,4.1,7
C0277,2024-10-01,166,23,32,8,8.5,4.2,7
C0277,2024-11-01,167,24,32,5,19.7,4.6,7
C0277,2024-12-01,173,24,32,8,8.0,3.9,7
C0277,2025-01-01,178,22,32,6,10.1,4.9,7
C0277,2025-02-01,162,21,32,3,17.0,4.3,8
C0277,2025-03-01,180,24,32,4,10.1,3.9,8
C0277,2025-04-01,195,24,32,6,10.5,,8
C0277,2025-05-01,184,23,32,7,10.7,4.3,8
C0277,2025-06-01,169,25,32,1,7.5,4.4,8
C0277,2025-07-01,195,24,32,5,25.6,4.3,9
C0277,2025-08-01,202,24,32,9,16.0,4.4,8
C0278,2024-09-01,83,8,12,2,10.2,,8
C0278,2024-10-01,82,9,12,4,16.6,4.5,7
C0278,2024-11-01,91,8,12,1,16.6,4.1,7
C0278,2024-12-01,101,9,12,6,9.0,4.0,7
C0278,2025-01-01,85,9,12,2,6.6,4.0,8
C0278,2025-02-01,95,9,12,3,11.7,4.2,8
C0278,2025-03-01,83,9,12,5,8.9,4.3,8
C0278,2025-04-01,92,9,12,1,11.0,4.4,8
C0278,2025-05-01,80,9,12,4,9.4,4.5,9
C0278,2025-06-01,90,9,12,2,7.1,,8
C0278,2025-07-01,89,9,12,2,9.7,,9
C0278,2025-08-01,98,9,12,0,0.0,,9
C0279,2024-09-01,134,13,17,2,16.8,4.9,7
C0279,2024-10-01,137,13,17,1,9.2,4.4,7
C0279,2024-11-01,146,13,17,3,30.0,,7
C0279,2024-12-01,154,13,17,2,9.5,4.7,7
C0279,2025-01-01,146,13,17,3,7.6,5.1,8
C0279,2025-02-01,158,13,17,1,11.8,4.8,8
C0279,2025-03-01,176,14,17,3,12.5,4.3,8
C0279,2025-04-01,140,13,17,2,3.5,,8
C0279,2025-05-01,179,14,17,0,0.0,,9
C0279,2025-06-01,143,14,17,5,14.3,4.7,9
C0279,2025-07-01,164,13,17,2,19.1,4.5,9
C0279,2025-08-01,158,14,17,2,19.1,4.4,9
C0280,2024-09-01,145,13,18,4,9.3,,7
C0280,2024-10-01,131,12,18,1,8.9,4.7,7
C0280,2024-11-01,129,12,18,1,5.6,4.4,8
C0280,2024-12-01,127,12,18,4,2.8,4.6,8
C0280,2025-01-01,138,13,18,3,4.2,3.9,8
C0280,2025-02-01,144,13,18,2,4.9,4.4,8
C0280,2025-03-01,138,14,18,0,0.0,,8
C0280,2025-04-01,154,13,18,2,10.4,4.4,8
C0280,2025-05-01,135,13,18,1,8.2,4.2,8
C0280,2025-06-01,158,14,18,1,13.7,4.3,8
C0280,2025-07-01,142,13,18,1,12.6,4.3,9
C0280,2025-08-01,142,14,18,1,12.3,4.3,9
C0281,2024-09-01,42,4,5,2,3.7,4.3,8
C0281,2024-10-01,42,4,5,1,4.9,4.2,8
C0281,2024-11-01,42,4,5,2,12.6,4.3,8
C0281,2024-12-01,42,4,5,1,13.3,4.4,8
C0281,2025-01-01,42,4,5,0,0.0,,8
C0281,2025-02-01,42,4,5,0,0.0,,8
C0281,2025-03-01,42,4,5,0,0.0,,8
C0281,2025-04-01,33,4,5,3,8.2,4.4,8
C0281,2025-05-01,33,4,5,5,15.2,3.6,8
C0281,2025-06-01,25,3,5,1,21.4,3.4,8
C0281,2025-07-01,25,3,5,5,13.9,2.9,8
C0281,2025-08-01,17,2,5,2,26.0,2.4,8
C0282,2024-09-01,79,8,11,0,0.0,,7
C0282,2024-10-01,77,8,11,2,5.2,4.2,7
C0282,2024-11-01,74,7,11,2,9.2,3.9,7
C0282,2024-12-01,75,8,11,1,7.1,4.6,8
C0282,2025-01-01,92,9,11,0,0.0,,8
C0282,2025-02-01,70,8,11,2,6.4,4.4,8
C0282,2025-03-01,80,9,11,1,24.2,4.3,8
C0282,2025-04-01,84,8,11,3,9.6,4.1,8
C0282,2025-05-01,74,8,11,0,0.0,,9
C0282,2025-06-01,71,8,11,4,23.6,4.3,9
C0282,2025-07-01,76,8,11,4,4.9,4.6,8
C0282,2025-08-01,82,8,11,4,15.1,4.5,9
C0283,2024-09-01,659,50,61,9,9.9,4.4,8
C0283,2024-10-01,556,44,61,10,12.5,4.3,7
C0283,2024-11-01,508,42,61,9,13.6,3.9,7
C0283,2024-12-01,451,39,61,5,12.1,4.2,6
C0283,2025-01-01,419,38,61,12,12.7,4.2,6
C0283,2025-02-01,357,34,61,6,5.3,3.6,5
C0283,2025-03-01,298,30,61,7,4.7,3.6,5
C0283,2025-04-01,0,1,61,0,0.0,,0
C0283,2025-05-01,0,0,61,0,0.0,,0
C0283,2025-06-01,0,0,61,0,0.0,,0
C0283,2025-07-01,0,0,61,0,0.0,,0
C0283,2025-08-01,0,0,61,0,0.0,,0
C0284,2024-09-01,528,42,58,2,6.2,4.5,7
C0284,2024-10-01,521,44,58,8,15.3,4.3,7
C0284,2024-11-01,544,42,58,7,9.4,4.6,7
C0284,2024-12-01,497,44,58,10,21.8,,7
C0284,2025-01-01,497,41,58,4,4.1,4.0,8
C0284,2025-02-01,584,45,58,11,12.9,,8
C0284,2025-03-01,519,43,58,4,12.2,3.8,8
C0284,2025-04-01,558,47,58,6,7.8,4.2,8
C0284,2025-05-01,637,46,58,9,7.9,4.6,9
C0284,2025-06-01,621,47,58,3,7.6,4.8,9
C0284,2025-07-01,577,47,58,10,15.2,4.4,9
C0284,2025-08-01,573,50,58,2,11.8,4.3,9
C0285,2024-09-01,51,7,9,3,5.5,4.0,8
C0285,2024-10-01,49,7,9,3,24.4,,7
C0285,2024-11-01,40,6,9,0,0.0,,7
C0285,2024-12-01,38,6,9,2,8.3,3.9,6
C0285,2025-01-01,30,5,9,2,8.1,3.9,6
C0285,2025-02-01,29,5,9,1,5.1,3.8,5
C0285,2025-03-01,27,5,9,1,24.4,3.9,5
C0285,2025-04-01,0,1,9,0,0.0,,0
C0285,2025-05-01,0,0,9,0,0.0,,0
C0285,2025-06-01,0,0,9,0,0.0,,0
C0285,2025-07-01,0,0,9,0,0.0,,0
C0285,2025-08-01,0,0,9,0,0.0,,0
C0286,2024-09-01,129,9,13,2,20.5,4.9,7
C0286,2024-10-01,131,10,13,2,4.4,4.7,7
C0286,2024-11-01,113,9,13,7,17.2,4.4,7
C0286,2024-12-01,147,10,13,1,9.3,,7
C0286,2025-01-01,117,9,13,1,19.0,4.4,8
C0286,2025-02-01,126,10,13,2,13.4,4.2,8
C0286,2025-03-01,137,10,13,3,6.3,3.6,8
C0286,2025-04-01,122,9,13,2,10.4,4.0,8
C0286,2025-05-01,131,10,13,4,7.7,,8
C0286,2025-06-01,122,9,13,2,9.0,4.0,8
C0286,2025-07-01,115,9,13,3,10.6,4.3,8
C0286,2025-08-01,118,9,13,3,21.9,3.9,9
C0287,2024-09-01,576,42,51,7,31.0,4.2,8
C0287,2024-10-01,513,39,51,10,8.9,4.1,7
C0287,2024-11-01,479,38,51,9,13.6,4.0,7
C0287,2024-12-01,433,36,51,16,18.5,4.1,6
C0287,2025-01-01,333,29,51,12,12.7,,6
C0287,2025-02-01,327,30,51,6,8.5,3.7,5
C0287,2025-03-01,269,26,51,8,10.6,,5
C0287,2025-04-01,235,24,51,14,11.1,,4
C0287,2025-05-01,203,22,51,11,10.4,3.5,4
C0287,2025-06-01,0,1,51,0,0.0,,0
C0287,2025-07-01,0,0,51,0,0.0,,0
C0287,2025-08-01,0,0,51,0,0.0,,0
C0288,2024-09-01,144,10,13,1,12.6,4.1,8
C0288,2024-10-01,138,10,13,1,8.4,4.1,7
C0288,2024-11-01,119,9,13,0,0.0,,7
C0288,2024-12-01,114,9,13,2,12.5,4.0,6
C0288,2025-01-01,96,8,13,1,11.3,3.8,6
C0288,2025-02-01,92,8,13,5,5.5,3.7,5
C0288,2025-03-01,76,7,13,0,0.0,,5
C0288,2025-04-01,0,1,13,0,0.0,,0
C0288,2025-05-01,0,0,13,0,0.0,,0
C0288,2025-06-01,0,0,13,0,0.0,,0
C0288,2025-07-01,0,0,13,0,0.0,,0
C0288,2025-08-01,0,0,13,0,0.0,,0
C0289,2024-09-01,392,55,77,14,7.6,,7
C0289,2024-10-01,360,51,77,22,6.0,3.9,7
C0289,2024-11-01,372,54,77,13,3.8,4.0,8
C0289,2024-12-01,385,57,77,15,8.8,4.9,8
C0289,2025-01-01,391,54,77,11,8.0,,8
C0289,2025-02-01,470,61,77,18,7.4,4.4,8
C0289,2025-03-01,452,60,77,10,8.0,4.4,8
C0289,2025-04-01,449,61,77,12,4.8,4.1,8
C0289,2025-05-01,448,58,77,17,27.5,4.4,9
C0289,2025-06-01,446,62,77,19,7.2,4.4,8
C0289,2025-07-01,406,60,77,15,15.6,3.7,9
C0289,2025-08-01,436,62,77,18,6.0,,9
C0290,2024-09-01,1805,123,147,15,7.0,4.8,8
C0290,2024-10-01,1776,121,147,18,4.4,4.4,8
C0290,2024-11-01,1717,117,147,19,7.2,,8
C0290,2024-12-01,1673,114,147,14,11.4,4.3,8
C0290,2025-01-01,1791,122,147,21,15.2,4.1,8
C0290,2025-02-01,546,62,147,35,15.7,3.5,5
C0290,2025-03-01,323,44,147,45,26.8,2.9,4
C0290,2025-04-01,493,56,147,27,27.7,3.3,4
C0290,2025-05-01,1189,81,147,15,14.3,4.1,7
C0290,2025-06-01,1468,100,147,14,5.3,4.7,8
C0290,2025-07-01,1688,115,147,3,13.7,4.6,8
C0290,2025-08-01,1776,121,147,12,5.9,4.1,8
C0291,2024-09-01,549,45,56,7,12.1,4.1,8
C0291,2024-10-01,503,43,56,9,13.3,4.3,7
C0291,2024-11-01,448,40,56,9,9.2,4.1,7
C0291,2024-12-01,418,39,56,9,7.5,3.9,6
C0291,2025-01-01,357,35,56,11,8.3,3.8,6
C0291,2025-02-01,301,31,56,13,6.2,3.8,5
C0291,2025-03-01,267,29,56,10,10.1,3.5,5
C0291,2025-04-01,235,27,56,13,20.0,3.7,4
C0291,2025-05-01,197,24,56,16,17.6,3.5,4
C0291,2025-06-01,154,20,56,14,8.9,3.4,3
C0291,2025-07-01,137,19,56,8,10.9,3.2,3
C0291,2025-08-01,94,14,56,7,5.6,3.2,2
C0292,2024-09-01,63,9,12,5,8.5,,8
C0292,2024-10-01,67,9,12,5,30.0,4.0,7
C0292,2024-11-01,75,9,12,4,18.3,4.4,8
C0292,2024-12-01,68,9,12,2,10.7,4.0,8
C0292,2025-01-01,69,9,12,1,5.4,,8
C0292,2025-02-01,69,9,12,3,9.6,4.2,8
C0292,2025-03-01,77,9,12,0,0.0,,8
C0292,2025-04-01,66,9,12,2,10.6,4.0,8
C0292,2025-05-01,82,10,12,4,10.6,,9
C0292,2025-06-01,73,10,12,2,7.0,4.6,9
C0292,2025-07-01,72,10,12,1,6.6,4.8,9
C0292,2025-08-01,67,9,12,3,4.9,4.8,8
C0293,2024-09-01,147,18,23,3,7.5,,8
C0293,2024-10-01,147,18,23,0,0.0,,8
C0293,2024-11-01,156,19,23,3,7.0,4.2,8
C0293,2024-12-01,156,19,23,0,0.0,,8
C0293,2025-01-01,147,18,23,7,16.6,4.2,8
C0293,2025-02-01,147,18,23,4,15.1,4.4,8
C0293,2025-03-01,156,19,23,7,12.6,4.4,8
C0293,2025-04-01,164,20,23,4,6.1,4.5,8
C0293,2025-05-01,156,19,23,1,5.2,4.2,8
C0293,2025-06-01,23,7,23,9,28.0,2.9,4
C0293,2025-07-01,0,1,23,0,0.0,,0
C0293,2025-08-01,0,0,23,0,0.0,,0
C0294,2024-09-01,488,43,58,6,7.9,4.8,7
C0294,2024-10-01,571,44,58,2,8.5,4.3,7
C0294,2024-11-01,580,44,58,4,15.2,,7
C0294,2024-12-01,545,43,58,4,10.8,4.2,8
C0294,2025-01-01,560,43,58,6,10.7,4.5,8
C0294,2025-02-01,576,43,58,6,14.0,4.0,8
C0294,2025-03-01,529,42,58,4,9.7,4.9,8
C0294,2025-04-01,646,47,58,3,13.8,4.4,8
C0294,2025-05-01,608,45,58,4,10.8,4.5,8
C0294,2025-06-01,555,43,58,4,4.8,4.4,8
C0294,2025-07-01,608,49,58,5,25.8,4.5,8
C0294,2025-08-01,610,47,58,5,6.0,4.5,9
C0295,2024-09-01,298,28,38,0,0.0,,7
C0295,2024-10-01,321,29,38,4,14.9,3.9,8
C0295,2024-11-01,268,27,38,3,11.1,4.2,8
C0295,2024-12-01,287,28,38,4,7.9,4.7,8
C0295,2025-01-01,294,28,38,3,8.6,4.8,8
C0295,2025-02-01,270,27,38,7,12.1,4.1,8
C0295,2025-03-01,254,27,38,0,0.0,,8
C0295,2025-04-01,252,26,38,4,8.8,4.7,9
C0295,2025-05-01,275,27,38,1,21.4,4.9,8
C0295,2025-06-01,274,27,38,7,15.6,3.5,8
C0295,2025-07-01,257,29,38,2,15.8,5.0,9
C0295,2025-08-01,280,29,38,1,4.6,4.7,9
C0296,2024-09-01,118,9,12,1,8.0,4.7,7
C0296,2024-10-01,115,9,12,3,9.4,4.6,7
C0296,2024-11-01,117,9,12,4,26.8,4.5,7
C0296,2024-12-01,121,9,12,1,6.8,4.0,7
C0296,2025-01-01,128,9,12,2,17.5,4.7,7
C0296,2025-02-01,124,9,12,0,0.0,,8
C0296,2025-03-01,118,9,12,2,12.2,4.2,8
C0296,2025-04-01,130,10,12,0,0.0,,8
C0296,2025-05-01,126,9,12,3,4.8,,9
C0296,2025-06-01,131,9,12,1,10.2,4.7,8
C0296,2025-07-01,122,9,12,1,11.9,4.4,8
C0296,2025-08-01,127,10,12,0,0.0,,9
C0297,2024-09-01,140,10,15,0,0.0,,7
C0297,2024-10-01,135,11,15,4,11.8,4.6,7
C0297,2024-11-01,168,11,15,1,13.8,4.0,7
C0297,2024-12-01,157,11,15,3,8.6,4.1,8
C0297,2025-01-01,152,11,15,3,10.7,4.1,8
C0297,2025-02-01,176,12,15,2,13.3,,8
C0297,2025-03-01,177,12,15,1,10.8,4.4,8
C0297,2025-04-01,174,12,15,3,3.7,4.7,8
C0297,2025-05-01,182,12,15,1,10.1,4.1,8
C0297,2025-06-01,173,12,15,0,0.0,,9
C0297,2025-07-01,191,13,15,0,0.0,,8
C0297,2025-08-01,165,12,15,3,7.0,,9
C0298,2024-09-01,192,20,25,0,0.0,,7
C0298,2024-10-01,167,18,25,4,9.5,4.5,7
C0298,2024-11-01,158,19,25,0,0.0,,7
C0298,2024-12-01,161,17,25,7,17.1,4.0,7
C0298,2025-01-01,148,18,25,5,3.0,4.7,8
C0298,2025-02-01,171,18,25,7,6.9,4.4,8
C0298,2025-03-01,180,20,25,5,4.8,4.3,8
C0298,2025-04-01,144,18,25,2,8.7,4.3,8
C0298,2025-05-01,147,18,25,3,13.0,,8
C0298,2025-06-01,172,20,25,2,3.5,,8
C0298,2025-07-01,186,20,25,3,7.0,4.6,9
C0298,2025-08-01,166,19,25,4,10.3,,9
C0299,2024-09-01,334,41,53,6,12.2,5.1,7
C0299,2024-10-01,254,34,53,6,13.7,4.0,7
C0299,2024-11-01,330,39,53,10,7.4,4.1,7
C0299,2024-12-01,263,37,53,10,34.0,4.5,8
C0299,2025-01-01,241,38,53,8,17.3,4.1,8
C0299,2025-02-01,318,38,53,8,16.2,4.7,8
C0299,2025-03-01,305,37,53,7,6.5,4.1,8
C0299,2025-04-01,320,39,53,6,10.1,4.7,8
C0299,2025-05-01,339,39,53,4,9.5,4.6,9
C0299,2025-06-01,305,38,53,7,5.9,4.4,9
C0299,2025-07-01,298,38,53,7,10.0,3.9,9
C0299,2025-08-01,320,38,53,6,9.9,4.2,9
C0300,2024-09-01,619,71,88,5,3.7,4.4,8
C0300,2024-10-01,552,66,88,9,11.0,4.1,7
C0300,2024-11-01,536,67,88,11,5.3,4.0,7
C0300,2024-12-01,436,57,88,13,8.9,3.8,6
C0300,2025-01-01,379,52,88,11,12.8,3.8,6
C0300,2025-02-01,326,47,88,11,7.0,3.8,5
C0300,2025-03-01,309,47,88,10,12.9,3.6,5
C0300,2025-04-01,236,38,88,16,8.7,3.4,4
C0300,2025-05-01,0,1,88,0,0.0,,0
C0300,2025-06-01,0,0,88,0,0.0,,0
C0300,2025-07-01,0,0,88,0,0.0,,0
C0300,2025-08-01,0,0,88,0,0.0,,0
C0301,2024-09-01,90,11,15,1,6.2,,7
C0301,2024-10-01,92,11,15,2,19.3,4.6,7
C0301,2024-11-01,90,11,15,2,16.7,,7
C0301,2024-12-01,89,11,15,3,7.3,4.3,8
C0301,2025-01-01,91,11,15,0,0.0,,8
C0301,2025-02-01,93,11,15,1,3.5,4.5,8
C0301,2025-03-01,107,12,15,1,10.9,4.3,8
C0301,2025-04-01,83,11,15,0,0.0,,8
C0301,2025-05-01,79,11,15,5,6.4,4.1,8
C0301,2025-06-01,88,12,15,2,8.0,4.1,9
C0301,2025-07-01,93,13,15,1,8.6,4.3,8
C0301,2025-08-01,90,12,15,0,0.0,,9
C0302,2024-09-01,87,10,15,6,19.0,4.2,7
C0302,2024-10-01,98,11,15,4,7.6,4.7,8
C0302,2024-11-01,92,11,15,2,9.7,4.4,7
C0302,2024-12-01,102,11,15,5,9.4,4.4,7
C0302,2025-01-01,90,11,15,1,5.6,4.5,8
C0302,2025-02-01,94,11,15,2,6.6,4.6,8
C0302,2025-03-01,93,10,15,1,10.0,4.3,8
C0302,2025-04-01,100,11,15,0,0.0,,8
C0302,2025-05-01,0,1,15,0,0.0,,0
C0302,2025-06-01,0,0,15,0,0.0,,0
C0302,2025-07-01,0,0,15,0,0.0,,0
C0302,2025-08-01,0,0,15,0,0.0,,0
C0303,2024-09-01,109,10,14,3,7.6,,7
C0303,2024-10-01,109,10,14,1,16.1,4.1,7
C0303,2024-11-01,109,10,14,1,5.3,,7
C0303,2024-12-01,109,10,14,4,12.8,,7
C0303,2025-01-01,109,10,14,4,15.9,4.3,7
C0303,2025-02-01,120,11,14,5,7.1,4.1,7
C0303,2025-03-01,109,10,14,4,22.1,4.3,7
C0303,2025-04-01,54,8,14,1,14.6,4.0,6
C0303,2025-05-01,24,4,14,3,9.6,3.5,5
C0303,2025-06-01,12,2,14,7,12.4,3.4,4
C0303,2025-07-01,6,1,14,10,14.8,3.2,3
C0303,2025-08-01,0,0,14,5,21.1,2.7,2
C0304,2024-09-01,45,6,8,0,0.0,,8
C0304,2024-10-01,43,6,8,1,10.4,,7
C0304,2024-11-01,34,5,8,1,10.3,,7
C0304,2024-12-01,33,5,8,2,9.3,3.9,6
C0304,2025-01-01,31,5,8,2,11.3,,6
C0304,2025-02-01,30,5,8,1,15.1,4.0,5
C0304,2025-03-01,23,4,8,4,10.4,3.6,5
C0304,2025-04-01,0,1,8,0,0.0,,0
C0304,2025-05-01,0,0,8,0,0.0,,0
C0304,2025-06-01,0,0,8,0,0.0,,0
C0304,2025-07-01,0,0,8,0,0.0,,0
C0304,2025-08-01,0,0,8,0,0.0,,0
C0305,2024-09-01,91,8,12,0,0.0,,7
C0305,2024-10-01,85,8,12,2,5.7,4.2,8
C0305,2024-11-01,103,9,12,2,6.0,4.4,8
C0305,2024-12-01,102,9,12,0,0.0,,8
C0305,2025-01-01,108,9,12,0,0.0,,8
C0305,2025-02-01,104,9,12,3,7.2,4.2,8
C0305,2025-03-01,94,9,12,0,0.0,,8
C0305,2025-04-01,107,9,12,0,0.0,,8
C0305,2025-05-01,120,9,12,1,14.1,,8
C0305,2025-06-01,99,8,12,2,7.4,4.4,8
C0305,2025-07-01,109,9,12,1,20.7,,8
C0305,2025-08-01,104,9,12,1,4.6,4.0,8
C0306,2024-09-01,300,40,56,9,16.7,4.3,7
C0306,2024-10-01,248,40,56,9,14.4,4.6,7
C0306,2024-11-01,298,38,56,11,8.6,4.1,8
C0306,2024-12-01,293,41,56,14,6.5,,7
C0306,2025-01-01,294,41,56,9,14.4,4.6,8
C0306,2025-02-01,328,44,56,7,5.9,,8
C0306,2025-03-01,343,44,56,9,5.5,4.9,8
C0306,2025-04-01,404,47,56,4,9.4,4.3,8
C0306,2025-05-01,300,44,56,13,7.9,4.4,8
C0306,2025-06-01,321,45,56,5,12.9,4.4,9
C0306,2025-07-01,335,44,56,8,9.8,4.0,9
C0306,2025-08-01,345,48,56,6,6.0,4.4,9
C0307,2024-09-01,1137,94,123,14,12.0,4.6,7
C0307,2024-10-01,1073,85,123,31,7.2,4.3,7
C0307,2024-11-01,1275,92,123,35,20.3,4.6,8
C0307,2024-12-01,1139,89,123,24,8.6,4.5,8
C0307,2025-01-01,1178,91,123,19,7.2,4.6,8
C0307,2025-02-01,1167,87,123,17,11.8,5.0,8
C0307,2025-03-01,1151,91,123,8,5.2,4.7,8
C0307,2025-04-01,1079,93,123,27,20.3,4.5,8
C0307,2025-05-01,1120,89,123,21,9.3,4.3,9
C0307,2025-06-01,1282,98,123,30,7.8,4.4,8
C0307,2025-07-01,1192,88,123,22,12.7,4.3,9
C0307,2025-08-01,1249,96,123,19,13.4,4.3,8
C0308,2024-09-01,58,5,7,1,12.3,4.4,8
C0308,2024-10-01,58,5,7,0,0.0,,8
C0308,2024-11-01,58,5,7,1,11.2,4.3,8
C0308,2024-12-01,69,6,7,2,7.2,,8
C0308,2025-01-01,58,5,7,3,11.3,4.3,8
C0308,2025-02-01,69,6,7,1,9.7,4.5,8
C0308,2025-03-01,46,5,7,0,0.0,,8
C0308,2025-04-01,0,1,7,0,0.0,,0
C0308,2025-05-01,0,0,7,0,0.0,,0
C0308,2025-06-01,0,0,7,0,0.0,,0
C0308,2025-07-01,0,0,7,0,0.0,,0
C0308,2025-08-01,0,0,7,0,0.0,,0
C0309,2024-09-01,318,34,53,6,5.2,4.3,7
C0309,2024-10-01,392,39,53,6,15.2,4.9,8
C0309,2024-11-01,326,36,53,3,16.0,4.4,8
C0309,2024-12-01,410,40,53,10,15.1,,7
C0309,2025-01-01,349,40,53,4,11.6,4.1,8
C0309,2025-02-01,410,42,53,6,11.3,4.3,8
C0309,2025-03-01,402,40,53,6,10.3,4.4,8
C0309,2025-04-01,411,41,53,4,7.1,4.5,8
C0309,2025-05-01,417,43,53,3,9.1,,8
C0309,2025-06-01,379,40,53,10,11.0,,9
C0309,2025-07-01,399,43,53,7,7.9,4.1,9
C0309,2025-08-01,391,44,53,4,24.0,4.8,9
C0310,2024-09-01,1278,103,138,9,3.0,4.4,7
C0310,2024-10-01,1389,112,138,17,7.2,4.1,7
C0310,2024-11-01,1315,106,138,21,15.4,4.2,7
C0310,2024-12-01,1278,103,138,20,24.4,4.3,7
C0310,2025-01-01,1265,102,138,22,7.9,4.4,7
C0310,2025-02-01,1340,108,138,15,9.7,,8
C0310,2025-03-01,554,72,138,33,18.3,3.8,6
C0310,2025-04-01,0,2,138,0,0.0,,0
C0310,2025-05-01,0,0,138,0,0.0,,0
C0310,2025-06-01,0,0,138,0,0.0,,0
C0310,2025-07-01,0,0,138,0,0.0,,0
C0310,2025-08-01,0,0,138,0,0.0,,0
C0311,2024-09-01,256,25,36,6,15.2,,7
C0311,2024-10-01,271,26,36,6,9.1,4.5,7
C0311,2024-11-01,256,27,36,5,12.8,4.7,7
C0311,2024-12-01,253,26,36,6,4.6,4.6,8
C0311,2025-01-01,266,28,36,6,7.6,,8
C0311,2025-02-01,276,28,36,6,15.5,4.2,8
C0311,2025-03-01,289,29,36,4,13.5,,8
C0311,2025-04-01,283,29,36,5,12.9,4.9,8
C0311,2025-05-01,305,28,36,4,2.8,4.3,9
C0311,2025-06-01,335,29,36,4,5.6,4.4,9
C0311,2025-07-01,317,29,36,6,4.4,4.4,8
C0311,2025-08-01,312,31,36,3,6.3,4.3,9
C0312,2024-09-01,107,8,11,2,17.1,4.7,8
C0312,2024-10-01,105,7,11,1,5.7,4.2,8
C0312,2024-11-01,124,8,11,0,0.0,,7
C0312,2024-12-01,114,8,11,2,7.9,4.5,7
C0312,2025-01-01,126,8,11,2,17.1,4.5,8
C0312,2025-02-01,115,8,11,1,14.3,4.4,8
C0312,2025-03-01,119,8,11,4,14.9,4.4,8
C0312,2025-04-01,117,8,11,4,6.2,4.2,9
C0312,2025-05-01,127,8,11,1,18.7,,8
C0312,2025-06-01,137,9,11,2,17.3,4.6,9
C0312,2025-07-01,118,8,11,0,0.0,,9
C0312,2025-08-01,119,8,11,0,0.0,,9
C0313,2024-09-01,114,8,12,1,14.7,4.2,7
C0313,2024-10-01,127,9,12,3,6.0,,8
C0313,2024-11-01,107,8,12,1,5.3,4.1,8
C0313,2024-12-01,151,10,12,3,16.8,4.9,8
C0313,2025-01-01,122,9,12,2,14.8,4.5,8
C0313,2025-02-01,145,10,12,2,3.2,,8
C0313,2025-03-01,126,9,12,0,0.0,,8
C0313,2025-04-01,136,9,12,2,14.5,4.7,8
C0313,2025-05-01,141,10,12,1,11.3,4.2,8
C0313,2025-06-01,122,9,12,3,10.5,4.5,9
C0313,2025-07-01,153,10,12,1,5.5,4.4,9
C0313,2025-08-01,137,10,12,1,16.6,4.3,9
C0314,2024-09-01,242,28,40,2,7.3,4.1,7
C0314,2024-10-01,240,30,40,3,6.4,,7
C0314,2024-11-01,240,32,40,1,10.2,4.5,7
C0314,2024-12-01,226,30,40,8,8.9,4.6,8
C0314,2025-01-01,252,30,40,1,12.1,4.6,8
C0314,2025-02-01,272,30,40,6,14.1,4.8,8
C0314,2025-03-01,255,30,40,2,7.4,4.4,8
C0314,2025-04-01,253,32,40,3,22.8,4.2,8
C0314,2025-05-01,239,30,40,1,19.0,,8
C0314,2025-06-01,259,32,40,2,9.1,4.2,9
C0314,2025-07-01,234,33,40,5,9.2,4.0,9
C0314,2025-08-01,267,33,40,1,9.5,4.7,9
C0315,2024-09-01,347,25,34,10,10.4,4.5,7
C0315,2024-10-01,294,23,34,12,9.3,4.8,7
C0315,2024-11-01,306,24,34,10,11.6,4.7,8
C0315,2024-12-01,312,24,34,3,15.4,4.5,7
C0315,2025-01-01,329,24,34,8,6.5,4.5,8
C0315,2025-02-01,329,25,34,5,7.7,4.6,8
C0315,2025-03-01,319,25,34,8,11.1,4.0,8
C0315,2025-04-01,324,25,34,4,9.3,4.0,8
C0315,2025-05-01,326,23,34,10,7.1,4.5,8
C0315,2025-06-01,337,24,34,3,8.3,4.3,8
C0315,2025-07-01,351,26,34,6,7.0,3.9,9
C0315,2025-08-01,320,24,34,9,12.9,,8
C0316,2024-09-01,110,8,11,2,10.2,4.7,7
C0316,2024-10-01,108,8,11,1,7.8,,8
C0316,2024-11-01,103,8,11,2,9.6,,7
C0316,2024-12-01,114,8,11,0,0.0,,8
C0316,2025-01-01,118,8,11,0,0.0,,7
C0316,2025-02-01,128,9,11,0,0.0,,8
C0316,2025-03-01,106,8,11,2,5.4,4.6,8
C0316,2025-04-01,140,9,11,0,0.0,,8
C0316,2025-05-01,111,9,11,3,12.7,,8
C0316,2025-06-01,133,9,11,1,12.4,4.5,8
C0316,2025-07-01,114,8,11,0,0.0,,9
C0316,2025-08-01,130,9,11,0,0.0,,9
C0317,2024-09-01,81,8,12,1,22.0,,8
C0317,2024-10-01,101,9,12,1,8.0,3.9,7
C0317,2024-11-01,101,9,12,0,0.0,,7
C0317,2024-12-01,109,9,12,2,12.2,4.5,8
C0317,2025-01-01,94,9,12,1,7.1,,8
C0317,2025-02-01,109,9,12,3,13.6,5.0,8
C0317,2025-03-01,114,9,12,1,17.0,4.5,8
C0317,2025-04-01,82,8,12,0,0.0,,8
C0317,2025-05-01,115,10,12,1,14.9,4.8,9
C0317,2025-06-01,106,9,12,2,11.0,4.7,9
C0317,2025-07-01,108,9,12,1,23.4,4.6,9
C0317,2025-08-01,90,9,12,1,6.7,,9
C0318,2024-09-01,330,26,36,2,17.4,,7
C0318,2024-10-01,351,25,36,9,12.1,4.4,8
C0318,2024-11-01,401,27,36,5,23.3,,8
C0318,2024-12-01,375,25,36,3,10.9,4.3,8
C0318,2025-01-01,373,26,36,3,14.9,4.6,8
C0318,2025-02-01,338,27,36,7,28.9,4.8,8
C0318,2025-03-01,418,28,36,1,10.5,4.2,8
C0318,2025-04-01,425,27,36,3,9.1,4.5,8
C0318,2025-05-01,382,28,36,2,14.2,4.6,8
C0318,2025-06-01,406,29,36,6,18.8,4.4,9
C0318,2025-07-01,437,29,36,3,7.0,4.4,9
C0318,2025-08-01,408,27,36,5,5.7,4.9,9
C0319,2024-09-01,232,23,33,1,10.3,4.4,7
C0319,2024-10-01,245,25,33,5,15.0,3.7,8
C0319,2024-11-01,249,26,33,7,13.2,4.5,8
C0319,2024-12-01,278,25,33,2,12.2,4.5,7
C0319,2025-01-01,261,24,33,0,0.0,,8
C0319,2025-02-01,225,23,33,1,7.5,4.8,8
C0319,2025-03-01,230,24,33,0,0.0,,8
C0319,2025-04-01,268,26,33,3,9.2,4.6,8
C0319,2025-05-01,0,1,33,0,0.0,,0
C0319,2025-06-01,0,0,33,0,0.0,,0
C0319,2025-07-01,0,0,33,0,0.0,,0
C0319,2025-08-01,0,0,33,0,0.0,,0
C0320,2024-09-01,695,60,85,15,12.9,4.7,7
C0320,2024-10-01,673,64,85,7,8.4,4.2,7
C0320,2024-11-01,671,64,85,7,4.9,4.6,8
C0320,2024-12-01,717,64,85,25,10.8,4.4,8
C0320,2025-01-01,639,59,85,11,4.3,3.9,8
C0320,2025-02-01,626,59,85,18,6.3,4.7,8
C0320,2025-03-01,634,61,85,9,11.6,,8
C0320,2025-04-01,645,62,85,13,8.6,,8
C0320,2025-05-01,742,61,85,19,11.5,,8
C0320,2025-06-01,594,62,85,10,7.5,3.7,8
C0320,2025-07-01,642,65,85,17,18.0,4.5,9
C0320,2025-08-01,696,61,85,6,27.1,4.3,9
C0321,2024-09-01,73,6,8,0,0.0,,8
C0321,2024-10-01,73,6,8,1,23.9,4.3,8
C0321,2024-11-01,73,6,8,1,5.2,,8
C0321,2024-12-01,73,6,8,1,32.8,4.3,8
C0321,2025-01-01,58,6,8,3,9.7,4.2,8
C0321,2025-02-01,58,6,8,3,13.4,3.8,8
C0321,2025-03-01,58,6,8,3,9.1,3.6,8
C0321,2025-04-01,48,5,8,1,19.9,3.5,8
C0321,2025-05-01,0,1,8,0,0.0,,0
C0321,2025-06-01,0,0,8,0,0.0,,0
C0321,2025-07-01,0,0,8,0,0.0,,0
C0321,2025-08-01,0,0,8,0,0.0,,0
C0322,2024-09-01,91,7,9,1,11.6,4.2,7
C0322,2024-10-01,81,6,9,1,13.9,4.6,7
C0322,2024-11-01,84,6,9,1,4.6,4.7,8
C0322,2024-12-01,86,6,9,1,11.3,4.4,8
C0322,2025-01-01,86,6,9,0,0.0,,8
C0322,2025-02-01,83,6,9,1,13.9,4.5,8
C0322,2025-03-01,82,6,9,0,0.0,,8
C0322,2025-04-01,80,6,9,1,15.8,4.5,8
C0322,2025-05-01,80,6,9,1,13.2,4.4,8
C0322,2025-06-01,78,6,9,0,0.0,,9
C0322,2025-07-01,79,6,9,4,18.9,4.6,9
C0322,2025-08-01,97,7,9,3,8.1,4.0,9
C0323,2024-09-01,744,53,80,7,5.0,4.6,7
C0323,2024-10-01,854,61,80,8,4.8,4.6,7
C0323,2024-11-01,842,60,80,5,15.0,4.2,7
C0323,2024-12-01,918,61,80,9,15.9,,8
C0323,2025-01-01,799,62,80,7,5.1,4.4,8
C0323,2025-02-01,803,60,80,12,5.6,4.8,8
C0323,2025-03-01,807,60,80,7,6.8,4.7,8
C0323,2025-04-01,915,62,80,3,12.4,4.3,8
C0323,2025-05-01,765,57,80,3,7.7,4.1,8
C0323,2025-06-01,784,60,80,8,13.3,,9
C0323,2025-07-01,832,61,80,7,9.3,4.2,9
C0323,2025-08-01,870,63,80,9,18.9,4.2,9
C0324,2024-09-01,427,36,49,9,9.2,4.4,8
C0324,2024-10-01,463,39,49,8,12.5,4.3,8
C0324,2024-11-01,451,38,49,4,11.5,4.3,8
C0324,2024-12-01,463,39,49,6,9.7,4.5,8
C0324,2025-01-01,475,40,49,12,15.2,4.3,8
C0324,2025-02-01,451,38,49,6,22.4,4.2,8
C0324,2025-03-01,451,38,49,8,3.0,4.4,8
C0324,2025-04-01,439,37,49,6,9.5,4.5,8
C0324,2025-05-01,451,38,49,9,8.8,4.5,8
C0324,2025-06-01,0,1,49,0,0.0,,0
C0324,2025-07-01,0,0,49,0,0.0,,0
C0324,2025-08-01,0,0,49,0,0.0,,0
C0325,2024-09-01,368,28,37,3,10.8,4.8,7
C0325,2024-10-01,374,26,37,11,10.3,,7
C0325,2024-11-01,401,27,37,5,6.5,4.3,8
C0325,2024-12-01,413,27,37,1,6.2,4.3,7
C0325,2025-01-01,345,27,37,2,9.9,4.6,7
C0325,2025-02-01,402,29,37,2,12.0,4.8,8
C0325,2025-03-01,402,26,37,3,5.7,4.7,8
C0325,2025-04-01,417,28,37,2,8.6,4.2,8
C0325,2025-05-01,390,28,37,1,21.3,,8
C0325,2025-06-01,409,29,37,7,7.1,4.3,9
C0325,2025-07-01,388,27,37,0,0.0,,9
C0325,2025-08-01,386,28,37,6,10.3,4.3,9
C0326,2024-09-01,230,23,31,6,7.9,4.0,7
C0326,2024-10-01,201,22,31,3,4.7,4.1,8
C0326,2024-11-01,213,24,31,2,11.4,4.5,8
C0326,2024-12-01,217,24,31,4,11.9,4.3,7
C0326,2025-01-01,229,23,31,4,15.3,4.6,8
C0326,2025-02-01,190,23,31,4,12.8,4.2,8
C0326,2025-03-01,209,22,31,4,12.8,4.5,8
C0326,2025-04-01,225,24,31,4,15.7,4.4,8
C0326,2025-05-01,245,24,31,2,4.8,4.3,9
C0326,2025-06-01,227,24,31,3,15.5,4.5,9
C0326,2025-07-01,214,23,31,8,5.5,4.8,9
C0326,2025-08-01,236,23,31,1,6.7,4.5,9
C0327,2024-09-01,335,38,50,9,11.2,4.3,8
C0327,2024-10-01,335,38,50,5,14.7,4.3,8
C0327,2024-11-01,318,36,50,5,5.8,4.2,8
C0327,2024-12-01,335,38,50,1,4.6,4.4,8
C0327,2025-01-01,335,38,50,6,21.2,4.3,8
C0327,2025-02-01,275,39,50,10,4.8,4.2,8
C0327,2025-03-01,261,37,50,13,6.0,3.7,8
C0327,2025-04-01,240,34,50,13,17.4,3.7,8
C0327,2025-05-01,226,32,50,18,14.6,3.2,8
C0327,2025-06-01,212,30,50,11,14.4,3.2,8
C0327,2025-07-01,191,27,50,16,26.1,2.7,8
C0327,2025-08-01,176,25,50,12,21.8,,8
C0328,2024-09-01,93,8,11,2,10.7,4.0,8
C0328,2024-10-01,86,7,11,2,28.4,4.6,8
C0328,2024-11-01,86,8,11,4,20.0,4.5,7
C0328,2024-12-01,89,8,11,3,12.9,4.8,8
C0328,2025-01-01,90,8,11,2,5.7,,8
C0328,2025-02-01,86,8,11,2,11.1,4.2,8
C0328,2025-03-01,85,8,11,3,17.3,4.2,8
C0328,2025-04-01,104,9,11,3,11.8,4.5,8
C0328,2025-05-01,94,8,11,1,8.9,4.2,8
C0328,2025-06-01,91,8,11,1,19.1,,9
C0328,2025-07-01,96,8,11,2,10.1,4.2,9
C0328,2025-08-01,84,8,11,1,10.9,4.5,9
C0329,2024-09-01,79,9,11,4,16.5,4.5,8
C0329,2024-10-01,79,9,11,5,2.3,4.3,8
C0329,2024-11-01,70,8,11,1,20.0,,8
C0329,2024-12-01,79,9,11,3,10.9,4.4,8
C0329,2025-01-01,79,9,11,0,0.0,,8
C0329,2025-02-01,79,9,11,3,10.9,4.4,8
C0329,2025-03-01,63,9,11,2,10.3,4.3,8
C0329,2025-04-01,56,8,11,4,11.9,3.9,8
C0329,2025-05-01,49,7,11,7,15.4,3.6,8
C0329,2025-06-01,49,7,11,11,51.5,3.2,8
C0329,2025-07-01,42,6,11,0,0.0,,8
C0329,2025-08-01,42,6,11,5,24.1,2.4,8
C0330,2024-09-01,61,8,10,5,9.6,4.4,8
C0330,2024-10-01,58,8,10,2,9.2,4.4,7
C0330,2024-11-01,49,7,10,4,28.7,,7
C0330,2024-12-01,46,7,10,0,0.0,,6
C0330,2025-01-01,38,6,10,3,6.2,3.9,6
C0330,2025-02-01,36,6,10,2,4.9,3.7,5
C0330,2025-03-01,29,5,10,3,13.1,3.6,5
C0330,2025-04-01,0,1,10,0,0.0,,0
C0330,2025-05-01,0,0,10,0,0.0,,0
C0330,2025-06-01,0,0,10,0,0.0,,0
C0330,2025-07-01,0,0,10,0,0.0,,0
C0330,2025-08-01,0,0,10,0,0.0,,0
C0331,2024-09-01,50,7,10,1,12.3,3.9,7
C0331,2024-10-01,63,8,10,0,0.0,,8
C0331,2024-11-01,54,8,10,3,8.2,4.3,7
C0331,2024-12-01,60,8,10,3,11.9,4.1,7
C0331,2025-01-01,55,7,10,0,0.0,,8
C0331,2025-02-01,66,8,10,0,0.0,,8
C0331,2025-03-01,62,8,10,1,13.9,4.5,8
C0331,2025-04-01,53,7,10,1,14.8,4.3,8
C0331,2025-05-01,52,7,10,0,0.0,,8
C0331,2025-06-01,61,8,10,2,13.9,4.6,9
C0331,2025-07-01,65,8,10,1,12.2,,9
C0331,2025-08-01,64,8,10,0,0.0,,9
C0332,2024-09-01,637,55,76,16,15.4,4.4,7
C0332,2024-10-01,513,54,76,19,8.9,4.1,7
C0332,2024-11-01,651,55,76,15,8.1,4.4,8
C0332,2024-12-01,600,55,76,14,12.3,4.6,8
C0332,2025-01-01,646,54,76,13,10.8,4.5,8
C0332,2025-02-01,525,54,76,14,14.7,4.2,8
C0332,2025-03-01,582,55,76,16,11.1,4.3,8
C0332,2025-04-01,532,51,76,12,11.6,,8
C0332,2025-05-01,620,57,76,14,12.0,4.4,8
C0332,2025-06-01,595,56,76,12,16.7,4.0,9
C0332,2025-07-01,560,53,76,13,14.5,4.5,9
C0332,2025-08-01,606,56,76,14,8.6,4.7,9
C0333,2024-09-01,324,20,26,2,27.0,4.6,7
C0333,2024-10-01,310,20,26,3,13.9,4.8,8
C0333,2024-11-01,279,19,26,3,9.1,5.1,7
C0333,2024-12-01,324,21,26,1,19.6,4.0,8
C0333,2025-01-01,255,19,26,5,2.9,4.3,8
C0333,2025-02-01,291,19,26,4,24.1,4.6,8
C0333,2025-03-01,280,18,26,3,6.1,4.7,8
C0333,2025-04-01,271,18,26,2,13.7,4.5,8
C0333,2025-05-01,303,19,26,5,7.7,4.8,8
C0333,2025-06-01,303,20,26,2,8.9,4.4,9
C0333,2025-07-01,300,20,26,3,11.1,4.2,9
C0333,2025-08-01,314,19,26,3,13.7,4.5,9
C0334,2024-09-01,342,24,33,6,7.7,3.8,7
C0334,2024-10-01,310,22,33,3,12.2,4.4,7
C0334,2024-11-01,330,24,33,3,9.3,4.6,7
C0334,2024-12-01,318,22,33,4,12.0,,8
C0334,2025-01-01,279,24,33,4,6.3,4.6,8
C0334,2025-02-01,313,23,33,9,13.0,4.1,8
C0334,2025-03-01,336,25,33,8,5.0,,8
C0334,2025-04-01,336,24,33,3,10.0,4.3,8
C0334,2025-05-01,321,24,33,5,6.5,4.3,8
C0334,2025-06-01,345,24,33,2,5.8,,8
C0334,2025-07-01,334,23,33,7,13.9,4.3,9
C0334,2025-08-01,319,25,33,12,23.7,4.5,9
C0335,2024-09-01,34,4,6,0,0.0,,7
C0335,2024-10-01,34,4,6,0,0.0,,7
C0335,2024-11-01,32,4,6,0,0.0,,8
C0335,2024-12-01,37,5,6,0,0.0,,7
C0335,2025-01-01,40,5,6,0,0.0,,8
C0335,2025-02-01,31,4,6,2,5.6,4.7,8
C0335,2025-03-01,40,5,6,2,8.4,4.5,8
C0335,2025-04-01,31,4,6,0,0.0,,8
C0335,2025-05-01,36,5,6,0,0.0,,8
C0335,2025-06-01,35,4,6,1,16.2,4.8,8
C0335,2025-07-01,40,5,6,1,10.0,,9
C0335,2025-08-01,32,4,6,0,0.0,,9
C0336,2024-09-01,47,4,6,0,0.0,,7
C0336,2024-10-01,53,4,6,0,0.0,,7
C0336,2024-11-01,68,5,6,1,3.5,4.6,7
C0336,2024-12-01,46,4,6,0,0.0,,8
C0336,2025-01-01,48,4,6,0,0.0,,8
C0336,2025-02-01,47,4,6,2,18.2,4.5,8
C0336,2025-03-01,64,5,6,1,18.8,4.5,8
C0336,2025-04-01,53,4,6,1,7.7,,8
C0336,2025-05-01,49,4,6,1,6.0,,9
C0336,2025-06-01,49,4,6,3,13.5,,9
C0336,2025-07-01,44,4,6,0,0.0,,9
C0336,2025-08-01,59,5,6,1,12.2,4.0,9
C0337,2024-09-01,81,8,11,1,9.6,4.0,7
C0337,2024-10-01,68,8,11,1,9.6,4.3,7
C0337,2024-11-01,77,8,11,0,0.0,,7
C0337,2024-12-01,78,8,11,0,0.0,,8
C0337,2025-01-01,78,8,11,3,6.5,4.3,7
C0337,2025-02-01,75,8,11,1,7.6,,8
C0337,2025-03-01,73,8,11,0,0.0,,8
C0337,2025-04-01,79,8,11,1,11.0,4.5,8
C0337,2025-05-01,77,8,11,1,3.1,4.9,8
C0337,2025-06-01,67,8,11,0,0.0,,8
C0337,2025-07-01,84,9,11,1,15.5,4.6,8
C0337,2025-08-01,86,9,11,1,9.0,4.5,9
C0338,2024-09-01,1129,106,149,23,6.5,4.3,7
C0338,2024-10-01,1225,115,149,18,6.6,4.3,7
C0338,2024-11-01,1214,114,149,21,13.8,,7
C0338,2024-12-01,1161,109,149,27,11.6,4.3,7
C0338,2025-01-01,1193,112,149,22,11.4,4.3,7
C0338,2025-02-01,1140,107,149,26,16.2,4.3,7
C0338,2025-03-01,1161,109,149,21,4.1,4.5,7
C0338,2025-04-01,1225,115,149,17,6.4,,7
C0338,2025-05-01,1214,114,149,31,7.5,4.3,7
C0338,2025-06-01,627,95,149,24,15.3,3.9,6
C0338,2025-07-01,0,4,149,0,0.0,,0
C0338,2025-08-01,0,0,149,0,0.0,,0
C0339,2024-09-01,175,13,19,0,0.0,,7
C0339,2024-10-01,187,14,19,4,13.9,5.0,7
C0339,2024-11-01,203,15,19,0,0.0,,7
C0339,2024-12-01,190,14,19,1,13.3,4.3,8
C0339,2025-01-01,200,14,19,0,0.0,,8
C0339,2025-02-01,183,14,19,3,7.7,4.4,8
C0339,2025-03-01,175,14,19,0,0.0,,8
C0339,2025-04-01,197,14,19,0,0.0,,8
C0339,2025-05-01,199,14,19,2,6.2,4.4,8
C0339,2025-06-01,180,13,19,1,8.4,4.4,8
C0339,2025-07-01,189,15,19,2,12.1,,8
C0339,2025-08-01,202,15,19,1,12.6,,9
C0340,2024-09-01,130,10,14,2,7.3,4.6,7
C0340,2024-10-01,133,11,14,0,0.0,,7
C0340,2024-11-01,123,11,14,3,11.7,4.4,8
C0340,2024-12-01,127,10,14,2,14.1,3.8,7
C0340,2025-01-01,110,10,14,2,8.7,4.6,8
C0340,2025-02-01,111,10,14,3,8.2,4.4,8
C0340,2025-03-01,111,10,14,2,5.2,4.3,8
C0340,2025-04-01,121,10,14,6,9.7,5.0,8
C0340,2025-05-01,113,10,14,2,13.5,,8
C0340,2025-06-01,124,10,14,4,5.0,4.3,8
C0340,2025-07-01,117,10,14,0,0.0,,8
C0340,2025-08-01,120,10,14,3,11.6,,9
C0341,2024-09-01,257,32,46,5,12.2,3.9,7
C0341,2024-10-01,224,33,46,8,11.7,4.0,7
C0341,2024-11-01,258,35,46,4,4.1,4.8,7
C0341,2024-12-01,258,34,46,6,7.4,4.1,8
C0341,2025-01-01,243,32,46,1,7.5,4.4,8
C0341,2025-02-01,274,35,46,1,6.5,4.6,8
C0341,2025-03-01,295,35,46,1,8.3,4.3,8
C0341,2025-04-01,284,35,46,4,12.6,4.5,8
C0341,2025-05-01,271,37,46,4,8.5,4.2,8
C0341,2025-06-01,258,35,46,3,21.2,4.2,9
C0341,2025-07-01,264,36,46,6,3.1,4.2,9
C0341,2025-08-01,277,36,46,1,5.7,4.3,9
C0342,2024-09-01,136,13,19,1,9.2,4.4,7
C0342,2024-10-01,144,14,19,5,5.7,5.0,7
C0342,2024-11-01,152,14,19,8,13.9,4.2,8
C0342,2024-12-01,152,14,19,1,7.2,4.7,7
C0342,2025-01-01,160,15,19,2,9.7,4.2,8
C0342,2025-02-01,156,15,19,4,15.9,4.7,8
C0342,2025-03-01,149,14,19,9,17.6,4.2,8
C0342,2025-04-01,168,16,19,4,11.3,4.3,8
C0342,2025-05-01,169,16,19,2,10.1,4.5,8
C0342,2025-06-01,173,15,19,5,9.3,4.1,8
C0342,2025-07-01,148,15,19,0,0.0,,9
C0342,2025-08-01,173,16,19,3,18.4,4.8,8
C0343,2024-09-01,77,6,9,3,8.8,4.3,8
C0343,2024-10-01,83,6,9,1,9.4,4.6,8
C0343,2024-11-01,97,7,9,3,23.9,4.6,7
C0343,2024-12-01,99,7,9,2,10.9,4.2,7
C0343,2025-01-01,95,7,9,2,7.9,4.4,8
C0343,2025-02-01,87,7,9,2,11.8,4.5,8
C0343,2025-03-01,92,7,9,0,0.0,,8
C0343,2025-04-01,99,7,9,1,11.7,4.4,8
C0343,2025-05-01,84,7,9,0,0.0,,8
C0343,2025-06-01,94,7,9,0,0.0,,9
C0343,2025-07-01,96,7,9,1,7.8,4.2,9
C0343,2025-08-01,120,8,9,0,0.0,,9
C0344,2024-09-01,181,19,29,2,9.0,4.6,7
C0344,2024-10-01,206,20,29,0,0.0,,7
C0344,2024-11-01,193,20,29,4,27.0,4.6,7
C0344,2024-12-01,198,21,29,2,13.0,,8
C0344,2025-01-01,220,21,29,3,7.5,4.8,8
C0344,2025-02-01,189,21,29,2,12.1,4.2,8
C0344,2025-03-01,204,21,29,4,13.8,4.1,8
C0344,2025-04-01,207,20,29,3,7.7,4.2,8
C0344,2025-05-01,218,22,29,2,7.1,4.2,9
C0344,2025-06-01,173,19,29,3,5.1,4.7,9
C0344,2025-07-01,182,20,29,0,0.0,,9
C0344,2025-08-01,183,21,29,4,13.7,4.2,9
C0345,2024-09-01,331,35,50,8,12.6,4.1,7
C0345,2024-10-01,354,35,50,9,7.5,4.3,7
C0345,2024-11-01,335,37,50,13,8.4,4.0,8
C0345,2024-12-01,335,35,50,9,9.3,,8
C0345,2025-01-01,289,34,50,11,14.0,4.2,8
C0345,2025-02-01,316,35,50,10,10.9,4.1,8
C0345,2025-03-01,291,36,50,8,9.6,4.2,8
C0345,2025-04-01,419,39,50,8,15.7,4.4,8
C0345,2025-05-01,336,35,50,12,8.1,4.4,8
C0345,2025-06-01,344,36,50,7,5.5,4.2,8
C0345,2025-07-01,381,39,50,5,7.4,4.5,8
C0345,2025-08-01,371,34,50,5,8.7,4.6,9
C0346,2024-09-01,164,15,19,4,6.8,4.4,7
C0346,2024-10-01,173,14,19,4,8.1,4.4,8
C0346,2024-11-01,148,14,19,4,13.0,4.7,7
C0346,2024-12-01,166,14,19,1,8.1,4.6,8
C0346,2025-01-01,152,14,19,1,9.2,4.2,8
C0346,2025-02-01,153,14,19,0,0.0,,8
C0346,2025-03-01,162,14,19,2,17.6,,8
C0346,2025-04-01,189,15,19,1,3.9,,9
C0346,2025-05-01,183,15,19,2,3.6,4.2,9
C0346,2025-06-01,172,15,19,0,0.0,,9
C0346,2025-07-01,180,16,19,2,15.7,4.1,9
C0346,2025-08-01,176,15,19,3,13.3,4.8,9
C0347,2024-09-01,245,26,38,7,5.9,4.1,7
C0347,2024-10-01,251,28,38,6,7.5,4.7,7
C0347,2024-11-01,295,28,38,6,10.3,4.2,7
C0347,2024-12-01,262,27,38,15,19.0,4.5,8
C0347,2025-01-01,285,27,38,7,8.7,4.6,8
C0347,2025-02-01,259,29,38,12,12.0,4.9,8
C0347,2025-03-01,292,29,38,3,8.9,4.5,8
C0347,2025-04-01,241,27,38,8,8.8,3.9,8
C0347,2025-05-01,303,27,38,9,12.1,4.0,9
C0347,2025-06-01,272,31,38,4,5.0,4.9,8
C0347,2025-07-01,325,30,38,8,8.7,4.4,8
C0347,2025-08-01,284,29,38,7,4.9,,9
C0348,2024-09-01,1389,111,152,13,9.3,4.6,7
C0348,2024-10-01,1535,113,152,12,32.7,4.7,7
C0348,2024-11-01,1255,107,152,16,8.1,,7
C0348,2024-12-01,1248,102,152,18,5.5,4.2,8
C0348,2025-01-01,1388,107,152,12,5.6,4.5,8
C0348,2025-02-01,1574,119,152,13,20.3,4.3,8
C0348,2025-03-01,1241,105,152,16,6.5,3.8,8
C0348,2025-04-01,1328,109,152,19,8.3,4.2,8
C0348,2025-05-01,1286,98,152,8,9.3,3.7,8
C0348,2025-06-01,1357,107,152,19,12.4,,8
C0348,2025-07-01,1411,108,152,12,26.8,4.6,8
C0348,2025-08-01,1461,111,152,9,7.5,4.8,9
C0349,2024-09-01,173,13,17,1,11.1,4.2,8
C0349,2024-10-01,159,12,17,6,20.6,4.3,8
C0349,2024-11-01,173,13,17,4,5.1,4.5,8
C0349,2024-12-01,173,13,17,0,0.0,,8
C0349,2025-01-01,186,14,17,5,11.1,,8
C0349,2025-02-01,173,13,17,7,10.2,4.2,8
C0349,2025-03-01,173,13,17,3,8.8,4.2,8
C0349,2025-04-01,138,13,17,4,9.8,4.1,8
C0349,2025-05-01,0,1,17,0,0.0,,0
C0349,2025-06-01,0,0,17,0,0.0,,0
C0349,2025-07-01,0,0,17,0,0.0,,0
C0349,2025-08-01,0,0,17,0,0.0,,0
C0350,2024-09-01,128,14,18,1,5.7,4.1,7
C0350,2024-10-01,116,14,18,7,12.7,,7
C0350,2024-11-01,126,14,18,2,4.9,4.6,8
C0350,2024-12-01,109,13,18,2,8.5,4.1,7
C0350,2025-01-01,126,14,18,2,17.3,4.2,7
C0350,2025-02-01,123,14,18,4,15.5,4.1,8
C0350,2025-03-01,110,13,18,2,5.5,4.4,8
C0350,2025-04-01,125,14,18,4,19.0,4.4,8
C0350,2025-05-01,105,14,18,3,5.1,4.5,9
C0350,2025-06-01,104,13,18,1,7.5,4.7,9
C0350,2025-07-01,117,14,18,3,8.3,4.0,8
C0350,2025-08-01,129,14,18,5,9.4,4.0,9
C0351,2024-09-01,514,56,80,9,15.0,,7
C0351,2024-10-01,654,61,80,18,7.1,4.3,8
C0351,2024-11-01,554,56,80,12,5.0,4.6,7
C0351,2024-12-01,558,61,80,17,5.9,4.8,8
C0351,2025-01-01,645,62,80,7,8.9,4.3,7
C0351,2025-02-01,603,59,80,19,6.4,4.5,8
C0351,2025-03-01,527,61,80,16,10.3,4.9,8
C0351,2025-04-01,612,62,80,18,9.6,4.0,8
C0351,2025-05-01,676,67,80,9,4.3,4.4,9
C0351,2025-06-01,623,62,80,18,11.7,3.8,8
C0351,2025-07-01,715,73,80,16,8.7,4.4,8
C0351,2025-08-01,683,66,80,11,12.5,4.3,9
C0352,2024-09-01,161,23,28,3,11.0,4.2,8
C0352,2024-10-01,148,22,28,6,22.9,4.2,7
C0352,2024-11-01,129,20,28,0,0.0,,7
C0352,2024-12-01,111,18,28,6,8.3,,6
C0352,2025-01-01,100,17,28,2,7.7,4.0,6
C0352,2025-02-01,89,16,28,3,8.2,3.8,5
C0352,2025-03-01,79,15,28,6,11.3,3.5,5
C0352,2025-04-01,70,14,28,2,15.4,3.6,4
C0352,2025-05-01,52,11,28,5,11.4,3.4,4
C0352,2025-06-01,49,11,28,5,7.1,3.4,3
C0352,2025-07-01,41,10,28,8,5.4,,3
C0352,2025-08-01,23,6,28,0,0.0,,2
C0353,2024-09-01,32,3,5,1,11.1,4.4,7
C0353,2024-10-01,43,4,5,1,3.4,4.1,8
C0353,2024-11-01,43,4,5,0,0.0,,8
C0353,2024-12-01,42,4,5,1,9.5,4.0,8
C0353,2025-01-01,44,4,5,1,7.5,4.2,8
C0353,2025-02-01,36,4,5,0,0.0,,8
C0353,2025-03-01,42,4,5,0,0.0,,8
C0353,2025-04-01,44,4,5,1,9.9,4.3,8
C0353,2025-05-01,50,4,5,3,10.5,4.2,9
C0353,2025-06-01,44,4,5,0,0.0,,9
C0353,2025-07-01,44,4,5,1,4.7,4.6,9
C0353,2025-08-01,41,4,5,0,0.0,,9
C0354,2024-09-01,504,39,54,6,10.1,3.9,7
C0354,2024-10-01,521,40,54,14,25.5,4.4,8
C0354,2024-11-01,478,38,54,6,9.4,4.4,7
C0354,2024-12-01,576,40,54,8,5.7,4.3,8
C0354,2025-01-01,591,42,54,1,7.0,4.2,7
C0354,2025-02-01,484,39,54,9,11.8,4.0,8
C0354,2025-03-01,497,36,54,2,8.7,,8
C0354,2025-04-01,498,39,54,3,4.9,4.7,8
C0354,2025-05-01,463,38,54,4,6.3,4.3,9
C0354,2025-06-01,504,40,54,3,7.3,4.7,8
C0354,2025-07-01,438,36,54,3,6.2,4.7,9
C0354,2025-08-01,542,39,54,4,7.1,4.5,9
C0355,2024-09-01,488,33,40,2,9.3,4.2,8
C0355,2024-10-01,426,30,40,6,12.3,,7
C0355,2024-11-01,367,27,40,7,13.9,4.2,7
C0355,2024-12-01,337,26,40,11,7.8,4.1,6
C0355,2025-01-01,297,24,40,7,7.1,3.8,6
C0355,2025-02-01,271,23,40,10,33.4,4.0,5
C0355,2025-03-01,234,21,40,5,10.9,3.6,5
C0355,2025-04-01,201,19,40,7,6.4,,4
C0355,2025-05-01,169,17,40,16,19.5,3.5,4
C0355,2025-06-01,140,15,40,8,5.7,3.5,3
C0355,2025-07-01,122,14,40,14,6.7,,3
C0355,2025-08-01,90,11,40,13,9.6,3.2,2
C0356,2024-09-01,41,5,7,1,6.6,4.4,7
C0356,2024-10-01,49,6,7,3,12.6,4.6,8
C0356,2024-11-01,41,5,7,1,18.3,,8
C0356,2024-12-01,41,5,7,0,0.0,,8
C0356,2025-01-01,49,6,7,2,8.2,4.7,8
C0356,2025-02-01,15,3,7,2,25.2,3.5,5
C0356,2025-03-01,8,2,7,5,6.6,2.8,4
C0356,2025-04-01,15,3,7,2,37.2,3.1,4
C0356,2025-05-01,0,1,7,0,0.0,,0
C0356,2025-06-01,0,0,7,0,0.0,,0
C0356,2025-07-01,0,0,7,0,0.0,,0
C0356,2025-08-01,0,0,7,0,0.0,,0
C0357,2024-09-01,749,101,136,18,13.5,4.4,8
C0357,2024-10-01,718,97,136,25,19.5,,7
C0357,2024-11-01,746,97,136,32,5.7,4.6,8
C0357,2024-12-01,827,99,136,22,17.7,4.3,8
C0357,2025-01-01,705,101,136,17,9.4,4.2,8
C0357,2025-02-01,799,106,136,23,9.5,4.6,8
C0357,2025-03-01,722,98,136,31,9.1,4.9,8
C0357,2025-04-01,819,101,136,16,6.7,4.5,8
C0357,2025-05-01,847,109,136,19,10.7,,8
C0357,2025-06-01,806,105,136,17,15.6,4.5,8
C0357,2025-07-01,861,111,136,18,10.9,3.9,9
C0357,2025-08-01,887,108,136,27,7.4,4.3,9
C0358,2024-09-01,57,6,9,0,0.0,,7
C0358,2024-10-01,86,7,9,3,5.1,,8
C0358,2024-11-01,81,7,9,1,6.5,,7
C0358,2024-12-01,64,6,9,3,9.7,4.1,8
C0358,2025-01-01,68,6,9,4,17.3,4.4,8
C0358,2025-02-01,68,6,9,0,0.0,,8
C0358,2025-03-01,69,6,9,1,6.9,4.4,8
C0358,2025-04-01,68,6,9,0,0.0,,8
C0358,2025-05-01,83,7,9,3,10.3,4.7,8
C0358,2025-06-01,62,6,9,7,28.2,4.5,9
C0358,2025-07-01,78,7,9,1,7.9,4.3,8
C0358,2025-08-01,74,6,9,1,15.0,4.3,9
C0359,2024-09-01,403,35,42,3,9.0,4.3,8
C0359,2024-10-01,342,31,42,4,8.4,4.1,7
C0359,2024-11-01,296,28,42,8,23.5,4.0,7
C0359,2024-12-01,273,27,42,7,13.2,,6
C0359,2025-01-01,241,25,42,9,10.2,,6
C0359,2025-02-01,210,23,42,5,13.9,3.8,5
C0359,2025-03-01,191,22,42,7,16.0,3.7,5
C0359,2025-04-01,156,19,42,8,9.1,3.8,4
C0359,2025-05-01,139,18,42,12,8.1,3.3,4
C0359,2025-06-01,116,16,42,13,8.2,3.4,3
C0359,2025-07-01,95,14,42,10,19.1,,3
C0359,2025-08-01,70,11,42,12,6.0,3.1,2
C0360,2024-09-01,481,37,53,6,11.5,4.5,7
C0360,2024-10-01,613,40,53,9,11.3,3.9,7
C0360,2024-11-01,597,40,53,7,15.9,4.5,7
C0360,2024-12-01,524,39,53,6,2.7,4.2,8
C0360,2025-01-01,572,39,53,10,16.2,,8
C0360,2025-02-01,517,39,53,8,9.3,,8
C0360,2025-03-01,502,37,53,13,10.8,,8
C0360,2025-04-01,487,38,53,12,4.0,4.5,8
C0360,2025-05-01,499,41,53,7,7.1,4.0,8
C0360,2025-06-01,555,42,53,11,22.0,4.0,9
C0360,2025-07-01,520,39,53,3,8.5,4.4,9
C0360,2025-08-01,590,42,53,4,9.1,4.6,9
C0361,2024-09-01,35,4,6,1,3.3,4.7,7
C0361,2024-10-01,33,4,6,5,8.4,4.5,8
C0361,2024-11-01,32,4,6,2,15.0,4.4,8
C0361,2024-12-01,35,4,6,0,0.0,,8
C0361,2025-01-01,39,4,6,2,9.7,4.3,8
C0361,2025-02-01,47,5,6,0,0.0,,8
C0361,2025-03-01,49,5,6,1,11.3,4.8,8
C0361,2025-04-01,45,5,6,1,7.6,4.1,8
C0361,2025-05-01,45,5,6,1,11.7,4.7,8
C0361,2025-06-01,41,5,6,0,0.0,,9
C0361,2025-07-01,41,5,6,0,0.0,,8
C0361,2025-08-01,44,5,6,0,0.0,,9
C0362,2024-09-01,645,54,67,11,18.2,4.2,8
C0362,2024-10-01,633,53,67,11,10.5,4.4,8
C0362,2024-11-01,657,55,67,10,9.1,,8
C0362,2024-12-01,645,54,67,13,13.8,4.3,8
C0362,2025-01-01,610,51,67,9,8.3,4.4,8
C0362,2025-02-01,657,55,67,6,19.3,4.3,8
C0362,2025-03-01,633,53,67,6,6.5,4.2,8
C0362,2025-04-01,610,51,67,8,14.5,4.3,8
C0362,2025-05-01,0,1,67,0,0.0,,0
C0362,2025-06-01,0,0,67,0,0.0,,0
C0362,2025-07-01,0,0,67,0,0.0,,0
C0362,2025-08-01,0,0,67,0,0.0,,0
C0363,2024-09-01,53,4,5,0,0.0,,7
C0363,2024-10-01,53,4,5,1,5.1,,7
C0363,2024-11-01,53,4,5,0,0.0,,7
C0363,2024-12-01,40,3,5,1,5.8,4.2,7
C0363,2025-01-01,53,4,5,1,8.3,4.1,7
C0363,2025-02-01,53,4,5,1,10.4,4.4,7
C0363,2025-03-01,53,4,5,0,0.0,,7
C0363,2025-04-01,25,3,5,1,38.8,3.8,6
C0363,2025-05-01,7,1,5,1,13.5,3.8,6
C0363,2025-06-01,0,0,5,2,19.8,3.3,4
C0363,2025-07-01,0,0,5,2,6.9,3.0,3
C0363,2025-08-01,0,0,5,2,30.9,,2
C0364,2024-09-01,194,25,36,6,4.8,,8
C0364,2024-10-01,219,28,36,7,5.8,4.0,7
C0364,2024-11-01,233,28,36,10,8.2,4.4,7
C0364,2024-12-01,194,26,36,8,9.6,4.3,8
C0364,2025-01-01,234,27,36,8,10.9,4.1,8
C0364,2025-02-01,206,26,36,8,9.8,4.5,8
C0364,2025-03-01,235,28,36,2,7.1,3.9,8
C0364,2025-04-01,206,25,36,5,6.8,4.6,9
C0364,2025-05-01,227,26,36,8,6.2,,9
C0364,2025-06-01,192,27,36,6,9.7,4.4,8
C0364,2025-07-01,236,27,36,7,27.1,4.2,9
C0364,2025-08-01,245,28,36,2,6.7,4.4,9
C0365,2024-09-01,695,51,65,4,9.9,4.0,7
C0365,2024-10-01,681,50,65,4,16.1,4.4,7
C0365,2024-11-01,668,49,65,6,16.0,4.3,7
C0365,2024-12-01,681,50,65,6,13.0,4.4,7
C0365,2025-01-01,654,48,65,6,14.9,4.5,7
C0365,2025-02-01,287,34,65,8,15.3,4.0,6
C0365,2025-03-01,112,15,65,13,20.0,,6
C0365,2025-04-01,45,6,65,9,18.6,,4
C0365,2025-05-01,22,3,65,14,14.2,3.1,4
C0365,2025-06-01,7,1,65,10,18.5,3.0,2
C0365,2025-07-01,7,1,65,15,15.2,2.8,1
C0365,2025-08-01,0,2,65,0,0.0,,0
C0366,2024-09-01,57,6,8,0,0.0,,7
C0366,2024-10-01,59,6,8,0,0.0,,7
C0366,2024-11-01,57,6,8,0,0.0,,7
C0366,2024-12-01,56,6,8,0,0.0,,8
C0366,2025-01-01,59,6,8,0,0.0,,8
C0366,2025-02-01,54,6,8,0,0.0,,8
C0366,2025-03-01,59,6,8,1,5.6,4.1,8
C0366,2025-04-01,62,6,8,0,0.0,,8
C0366,2025-05-01,52,6,8,2,20.8,4.5,9
C0366,2025-06-01,55,6,8,1,24.1,4.2,8
C0366,2025-07-01,51,6,8,0,0.0,,8
C0366,2025-08-01,61,7,8,1,10.1,4.2,9
C0367,2024-09-01,66,6,9,0,0.0,,7
C0367,2024-10-01,73,6,9,1,6.7,4.5,8
C0367,2024-11-01,65,6,9,0,0.0,,7
C0367,2024-12-01,65,6,9,2,14.1,4.3,8
C0367,2025-01-01,70,6,9,0,0.0,,8
C0367,2025-02-01,74,7,9,2,9.5,3.3,8
C0367,2025-03-01,64,6,9,0,0.0,,8
C0367,2025-04-01,79,7,9,5,7.6,4.7,8
C0367,2025-05-01,79,7,9,2,3.7,4.5,9
C0367,2025-06-01,75,7,9,0,0.0,,9
C0367,2025-07-01,70,6,9,1,19.3,4.7,9
C0367,2025-08-01,80,7,9,1,8.3,4.3,9
C0368,2024-09-01,192,17,23,7,15.3,4.2,7
C0368,2024-10-01,191,18,23,1,10.1,4.0,7
C0368,2024-11-01,185,17,23,6,7.2,4.7,7
C0368,2024-12-01,204,17,23,5,8.3,,8
C0368,2025-01-01,200,18,23,6,16.6,4.6,8
C0368,2025-02-01,206,18,23,0,0.0,,8
C0368,2025-03-01,171,16,23,3,6.7,,9
C0368,2025-04-01,201,18,23,3,9.2,4.8,8
C0368,2025-05-01,169,16,23,1,14.0,,8
C0368,2025-06-01,179,17,23,2,7.4,4.6,9
C0368,2025-07-01,183,17,23,1,8.7,4.5,9
C0368,2025-08-01,180,17,23,3,20.0,4.3,9
C0369,2024-09-01,119,15,20,2,12.1,,7
C0369,2024-10-01,111,14,20,6,8.0,,7
C0369,2024-11-01,127,16,20,2,14.8,4.2,7
C0369,2024-12-01,119,15,20,7,3.1,4.4,7
C0369,2025-01-01,119,15,20,2,10.1,4.4,7
C0369,2025-02-01,54,11,20,5,12.1,3.7,6
C0369,2025-03-01,22,5,20,8,7.0,3.6,5
C0369,2025-04-01,0,1,20,0,0.0,,0
C0369,2025-05-01,0,0,20,0,0.0,,0
C0369,2025-06-01,0,0,20,0,0.0,,0
C0369,2025-07-01,0,0,20,0,0.0,,0
C0369,2025-08-01,0,0,20,0,0.0,,0
C0370,2024-09-01,446,40,53,7,15.6,4.5,8
C0370,2024-10-01,435,39,53,7,17.5,,8
C0370,2024-11-01,413,37,53,7,8.3,4.1,8
C0370,2024-12-01,446,40,53,12,14.2,,8
C0370,2025-01-01,468,42,53,4,27.4,4.2,8
C0370,2025-02-01,480,43,53,5,12.2,4.2,8
C0370,2025-03-01,446,40,53,7,8.4,,8
C0370,2025-04-01,366,41,53,14,6.7,4.1,8
C0370,2025-05-01,339,38,53,9,10.4,,8
C0370,2025-06-01,303,34,53,8,18.9,3.3,8
C0370,2025-07-01,0,1,53,0,0.0,,0
C0370,2025-08-01,0,0,53,0,0.0,,0
C0371,2024-09-01,129,9,13,2,7.6,4.6,7
C0371,2024-10-01,136,9,13,2,4.4,4.8,7
C0371,2024-11-01,123,9,13,0,0.0,,7
C0371,2024-12-01,113,9,13,4,8.1,3.9,8
C0371,2025-01-01,141,10,13,3,9.7,,8
C0371,2025-02-01,134,10,13,3,12.3,4.5,8
C0371,2025-03-01,127,9,13,1,6.4,4.8,8
C0371,2025-04-01,120,9,13,2,6.5,4.3,8
C0371,2025-05-01,126,9,13,1,7.4,4.7,8
C0371,2025-06-01,150,10,13,3,7.0,3.7,9
C0371,2025-07-01,140,10,13,5,8.9,4.4,9
C0371,2025-08-01,126,10,13,0,0.0,,9
C0372,2024-09-01,308,26,38,7,8.6,,7
C0372,2024-10-01,364,30,38,3,7.7,,7
C0372,2024-11-01,351,29,38,5,17.1,,7
C0372,2024-12-01,364,29,38,1,15.1,4.6,8
C0372,2025-01-01,308,28,38,8,9.9,4.4,8
C0372,2025-02-01,332,30,38,4,17.7,4.7,8
C0372,2025-03-01,338,30,38,3,5.9,4.6,8
C0372,2025-04-01,319,30,38,1,11.2,4.3,9
C0372,2025-05-01,342,29,38,4,6.3,4.3,8
C0372,2025-06-01,356,30,38,7,16.0,4.8,9
C0372,2025-07-01,377,32,38,5,5.8,4.4,9
C0372,2025-08-01,357,31,38,4,7.9,4.3,9
C0373,2024-09-01,62,6,8,0,0.0,,7
C0373,2024-10-01,53,5,8,2,7.3,4.2,7
C0373,2024-11-01,61,6,8,2,11.5,4.2,7
C0373,2024-12-01,65,6,8,2,11.8,,8
C0373,2025-01-01,59,6,8,0,0.0,,8
C0373,2025-02-01,62,6,8,0,0.0,,8
C0373,2025-03-01,56,6,8,3,10.2,4.2,8
C0373,2025-04-01,53,6,8,3,12.3,4.6,8
C0373,2025-05-01,57,6,8,2,13.1,,8
C0373,2025-06-01,58,6,8,2,10.1,4.8,8
C0373,2025-07-01,67,6,8,1,7.1,4.6,8
C0373,2025-08-01,58,6,8,2,7.0,,9
C0374,2024-09-01,182,14,18,1,6.3,4.3,8
C0374,2024-10-01,182,14,18,2,14.7,4.6,8
C0374,2024-11-01,182,14,18,7,6.7,4.6,8
C0374,2024-12-01,182,14,18,4,10.2,4.3,8
C0374,2025-01-01,182,14,18,0,0.0,,8
C0374,2025-02-01,195,15,18,3,7.2,4.3,8
C0374,2025-03-01,182,14,18,2,11.5,4.3,8
C0374,2025-04-01,182,14,18,2,7.5,,8
C0374,2025-05-01,145,14,18,4,4.0,4.2,8
C0374,2025-06-01,0,1,18,0,0.0,,0
C0374,2025-07-01,0,0,18,0,0.0,,0
C0374,2025-08-01,0,0,18,0,0.0,,0
C0375,2024-09-01,89,6,8,1,11.4,4.1,8
C0375,2024-10-01,85,6,8,1,16.8,4.1,7
C0375,2024-11-01,81,6,8,0,0.0,,7
C0375,2024-12-01,65,5,8,2,12.0,4.0,6
C0375,2025-01-01,49,4,8,0,0.0,,6
C0375,2025-02-01,59,5,8,1,11.0,3.7,5
C0375,2025-03-01,45,4,8,0,0.0,,5
C0375,2025-04-01,0,1,8,0,0.0,,0
C0375,2025-05-01,0,0,8,0,0.0,,0
C0375,2025-06-01,0,0,8,0,0.0,,0
C0375,2025-07-01,0,0,8,0,0.0,,0
C0375,2025-08-01,0,0,8,0,0.0,,0
C0376,2024-09-01,178,13,18,3,7.6,,8
C0376,2024-10-01,205,15,18,5,7.6,4.3,8
C0376,2024-11-01,191,14,18,4,12.8,4.2,8
C0376,2024-12-01,191,14,18,3,3.9,4.1,8
C0376,2025-01-01,205,15,18,4,10.9,,8
C0376,2025-02-01,191,14,18,1,25.2,4.1,8
C0376,2025-03-01,191,14,18,1,13.0,4.3,8
C0376,2025-04-01,153,14,18,9,10.4,4.3,8
C0376,2025-05-01,142,13,18,7,6.3,3.9,8
C0376,2025-06-01,131,12,18,5,28.1,3.5,8
C0376,2025-07-01,109,10,18,13,33.2,,8
C0376,2025-08-01,98,9,18,6,23.9,2.2,8
C0377,2024-09-01,349,33,47,7,3.0,4.1,7
C0377,2024-10-01,354,34,47,8,7.9,4.6,8
C0377,2024-11-01,387,34,47,11,13.2,4.5,8
C0377,2024-12-01,353,33,47,14,6.3,4.8,7
C0377,2025-01-01,290,31,47,7,10.3,4.4,8
C0377,2025-02-01,409,36,47,11,6.1,4.4,8
C0377,2025-03-01,362,35,47,9,27.1,4.9,8
C0377,2025-04-01,398,36,47,6,9.5,4.2,8
C0377,2025-05-01,367,36,47,9,9.9,4.2,9
C0377,2025-06-01,394,36,47,14,11.2,4.4,8
C0377,2025-07-01,326,36,47,13,36.3,4.6,9
C0377,2025-08-01,393,36,47,12,12.8,4.5,9
C0378,2024-09-01,224,16,22,0,0.0,,7
C0378,2024-10-01,239,16,22,4,9.2,4.3,8
C0378,2024-11-01,223,16,22,3,8.2,4.7,7
C0378,2024-12-01,232,16,22,5,13.0,4.1,7
C0378,2025-01-01,224,16,22,5,10.0,4.1,8
C0378,2025-02-01,237,16,22,1,6.7,4.2,8
C0378,2025-03-01,211,15,22,4,5.8,4.5,8
C0378,2025-04-01,218,15,22,2,8.2,,8
C0378,2025-05-01,202,15,22,3,13.4,4.2,8
C0378,2025-06-01,215,16,22,8,8.3,4.4,9
C0378,2025-07-01,201,16,22,5,11.4,4.1,9
C0378,2025-08-01,231,16,22,3,11.3,4.6,10
C0379,2024-09-01,900,79,103,6,11.3,4.3,7
C0379,2024-10-01,820,72,103,3,13.4,4.5,7
C0379,2024-11-01,865,76,103,9,7.8,4.4,7
C0379,2024-12-01,808,71,103,6,15.5,4.5,7
C0379,2025-01-01,911,80,103,10,6.0,4.3,7
C0379,2025-02-01,877,77,103,14,6.5,4.2,7
C0379,2025-03-01,877,77,103,16,9.1,4.4,7
C0379,2025-04-01,854,75,103,9,5.7,4.4,7
C0379,2025-05-01,0,1,103,0,0.0,,0
C0379,2025-06-01,0,0,103,0,0.0,,0
C0379,2025-07-01,0,0,103,0,0.0,,0
C0379,2025-08-01,0,0,103,0,0.0,,0
C0380,2024-09-01,307,29,39,9,9.8,4.6,7
C0380,2024-10-01,296,28,39,8,11.8,4.1,8
C0380,2024-11-01,260,29,39,3,7.1,4.2,7
C0380,2024-12-01,277,28,39,4,9.6,4.6,8
C0380,2025-01-01,265,25,39,3,7.0,4.5,7
C0380,2025-02-01,311,28,39,5,15.8,4.3,8
C0380,2025-03-01,313,28,39,7,8.2,,8
C0380,2025-04-01,278,29,39,8,9.8,4.8,8
C0380,2025-05-01,318,29,39,4,7.6,4.8,8
C0380,2025-06-01,296,27,39,7,10.8,4.1,9
C0380,2025-07-01,297,28,39,4,21.6,4.2,9
C0380,2025-08-01,263,29,39,6,12.9,4.7,9
C0381,2024-09-01,368,33,43,6,9.5,4.3,8
C0381,2024-10-01,342,32,43,5,8.0,4.1,7
C0381,2024-11-01,317,31,43,4,8.7,4.2,7
C0381,2024-12-01,274,28,43,3,13.7,,6
C0381,2025-01-01,251,27,43,6,10.8,,6
C0381,2025-02-01,221,25,43,8,6.4,3.9,5
C0381,2025-03-01,185,22,43,10,22.1,3.6,5
C0381,2025-04-01,151,19,43,7,6.5,3.4,4
C0381,2025-05-01,127,17,43,14,6.2,3.7,4
C0381,2025-06-01,113,16,43,11,11.6,3.4,3
C0381,2025-07-01,99,15,43,9,10.5,3.2,3
C0381,2025-08-01,80,13,43,8,10.5,,2
C0382,2024-09-01,174,20,24,1,26.0,4.4,7
C0382,2024-10-01,156,18,24,2,15.1,4.4,7
C0382,2024-11-01,165,19,24,4,17.8,4.3,7
C0382,2024-12-01,156,18,24,2,6.7,4.3,7
C0382,2025-01-01,156,18,24,5,9.6,4.3,7
C0382,2025-02-01,148,17,24,2,9.1,4.1,8
C0382,2025-03-01,139,16,24,1,2.5,4.2,7
C0382,2025-04-01,139,16,24,5,4.9,4.4,8
C0382,2025-05-01,156,18,24,2,6.0,,7
C0382,2025-06-01,91,17,24,3,11.2,3.7,7
C0382,2025-07-01,38,8,24,1,8.7,3.2,5
C0382,2025-08-01,19,4,24,7,18.5,2.4,4
C0383,2024-09-01,129,14,18,3,12.3,4.1,8
C0383,2024-10-01,129,14,18,1,12.2,4.4,8
C0383,2024-11-01,129,14,18,4,9.1,4.3,8
C0383,2024-12-01,138,15,18,1,10.6,4.4,8
C0383,2025-01-01,138,15,18,2,20.0,4.3,8
C0383,2025-02-01,129,14,18,5,10.4,4.4,8
C0383,2025-03-01,129,14,18,3,11.8,,8
C0383,2025-04-01,138,15,18,3,6.2,4.5,8
C0383,2025-05-01,138,15,18,4,4.6,4.2,8
C0383,2025-06-01,18,5,18,8,23.5,2.9,4
C0383,2025-07-01,3,2,18,6,11.5,2.4,2
C0383,2025-08-01,0,0,18,1,32.4,1.9,1
C0384,2024-09-01,168,22,31,1,11.7,4.1,7
C0384,2024-10-01,204,23,31,7,20.5,4.3,7
C0384,2024-11-01,178,22,31,10,8.6,4.1,7
C0384,2024-12-01,197,23,31,5,7.2,4.2,7
C0384,2025-01-01,172,22,31,7,7.8,4.4,7
C0384,2025-02-01,180,23,31,6,7.1,4.3,8
C0384,2025-03-01,167,23,31,3,8.9,4.3,8
C0384,2025-04-01,190,24,31,4,12.4,4.5,8
C0384,2025-05-01,186,23,31,6,17.5,4.3,8
C0384,2025-06-01,178,21,31,2,7.3,3.9,9
C0384,2025-07-01,184,22,31,5,23.7,4.4,8
C0384,2025-08-01,208,23,31,5,9.8,4.4,8
C0385,2024-09-01,442,38,54,10,19.6,4.4,7
C0385,2024-10-01,483,39,54,10,3.1,4.5,7
C0385,2024-11-01,486,40,54,10,11.0,4.3,7
C0385,2024-12-01,435,40,54,9,14.1,4.9,8
C0385,2025-01-01,440,38,54,11,11.5,4.6,8
C0385,2025-02-01,463,40,54,6,7.0,4.7,8
C0385,2025-03-01,484,42,54,10,9.3,4.4,8
C0385,2025-04-01,468,42,54,9,12.2,4.5,8
C0385,2025-05-01,489,39,54,9,8.7,4.6,9
C0385,2025-06-01,481,44,54,12,11.0,4.2,9
C0385,2025-07-01,537,43,54,6,18.7,,8
C0385,2025-08-01,436,42,54,10,3.8,4.7,9
C0386,2024-09-01,64,8,10,3,5.3,3.9,7
C0386,2024-10-01,59,7,10,3,5.3,4.2,7
C0386,2024-11-01,60,7,10,0,0.0,,8
C0386,2024-12-01,58,7,10,2,8.5,4.8,8
C0386,2025-01-01,66,8,10,0,0.0,,8
C0386,2025-02-01,61,8,10,3,8.9,,8
C0386,2025-03-01,60,7,10,2,19.4,4.7,8
C0386,2025-04-01,61,7,10,0,0.0,,8
C0386,2025-05-01,62,7,10,2,13.6,4.7,8
C0386,2025-06-01,59,7,10,4,9.0,4.6,8
C0386,2025-07-01,64,8,10,1,12.6,4.6,9
C0386,2025-08-01,57,7,10,2,10.0,4.3,9
C0387,2024-09-01,212,18,24,1,16.6,4.2,8
C0387,2024-10-01,211,17,24,3,19.6,4.1,7
C0387,2024-11-01,217,17,24,3,7.5,4.6,7
C0387,2024-12-01,200,17,24,1,17.1,4.2,8
C0387,2025-01-01,206,17,24,1,16.2,5.1,7
C0387,2025-02-01,224,18,24,0,0.0,,8
C0387,2025-03-01,240,18,24,1,17.7,,8
C0387,2025-04-01,218,19,24,4,11.1,4.1,8
C0387,2025-05-01,233,19,24,3,6.3,4.3,9
C0387,2025-06-01,267,20,24,5,8.5,5.0,8
C0387,2025-07-01,249,19,24,2,4.1,4.6,9
C0387,2025-08-01,231,19,24,4,6.2,4.5,9
C0388,2024-09-01,199,18,27,4,20.8,4.4,7
C0388,2024-10-01,198,20,27,7,13.2,4.4,8
C0388,2024-11-01,182,17,27,4,10.0,4.3,7
C0388,2024-12-01,186,19,27,1,31.8,4.1,8
C0388,2025-01-01,166,18,27,8,20.2,4.2,7
C0388,2025-02-01,226,20,27,7,7.6,3.8,8
C0388,2025-03-01,185,19,27,6,12.3,4.6,8
C0388,2025-04-01,208,20,27,1,18.6,,9
C0388,2025-05-01,165,20,27,3,18.4,3.9,8
C0388,2025-06-01,201,20,27,3,7.2,4.7,9
C0388,2025-07-01,209,20,27,4,12.0,4.5,9
C0388,2025-08-01,204,20,27,5,16.6,4.3,9
C0389,2024-09-01,346,40,56,11,9.8,4.0,7
C0389,2024-10-01,334,40,56,8,12.8,4.6,8
C0389,2024-11-01,325,39,56,3,19.1,4.7,8
C0389,2024-12-01,338,43,56,9,9.4,4.7,8
C0389,2025-01-01,340,40,56,8,13.6,4.3,8
C0389,2025-02-01,354,41,56,11,9.3,,7
C0389,2025-03-01,330,42,56,6,6.4,4.8,8
C0389,2025-04-01,282,39,56,12,10.6,4.4,8
C0389,2025-05-01,371,43,56,5,6.9,4.0,8
C0389,2025-06-01,373,44,56,8,9.4,4.3,9
C0389,2025-07-01,369,43,56,8,9.4,,9
C0389,2025-08-01,352,43,56,12,16.0,4.5,9
C0390,2024-09-01,120,12,16,1,7.5,3.9,7
C0390,2024-10-01,131,12,16,5,9.4,4.4,8
C0390,2024-11-01,128,12,16,2,4.7,4.0,7
C0390,2024-12-01,134,12,16,6,7.4,3.9,7
C0390,2025-01-01,127,11,16,2,18.6,4.6,8
C0390,2025-02-01,133,12,16,2,7.6,4.2,8
C0390,2025-03-01,118,12,16,5,8.9,,8
C0390,2025-04-01,127,12,16,2,11.0,4.3,8
C0390,2025-05-01,119,11,16,1,7.2,,8
C0390,2025-06-01,133,12,16,2,6.0,4.4,9
C0390,2025-07-01,133,12,16,1,11.2,4.4,9
C0390,2025-08-01,137,13,16,1,12.2,4.3,9
C0391,2024-09-01,536,64,87,8,6.7,4.3,7
C0391,2024-10-01,569,64,87,15,5.5,4.6,7
C0391,2024-11-01,525,62,87,16,12.8,4.3,8
C0391,2024-12-01,544,66,87,9,24.1,4.7,8
C0391,2025-01-01,479,65,87,13,10.3,4.4,8
C0391,2025-02-01,491,65,87,8,11.8,4.4,8
C0391,2025-03-01,706,72,87,17,12.1,4.5,8
C0391,2025-04-01,572,65,87,16,19.9,4.6,8
C0391,2025-05-01,625,69,87,17,8.7,4.3,9
C0391,2025-06-01,707,73,87,12,7.1,4.1,8
C0391,2025-07-01,585,71,87,20,13.0,4.8,9
C0391,2025-08-01,576,69,87,12,4.1,4.6,9
C0392,2024-09-01,40,6,8,2,16.5,4.5,7
C0392,2024-10-01,40,6,8,0,0.0,,7
C0392,2024-11-01,39,6,8,1,13.8,4.4,8
C0392,2024-12-01,40,6,8,1,9.7,5.0,8
C0392,2025-01-01,47,6,8,0,0.0,,8
C0392,2025-02-01,36,5,8,1,22.2,4.4,8
C0392,2025-03-01,41,6,8,0,0.0,,8
C0392,2025-04-01,41,6,8,1,8.7,4.5,8
C0392,2025-05-01,45,6,8,1,8.2,,8
C0392,2025-06-01,40,6,8,1,13.5,4.6,9
C0392,2025-07-01,32,5,8,0,0.0,,9
C0392,2025-08-01,44,6,8,0,0.0,,9
C0393,2024-09-01,147,14,17,1,4.6,4.5,8
C0393,2024-10-01,126,12,17,2,8.3,,8
C0393,2024-11-01,136,13,17,5,11.4,4.4,8
C0393,2024-12-01,136,13,17,7,6.0,4.3,8
C0393,2025-01-01,147,14,17,5,7.3,4.3,8
C0393,2025-02-01,136,13,17,5,5.1,4.2,8
C0393,2025-03-01,136,13,17,3,32.1,4.4,8
C0393,2025-04-01,147,14,17,2,8.5,4.5,8
C0393,2025-05-01,109,13,17,3,6.5,4.1,8
C0393,2025-06-01,101,12,17,10,24.2,3.6,8
C0393,2025-07-01,84,10,17,7,45.1,2.9,8
C0393,2025-08-01,67,8,17,9,17.7,2.3,8
C0394,2024-09-01,87,7,9,1,7.9,4.1,7
C0394,2024-10-01,76,6,9,0,0.0,,8
C0394,2024-11-01,93,7,9,1,15.2,4.6,8
C0394,2024-12-01,86,7,9,1,10.6,4.7,8
C0394,2025-01-01,78,6,9,3,11.7,4.3,7
C0394,2025-02-01,77,6,9,1,10.0,4.6,8
C0394,2025-03-01,76,6,9,2,8.4,,8
C0394,2025-04-01,86,7,9,3,12.6,4.3,8
C0394,2025-05-01,76,6,9,1,7.2,3.9,9
C0394,2025-06-01,88,7,9,1,20.3,,9
C0394,2025-07-01,72,6,9,0,0.0,,9
C0394,2025-08-01,80,6,9,1,13.6,4.7,9
C0395,2024-09-01,336,40,56,12,12.0,4.2,7
C0395,2024-10-01,311,41,56,13,6.5,4.1,7
C0395,2024-11-01,379,43,56,16,4.3,4.4,8
C0395,2024-12-01,326,38,56,17,20.3,4.0,8
C0395,2025-01-01,350,42,56,16,7.8,4.3,7
C0395,2025-02-01,328,41,56,10,17.3,4.6,8
C0395,2025-03-01,348,39,56,11,7.7,4.6,8
C0395,2025-04-01,314,42,56,12,4.1,4.1,9
C0395,2025-05-01,305,40,56,8,21.5,4.4,8
C0395,2025-06-01,297,37,56,10,4.1,4.3,8
C0395,2025-07-01,299,35,56,11,6.6,,9
C0395,2025-08-01,293,38,56,16,10.0,4.4,9
C0396,2024-09-01,179,13,18,1,23.7,,7
C0396,2024-10-01,155,12,18,8,30.8,4.6,7
C0396,2024-11-01,191,13,18,3,8.4,4.5,7
C0396,2024-12-01,197,13,18,7,7.6,4.2,8
C0396,2025-01-01,182,13,18,7,6.8,5.0,8
C0396,2025-02-01,195,13,18,2,5.5,4.4,8
C0396,2025-03-01,194,13,18,2,9.0,4.5,8
C0396,2025-04-01,185,13,18,6,11.0,4.7,8
C0396,2025-05-01,202,14,18,4,13.2,4.1,9
C0396,2025-06-01,192,13,18,3,6.9,4.5,9
C0396,2025-07-01,180,14,18,1,10.6,4.4,9
C0396,2025-08-01,199,14,18,4,10.3,4.7,8
C0397,2024-09-01,206,27,35,2,8.8,,7
C0397,2024-10-01,189,24,35,7,8.4,4.6,7
C0397,2024-11-01,201,24,35,6,9.0,4.5,7
C0397,2024-12-01,214,25,35,9,7.1,,8
C0397,2025-01-01,190,23,35,5,4.3,4.2,8
C0397,2025-02-01,253,28,35,3,15.7,4.4,8
C0397,2025-03-01,225,26,35,2,6.3,4.0,8
C0397,2025-04-01,217,26,35,5,10.7,4.8,8
C0397,2025-05-01,202,26,35,8,9.2,4.6,8
C0397,2025-06-01,233,27,35,1,6.5,4.2,8
C0397,2025-07-01,193,25,35,2,3.6,4.4,9
C0397,2025-08-01,211,25,35,5,12.6,,9
C0398,2024-09-01,153,15,21,1,25.5,4.3,7
C0398,2024-10-01,152,16,21,4,3.9,4.4,7
C0398,2024-11-01,165,16,21,2,7.4,4.2,7
C0398,2024-12-01,155,16,21,4,5.6,4.0,8
C0398,2025-01-01,149,15,21,2,6.4,4.3,8
C0398,2025-02-01,148,15,21,5,7.2,4.5,8
C0398,2025-03-01,164,16,21,1,8.5,4.3,8
C0398,2025-04-01,159,15,21,4,5.8,4.4,8
C0398,2025-05-01,148,16,21,3,15.2,4.7,8
C0398,2025-06-01,185,17,21,2,22.4,4.2,8
C0398,2025-07-01,150,16,21,0,0.0,,8
C0398,2025-08-01,166,17,21,3,6.9,4.6,9
C0399,2024-09-01,240,23,32,4,9.5,4.4,7
C0399,2024-10-01,242,24,32,6,6.3,,7
C0399,2024-11-01,241,24,32,11,13.2,4.3,8
C0399,2024-12-01,222,22,32,5,5.9,4.5,7
C0399,2025-01-01,234,23,32,3,6.7,4.4,8
C0399,2025-02-01,215,22,32,4,14.4,4.2,8
C0399,2025-03-01,281,25,32,5,5.8,3.9,8
C0399,2025-04-01,221,23,32,6,11.6,,8
C0399,2025-05-01,260,24,32,7,10.1,4.7,8
C0399,2025-06-01,210,24,32,6,11.5,4.6,9
C0399,2025-07-01,218,22,32,2,12.3,4.6,9
C0399,2025-08-01,227,23,32,6,10.5,4.5,9
C0400,2024-09-01,193,21,29,8,10.1,4.2,8
C0400,2024-10-01,202,22,29,8,10.9,4.4,8
C0400,2024-11-01,212,23,29,5,19.4,4.4,8
C0400,2024-12-01,212,23,29,3,9.0,4.3,8
C0400,2025-01-01,212,23,29,7,11.8,4.2,8
C0400,2025-02-01,202,22,29,9,19.7,4.2,8
C0400,2025-03-01,221,24,29,5,13.3,,8
C0400,2025-04-01,202,22,29,4,3.6,,8
C0400,2025-05-01,169,23,29,15,16.2,4.1,8
C0400,2025-06-01,147,20,29,12,16.6,3.6,8
C0400,2025-07-01,125,17,29,13,18.1,3.1,8
C0400,2025-08-01,103,14,29,17,9.5,2.4,8
C0401,2024-09-01,198,15,21,2,10.0,4.9,7
C0401,2024-10-01,204,16,21,3,17.2,,7
C0401,2024-11-01,198,15,21,4,8.9,4.4,8
C0401,2024-12-01,206,16,21,2,17.0,3.8,8
C0401,2025-01-01,197,15,21,3,14.1,4.4,8
C0401,2025-02-01,199,15,21,6,16.4,4.7,8
C0401,2025-03-01,199,15,21,4,4.1,4.6,8
C0401,2025-04-01,213,16,21,4,10.1,4.1,8
C0401,2025-05-01,205,16,21,3,7.5,4.4,9
C0401,2025-06-01,204,15,21,3,18.9,4.4,9
C0401,2025-07-01,218,17,21,1,12.1,4.7,9
C0401,2025-08-01,196,15,21,3,2.2,4.4,8
C0402,2024-09-01,82,8,11,0,0.0,,7
C0402,2024-10-01,82,8,11,0,0.0,,7
C0402,2024-11-01,81,8,11,1,4.4,,8
C0402,2024-12-01,82,8,11,1,10.6,4.4,8
C0402,2025-01-01,93,9,11,0,0.0,,8
C0402,2025-02-01,87,9,11,2,10.6,,9
C0402,2025-03-01,72,8,11,2,11.4,4.8,8
C0402,2025-04-01,83,9,11,0,0.0,,8
C0402,2025-05-01,82,9,11,2,5.6,,8
C0402,2025-06-01,92,9,11,2,7.6,4.0,8
C0402,2025-07-01,86,9,11,0,0.0,,8
C0402,2025-08-01,96,9,11,1,13.2,4.2,9
C0403,2024-09-01,204,17,20,3,12.6,,8
C0403,2024-10-01,184,16,20,2,8.5,4.2,7
C0403,2024-11-01,166,15,20,4,21.0,4.2,7
C0403,2024-12-01,137,13,20,1,6.5,3.8,6
C0403,2025-01-01,131,13,20,0,0.0,,6
C0403,2025-02-01,105,11,20,2,8.0,4.0,5
C0403,2025-03-01,82,9,20,3,8.7,3.5,5
C0403,2025-04-01,77,9,20,4,9.5,3.7,4
C0403,2025-05-01,65,8,20,1,8.5,3.5,4
C0403,2025-06-01,61,8,20,5,9.8,,3
C0403,2025-07-01,50,7,20,1,11.8,3.1,3
C0403,2025-08-01,40,6,20,5,9.6,3.0,2
C0404,2024-09-01,605,53,73,11,4.5,4.3,7
C0404,2024-10-01,773,53,73,10,4.0,4.1,7
C0404,2024-11-01,745,51,73,9,16.2,4.1,8
C0404,2024-12-01,743,54,73,6,9.8,4.1,7
C0404,2025-01-01,694,54,73,8,6.7,4.3,8
C0404,2025-02-01,779,57,73,2,8.9,4.1,8
C0404,2025-03-01,793,53,73,9,4.8,4.6,8
C0404,2025-04-01,771,56,73,7,6.1,4.3,8
C0404,2025-05-01,792,56,73,8,11.2,,9
C0404,2025-06-01,816,59,73,4,4.0,4.7,9
C0404,2025-07-01,820,57,73,7,6.4,5.1,9
C0404,2025-08-01,793,61,73,6,12.8,4.3,9
C0405,2024-09-01,128,13,17,1,6.5,4.0,7
C0405,2024-10-01,109,12,17,2,17.8,,7
C0405,2024-11-01,137,13,17,0,0.0,,7
C0405,2024-12-01,153,13,17,0,0.0,,8
C0405,2025-01-01,131,13,17,1,11.8,5.0,8
C0405,2025-02-01,151,14,17,3,9.7,4.2,8
C0405,2025-03-01,129,13,17,3,8.5,4.0,8
C0405,2025-04-01,120,13,17,3,11.0,4.6,8
C0405,2025-05-01,148,13,17,0,0.0,,8
C0405,2025-06-01,124,13,17,3,9.4,4.1,8
C0405,2025-07-01,149,14,17,1,7.5,4.2,9
C0405,2025-08-01,153,15,17,2,8.6,,9
C0406,2024-09-01,459,45,54,11,11.2,4.3,8
C0406,2024-10-01,408,40,54,17,12.8,4.4,8
C0406,2024-11-01,438,43,54,9,10.2,,8
C0406,2024-12-01,438,43,54,11,12.2,4.0,8
C0406,2025-01-01,418,41,54,5,19.6,,8
C0406,2025-02-01,449,44,54,10,8.7,4.4,8
C0406,2025-03-01,428,42,54,8,6.0,,8
C0406,2025-04-01,469,46,54,14,11.5,4.1,8
C0406,2025-05-01,459,45,54,7,16.3,4.3,8
C0406,2025-06-01,65,16,54,29,19.7,3.1,4
C0406,2025-07-01,9,6,54,19,30.4,2.2,2
C0406,2025-08-01,1,1,54,12,15.5,1.9,1
C0407,2024-09-01,94,10,14,1,17.8,4.5,7
C0407,2024-10-01,102,10,14,2,9.4,4.1,7
C0407,2024-11-01,99,10,14,0,0.0,,8
C0407,2024-12-01,88,9,14,2,15.0,3.7,8
C0407,2025-01-01,101,10,14,1,5.5,4.8,8
C0407,2025-02-01,105,10,14,0,0.0,,8
C0407,2025-03-01,98,10,14,2,7.6,,8
C0407,2025-04-01,95,10,14,1,6.1,4.4,8
C0407,2025-05-01,99,10,14,3,3.8,4.6,8
C0407,2025-06-01,94,10,14,1,5.9,4.4,9
C0407,2025-07-01,109,11,14,1,25.4,4.4,9
C0407,2025-08-01,99,10,14,2,18.9,4.1,9
C0408,2024-09-01,1304,102,143,12,9.5,4.3,7
C0408,2024-10-01,1307,105,143,16,14.9,4.4,7
C0408,2024-11-01,1343,102,143,20,15.1,4.5,8
C0408,2024-12-01,1244,101,143,20,9.4,4.8,8
C0408,2025-01-01,1287,107,143,19,17.6,4.5,8
C0408,2025-02-01,1147,111,143,18,9.7,4.3,8
C0408,2025-03-01,1171,95,143,23,5.5,3.8,8
C0408,2025-04-01,1283,103,143,17,9.8,4.1,9
C0408,2025-05-01,1299,101,143,11,9.4,4.9,8
C0408,2025-06-01,1134,99,143,4,5.9,4.3,9
C0408,2025-07-01,1128,94,143,14,21.4,4.6,8
C0408,2025-08-01,1143,105,143,12,13.7,4.2,9
C0409,2024-09-01,156,13,16,1,26.5,4.2,8
C0409,2024-10-01,156,13,16,2,11.8,5.1,8
C0409,2024-11-01,144,12,16,0,0.0,,8
C0409,2024-12-01,156,13,16,0,0.0,,8
C0409,2025-01-01,156,13,16,2,10.5,4.2,8
C0409,2025-02-01,51,7,16,3,14.3,3.4,5
C0409,2025-03-01,30,5,16,3,25.9,2.9,4
C0409,2025-04-01,43,6,16,1,18.2,,4
C0409,2025-05-01,108,9,16,3,6.4,3.9,8
C0409,2025-06-01,132,11,16,0,0.0,,7
C0409,2025-07-01,144,12,16,1,22.2,,8
C0409,2025-08-01,156,13,16,1,4.6,4.6,8
C0410,2024-09-01,1029,90,112,17,8.7,4.5,7
C0410,2024-10-01,1001,82,112,15,8.1,4.2,7
C0410,2024-11-01,897,80,112,19,11.0,4.5,8
C0410,2024-12-01,984,84,112,20,9.4,3.9,7
C0410,2025-01-01,1062,89,112,10,9.7,4.6,8
C0410,2025-02-01,1029,87,112,10,7.8,4.6,8
C0410,2025-03-01,1049,89,112,27,4.4,4.8,8
C0410,2025-04-01,949,89,112,9,16.4,4.3,8
C0410,2025-05-01,1056,90,112,8,4.9,4.6,8
C0410,2025-06-01,925,84,112,15,5.8,4.6,9
C0410,2025-07-01,885,85,112,12,5.7,4.1,8
C0410,2025-08-01,962,85,112,8,12.3,4.0,9
C0411,2024-09-01,102,7,9,2,6.4,4.5,8
C0411,2024-10-01,102,7,9,1,6.4,4.3,8
C0411,2024-11-01,102,7,9,1,17.8,4.5,8
C0411,2024-12-01,102,7,9,8,4.9,,8
C0411,2025-01-01,102,7,9,1,12.0,4.3,8
C0411,2025-02-01,102,7,9,1,22.2,,8
C0411,2025-03-01,82,7,9,6,10.6,4.2,8
C0411,2025-04-01,82,7,9,3,6.1,3.9,8
C0411,2025-05-01,70,6,9,3,19.4,,8
C0411,2025-06-01,70,6,9,3,25.0,3.0,8
C0411,2025-07-01,59,5,9,8,26.4,2.7,8
C0411,2025-08-01,47,4,9,6,46.7,2.6,8
C0412,2024-09-01,1151,90,118,26,12.1,4.1,7
C0412,2024-10-01,1178,90,118,17,15.4,4.9,8
C0412,2024-11-01,1217,90,118,19,11.8,4.6,7
C0412,2024-12-01,1192,88,118,13,6.8,4.6,7
C0412,2025-01-01,1242,87,118,17,7.1,,8
C0412,2025-02-01,1325,94,118,16,6.2,,8
C0412,2025-03-01,1240,89,118,20,14.2,4.7,8
C0412,2025-04-01,1076,87,118,25,8.6,4.3,8
C0412,2025-05-01,1118,90,118,24,10.3,4.2,8
C0412,2025-06-01,1134,93,118,21,14.2,4.6,9
C0412,2025-07-01,1250,94,118,12,14.8,4.4,9
C0412,2025-08-01,1083,86,118,20,19.6,4.6,9
C0413,2024-09-01,102,8,11,4,6.8,4.6,7
C0413,2024-10-01,92,7,11,1,5.9,,7
C0413,2024-11-01,102,8,11,1,11.7,4.4,7
C0413,2024-12-01,114,9,11,3,7.5,4.4,8
C0413,2025-01-01,120,8,11,1,13.2,,8
C0413,2025-02-01,101,8,11,3,18.0,4.2,8
C0413,2025-03-01,98,8,11,1,8.4,4.7,8
C0413,2025-04-01,101,8,11,2,6.4,4.6,8
C0413,2025-05-01,107,8,11,1,22.9,4.6,8
C0413,2025-06-01,115,9,11,4,15.4,4.9,8
C0413,2025-07-01,122,9,11,0,0.0,,9
C0413,2025-08-01,114,9,11,0,0.0,,9
C0414,2024-09-01,1416,96,129,13,6.3,4.5,7
C0414,2024-10-01,1374,95,129,5,13.3,4.0,8
C0414,2024-11-01,1303,97,129,19,10.6,4.2,7
C0414,2024-12-01,1346,95,129,15,7.6,,7
C0414,2025-01-01,1321,87,129,16,14.8,4.5,8
C0414,2025-02-01,1433,95,129,4,9.4,4.6,8
C0414,2025-03-01,1483,95,129,4,14.1,4.4,8
C0414,2025-04-01,1274,90,129,11,10.4,4.4,9
C0414,2025-05-01,1450,94,129,10,5.8,4.2,8
C0414,2025-06-01,1275,86,129,12,12.0,4.3,9
C0414,2025-07-01,1441,94,129,15,3.3,4.7,9
C0414,2025-08-01,1461,96,129,14,4.4,3.8,9
C0415,2024-09-01,393,32,38,4,6.5,4.3,8
C0415,2024-10-01,393,32,38,5,14.9,4.2,8
C0415,2024-11-01,356,29,38,6,6.8,4.2,8
C0415,2024-12-01,356,29,38,5,8.7,4.5,8
C0415,2025-01-01,369,30,38,2,12.6,4.3,8
C0415,2025-02-01,381,31,38,3,7.4,4.4,8
C0415,2025-03-01,369,30,38,6,9.6,4.3,8
C0415,2025-04-01,381,31,38,6,19.5,4.3,8
C0415,2025-05-01,369,30,38,4,4.7,4.2,8
C0415,2025-06-01,54,11,38,12,20.3,3.0,4
C0415,2025-07-01,9,5,38,6,16.8,2.2,2
C0415,2025-08-01,1,1,38,2,11.0,2.0,1
C0416,2024-09-01,1178,104,142,32,4.8,4.0,7
C0416,2024-10-01,1232,98,142,34,12.3,3.7,7
C0416,2024-11-01,1189,100,142,27,7.6,4.4,8
C0416,2024-12-01,1232,105,142,31,8.9,4.6,7
C0416,2025-01-01,1218,105,142,28,11.0,4.2,8
C0416,2025-02-01,1318,106,142,24,9.3,4.7,8
C0416,2025-03-01,1286,99,142,21,7.2,4.4,8
C0416,2025-04-01,1382,105,142,37,15.3,4.3,8
C0416,2025-05-01,1357,100,142,22,8.1,,8
C0416,2025-06-01,1447,107,142,29,7.5,,9
C0416,2025-07-01,1265,106,142,35,12.4,4.8,8
C0416,2025-08-01,1174,96,142,28,5.6,4.7,9
C0417,2024-09-01,374,37,51,5,6.0,,7
C0417,2024-10-01,305,35,51,12,6.5,4.3,7
C0417,2024-11-01,318,36,51,4,13.7,4.7,8
C0417,2024-12-01,358,38,51,6,13.3,4.2,8
C0417,2025-01-01,339,37,51,6,18.5,4.7,8
C0417,2025-02-01,305,35,51,8,13.7,4.2,8
C0417,2025-03-01,330,35,51,6,9.0,3.7,8
C0417,2025-04-01,331,37,51,6,11.1,4.7,8
C0417,2025-05-01,351,37,51,7,7.4,4.4,8
C0417,2025-06-01,290,35,51,5,7.3,3.9,8
C0417,2025-07-01,326,36,51,6,11.9,4.6,9
C0417,2025-08-01,335,36,51,4,7.5,3.9,9
C0418,2024-09-01,141,20,28,4,8.0,4.1,7
C0418,2024-10-01,141,20,28,7,7.2,4.3,7
C0418,2024-11-01,148,21,28,4,9.1,4.3,8
C0418,2024-12-01,148,21,28,5,12.4,4.2,7
C0418,2025-01-01,148,21,28,6,5.5,4.3,7
C0418,2025-02-01,65,15,28,10,11.2,3.9,6
C0418,2025-03-01,27,7,28,4,15.7,3.6,5
C0418,2025-04-01,12,3,28,6,38.7,3.3,4
C0418,2025-05-01,4,1,28,2,25.4,,4
C0418,2025-06-01,0,0,28,9,15.5,3.3,2
C0418,2025-07-01,0,0,28,19,17.9,,2
C0418,2025-08-01,0,0,28,6,13.1,2.6,1
C0419,2024-09-01,130,16,24,3,7.3,4.6,7
C0419,2024-10-01,127,17,24,3,9.6,4.5,7
C0419,2024-11-01,134,18,24,9,9.2,4.3,8
C0419,2024-12-01,138,18,24,3,8.9,4.1,8
C0419,2025-01-01,171,18,24,5,27.0,4.7,8
C0419,2025-02-01,149,19,24,3,15.2,4.3,8
C0419,2025-03-01,149,19,24,2,7.4,4.1,8
C0419,2025-04-01,151,19,24,1,14.0,4.6,9
C0419,2025-05-01,132,19,24,6,12.3,4.1,8
C0419,2025-06-01,156,19,24,2,5.4,4.5,9
C0419,2025-07-01,154,19,24,6,8.8,4.2,8
C0419,2025-08-01,139,20,24,4,13.3,4.3,9
C0420,2024-09-01,316,30,44,5,10.2,4.0,8
C0420,2024-10-01,372,32,44,8,5.7,4.4,7
C0420,2024-11-01,342,32,44,4,11.7,,8
C0420,2024-12-01,329,32,44,6,9.0,4.2,8
C0420,2025-01-01,340,35,44,3,14.9,4.2,8
C0420,2025-02-01,369,34,44,4,13.7,4.6,8
C0420,2025-03-01,324,33,44,14,7.2,4.6,9
C0420,2025-04-01,404,34,44,7,6.7,4.1,8
C0420,2025-05-01,327,33,44,3,12.2,4.3,9
C0420,2025-06-01,363,34,44,7,19.8,4.3,9
C0420,2025-07-01,396,37,44,4,7.7,4.8,9
C0420,2025-08-01,431,39,44,13,12.3,4.6,9
C0421,2024-09-01,73,9,12,1,11.3,4.2,8
C0421,2024-10-01,70,9,12,1,7.7,4.4,7
C0421,2024-11-01,67,9,12,2,10.4,4.0,7
C0421,2024-12-01,57,8,12,2,15.0,3.9,6
C0421,2025-01-01,48,7,12,3,10.5,4.1,6
C0421,2025-02-01,45,7,12,2,3.3,3.8,5
C0421,2025-03-01,37,6,12,1,10.2,3.5,5
C0421,2025-04-01,35,6,12,4,8.1,,4
C0421,2025-05-01,27,5,12,1,10.0,3.4,4
C0421,2025-06-01,26,5,12,0,0.0,,3
C0421,2025-07-01,19,4,12,1,16.9,3.4,3
C0421,2025-08-01,13,3,12,1,23.8,2.8,2
C0422,2024-09-01,396,32,47,8,10.2,4.0,7
C0422,2024-10-01,395,34,47,10,30.0,4.4,7
C0422,2024-11-01,441,33,47,10,15.1,4.5,7
C0422,2024-12-01,441,34,47,10,12.0,4.6,8
C0422,2025-01-01,435,32,47,7,12.7,4.6,8
C0422,2025-02-01,440,37,47,8,9.6,4.4,8
C0422,2025-03-01,512,37,47,9,15.3,4.7,8
C0422,2025-04-01,437,35,47,13,13.2,4.2,8
C0422,2025-05-01,415,34,47,2,14.0,4.6,9
C0422,2025-06-01,477,36,47,5,9.9,4.5,8
C0422,2025-07-01,451,39,47,4,8.2,,9
C0422,2025-08-01,481,39,47,9,7.5,4.7,9
C0423,2024-09-01,133,12,17,0,0.0,,7
C0423,2024-10-01,149,12,17,4,39.3,,7
C0423,2024-11-01,142,12,17,3,6.6,,7
C0423,2024-12-01,157,13,17,3,9.8,4.5,8
C0423,2025-01-01,144,13,17,2,7.7,4.4,8
C0423,2025-02-01,149,13,17,2,7.2,4.5,8
C0423,2025-03-01,139,12,17,5,14.5,4.7,8
C0423,2025-04-01,153,13,17,5,21.8,4.8,8
C0423,2025-05-01,185,14,17,1,16.3,4.6,8
C0423,2025-06-01,164,14,17,2,15.5,4.5,8
C0423,2025-07-01,161,13,17,2,21.2,4.3,9
C0423,2025-08-01,172,13,17,1,6.0,4.8,9
C0424,2024-09-01,338,25,39,6,13.5,4.3,7
C0424,2024-10-01,396,30,39,5,17.2,5.0,7
C0424,2024-11-01,373,27,39,9,10.0,4.8,7
C0424,2024-12-01,411,28,39,6,12.3,4.6,8
C0424,2025-01-01,380,28,39,5,6.9,3.8,8
C0424,2025-02-01,380,27,39,8,7.8,4.3,8
C0424,2025-03-01,400,28,39,6,11.1,,8
C0424,2025-04-01,438,28,39,5,14.3,,8
C0424,2025-05-01,410,28,39,4,7.3,,8
C0424,2025-06-01,407,31,39,3,10.6,4.1,8
C0424,2025-07-01,349,29,39,8,10.9,4.4,9
C0424,2025-08-01,392,28,39,9,4.0,4.3,9
C0425,2024-09-01,605,73,98,10,13.6,4.6,7
C0425,2024-10-01,515,73,98,14,5.3,4.1,8
C0425,2024-11-01,467,68,98,10,9.9,4.1,7
C0425,2024-12-01,536,72,98,15,11.3,4.2,8
C0425,2025-01-01,501,73,98,15,7.6,4.5,8
C0425,2025-02-01,541,72,98,10,8.5,,8
C0425,2025-03-01,568,72,98,5,11.6,4.4,8
C0425,2025-04-01,520,76,98,7,3.7,,8
C0425,2025-05-01,531,74,98,12,7.5,4.5,8
C0425,2025-06-01,599,80,98,16,16.2,4.7,8
C0425,2025-07-01,494,73,98,19,15.2,4.7,8
C0425,2025-08-01,525,76,98,13,6.2,4.5,8
C0426,2024-09-01,137,11,17,3,4.6,4.5,7
C0426,2024-10-01,158,12,17,6,5.1,4.5,8
C0426,2024-11-01,175,13,17,2,8.4,4.3,8
C0426,2024-12-01,153,12,17,2,6.8,3.5,8
C0426,2025-01-01,176,13,17,0,0.0,,7
C0426,2025-02-01,134,11,17,1,6.2,4.5,8
C0426,2025-03-01,163,13,17,7,10.3,,8
C0426,2025-04-01,177,13,17,5,17.6,4.4,8
C0426,2025-05-01,166,13,17,2,8.0,4.2,8
C0426,2025-06-01,202,14,17,6,15.5,4.4,9
C0426,2025-07-01,186,14,17,5,8.4,4.4,9
C0426,2025-08-01,158,13,17,3,7.8,3.9,9
C0427,2024-09-01,395,26,35,7,9.0,4.7,7
C0427,2024-10-01,307,23,35,7,9.3,4.2,7
C0427,2024-11-01,376,26,35,10,5.4,,8
C0427,2024-12-01,397,27,35,5,15.4,4.0,8
C0427,2025-01-01,403,27,35,4,14.0,4.3,8
C0427,2025-02-01,337,26,35,14,9.1,4.7,8
C0427,2025-03-01,389,26,35,12,10.8,4.6,8
C0427,2025-04-01,380,27,35,11,7.6,4.1,8
C0427,2025-05-01,389,28,35,9,8.2,4.6,9
C0427,2025-06-01,367,28,35,6,15.9,4.9,9
C0427,2025-07-01,459,28,35,7,4.3,4.4,9
C0427,2025-08-01,416,29,35,8,11.4,4.2,9
C0428,2024-09-01,191,16,22,1,13.6,5.2,7
C0428,2024-10-01,162,16,22,2,12.7,4.1,8
C0428,2024-11-01,219,16,22,0,0.0,,7
C0428,2024-12-01,161,15,22,3,9.1,4.3,8
C0428,2025-01-01,204,16,22,3,4.8,4.6,7
C0428,2025-02-01,167,15,22,5,6.1,4.9,8
C0428,2025-03-01,159,15,22,3,5.9,5.0,8
C0428,2025-04-01,189,17,22,2,11.4,4.3,8
C0428,2025-05-01,165,15,22,2,6.8,3.8,9
C0428,2025-06-01,177,16,22,5,23.7,4.3,8
C0428,2025-07-01,172,15,22,1,3.5,4.2,9
C0428,2025-08-01,188,16,22,3,8.8,4.0,9
C0429,2024-09-01,46,5,7,1,10.4,4.8,7
C0429,2024-10-01,48,5,7,2,3.1,4.5,7
C0429,2024-11-01,43,5,7,3,9.6,4.3,7
C0429,2024-12-01,44,5,7,1,21.3,4.5,8
C0429,2025-01-01,47,5,7,0,0.0,,8
C0429,2025-02-01,47,5,7,1,8.6,4.5,8
C0429,2025-03-01,48,5,7,2,7.0,,8
C0429,2025-04-01,53,5,7,1,12.0,,8
C0429,2025-05-01,42,5,7,2,9.9,4.3,8
C0429,2025-06-01,50,5,7,1,7.4,4.3,8
C0429,2025-07-01,49,5,7,1,9.9,3.9,8
C0429,2025-08-01,46,5,7,2,9.3,3.7,9
C0430,2024-09-01,347,22,30,2,6.7,,7
C0430,2024-10-01,325,21,30,2,11.5,4.9,7
C0430,2024-11-01,351,22,30,5,8.0,4.5,7
C0430,2024-12-01,325,21,30,5,14.9,3.9,8
C0430,2025-01-01,341,22,30,3,9.7,5.1,8
C0430,2025-02-01,325,21,30,2,19.8,,8
C0430,2025-03-01,326,22,30,2,7.3,4.6,8
C0430,2025-04-01,335,21,30,2,7.7,4.2,8
C0430,2025-05-01,343,22,30,2,4.2,4.0,9
C0430,2025-06-01,284,22,30,2,11.0,4.7,8
C0430,2025-07-01,299,19,30,2,6.3,4.0,9
C0430,2025-08-01,314,22,30,7,5.6,5.0,9
C0431,2024-09-01,281,19,26,3,9.5,4.9,7
C0431,2024-10-01,227,18,26,3,14.3,4.2,7
C0431,2024-11-01,258,18,26,4,11.8,4.4,8
C0431,2024-12-01,247,20,26,6,12.3,4.5,8
C0431,2025-01-01,255,18,26,5,6.6,,8
C0431,2025-02-01,262,19,26,2,17.1,4.5,8
C0431,2025-03-01,271,20,26,5,4.9,4.4,8
C0431,2025-04-01,253,19,26,4,16.8,4.4,8
C0431,2025-05-01,295,20,26,4,12.3,4.3,8
C0431,2025-06-01,267,20,26,5,18.7,4.7,8
C0431,2025-07-01,283,19,26,4,7.0,4.3,9
C0431,2025-08-01,289,21,26,2,5.4,4.5,9
C0432,2024-09-01,43,4,5,0,0.0,,8
C0432,2024-10-01,42,4,5,0,0.0,,7
C0432,2024-11-01,47,4,5,0,0.0,,8
C0432,2024-12-01,45,4,5,1,8.2,4.6,8
C0432,2025-01-01,34,3,5,2,6.4,4.3,7
C0432,2025-02-01,44,4,5,1,7.4,4.3,8
C0432,2025-03-01,43,4,5,0,0.0,,8
C0432,2025-04-01,45,4,5,1,8.4,4.1,9
C0432,2025-05-01,43,4,5,0,0.0,,8
C0432,2025-06-01,46,4,5,0,0.0,,9
C0432,2025-07-01,40,4,5,1,5.7,4.4,9
C0432,2025-08-01,46,4,5,1,12.6,4.8,8
C0433,2024-09-01,279,29,38,6,10.0,4.2,7
C0433,2024-10-01,251,29,38,4,13.0,3.7,7
C0433,2024-11-01,279,27,38,9,12.2,4.4,7
C0433,2024-12-01,252,26,38,3,7.2,,8
C0433,2025-01-01,310,30,38,3,6.9,4.6,8
C0433,2025-02-01,319,31,38,1,12.8,4.7,8
C0433,2025-03-01,294,32,38,3,14.9,4.4,8
C0433,2025-04-01,266,28,38,3,11.8,4.3,8
C0433,2025-05-01,271,31,38,5,9.8,4.5,8
C0433,2025-06-01,311,30,38,4,6.9,5.1,9
C0433,2025-07-01,276,28,38,11,12.4,4.3,9
C0433,2025-08-01,293,30,38,8,11.4,4.2,9
C0434,2024-09-01,176,13,17,2,7.3,,7
C0434,2024-10-01,162,12,17,3,14.2,,8
C0434,2024-11-01,171,13,17,3,7.0,4.4,7
C0434,2024-12-01,162,12,17,3,10.5,4.8,8
C0434,2025-01-01,169,13,17,1,6.9,,8
C0434,2025-02-01,188,13,17,0,0.0,,8
C0434,2025-03-01,176,13,17,2,13.3,4.5,8
C0434,2025-04-01,169,13,17,3,6.5,4.3,8
C0434,2025-05-01,192,14,17,2,14.3,,8
C0434,2025-06-01,165,13,17,2,7.2,4.3,8
C0434,2025-07-01,184,14,17,2,14.0,4.2,9
C0434,2025-08-01,210,14,17,3,10.0,4.7,9
C0435,2024-09-01,143,20,28,4,7.7,,7
C0435,2024-10-01,172,20,28,5,7.5,4.5,7
C0435,2024-11-01,186,21,28,1,18.0,4.2,7
C0435,2024-12-01,179,21,28,6,10.4,4.4,8
C0435,2025-01-01,161,21,28,3,6.7,4.4,7
C0435,2025-02-01,153,20,28,4,10.7,4.3,8
C0435,2025-03-01,152,18,28,4,8.3,4.6,8
C0435,2025-04-01,173,22,28,5,5.9,3.9,8
C0435,2025-05-01,154,20,28,1,5.8,4.5,9
C0435,2025-06-01,153,20,28,5,5.9,4.6,9
C0435,2025-07-01,189,21,28,3,15.6,,8
C0435,2025-08-01,150,19,28,3,8.4,3.7,9
C0436,2024-09-01,92,9,11,0,0.0,,7
C0436,2024-10-01,78,8,11,1,5.0,4.7,7
C0436,2024-11-01,89,8,11,1,13.1,4.9,7
C0436,2024-12-01,84,8,11,1,10.7,4.3,8
C0436,2025-01-01,76,8,11,1,14.1,4.8,8
C0436,2025-02-01,84,8,11,0,0.0,,8
C0436,2025-03-01,89,8,11,0,0.0,,8
C0436,2025-04-01,88,9,11,0,0.0,,8
C0436,2025-05-01,89,8,11,0,0.0,,8
C0436,2025-06-01,73,7,11,2,10.7,,9
C0436,2025-07-01,83,8,11,1,7.8,4.4,8
C0436,2025-08-01,88,8,11,0,0.0,,9
C0437,2024-09-01,542,36,47,7,14.2,,7
C0437,2024-10-01,469,35,47,3,11.0,4.3,8
C0437,2024-11-01,456,34,47,5,16.7,4.5,7
C0437,2024-12-01,428,35,47,5,6.0,4.1,8
C0437,2025-01-01,495,36,47,11,10.6,4.4,8
C0437,2025-02-01,463,36,47,5,15.5,4.5,8
C0437,2025-03-01,537,37,47,6,7.7,4.7,8
C0437,2025-04-01,494,36,47,9,13.9,4.6,8
C0437,2025-05-01,470,35,47,5,7.9,4.3,9
C0437,2025-06-01,442,36,47,9,11.6,,9
C0437,2025-07-01,464,35,47,9,9.7,4.1,9
C0437,2025-08-01,474,36,47,6,4.0,4.7,9
C0438,2024-09-01,58,8,12,2,9.2,4.4,7
C0438,2024-10-01,63,9,12,2,26.4,4.1,8
C0438,2024-11-01,71,10,12,2,13.8,4.6,7
C0438,2024-12-01,66,9,12,3,19.2,4.4,8
C0438,2025-01-01,68,10,12,5,5.3,4.4,8
C0438,2025-02-01,67,9,12,3,8.1,4.0,8
C0438,2025-03-01,72,9,12,1,12.4,4.4,8
C0438,2025-04-01,66,9,12,4,19.9,,8
C0438,2025-05-01,60,9,12,1,17.2,4.2,8
C0438,2025-06-01,70,9,12,1,15.7,4.5,8
C0438,2025-07-01,71,9,12,1,10.3,4.6,8
C0438,2025-08-01,79,10,12,1,19.7,4.3,9
C0439,2024-09-01,169,14,17,3,18.1,4.3,8
C0439,2024-10-01,151,13,17,7,4.2,4.1,7
C0439,2024-11-01,133,12,17,3,17.5,4.0,7
C0439,2024-12-01,117,11,17,4,10.8,4.2,6
C0439,2025-01-01,101,10,17,1,5.5,3.9,6
C0439,2025-02-01,96,10,17,5,10.4,3.6,5
C0439,2025-03-01,73,8,17,2,16.3,3.6,5
C0439,2025-04-01,69,8,17,2,14.2,3.5,4
C0439,2025-05-01,57,7,17,1,31.9,3.3,4
C0439,2025-06-01,46,6,17,4,14.1,3.4,3
C0439,2025-07-01,36,5,17,1,8.8,3.4,3
C0439,2025-08-01,27,4,17,3,8.5,3.0,2
C0440,2024-09-01,123,9,13,3,8.1,4.0,7
C0440,2024-10-01,121,10,13,2,9.2,4.1,8
C0440,2024-11-01,129,9,13,3,6.2,4.0,8
C0440,2024-12-01,120,9,13,2,9.1,4.2,8
C0440,2025-01-01,128,10,13,2,19.9,4.7,8
C0440,2025-02-01,135,10,13,2,6.8,4.2,8
C0440,2025-03-01,127,10,13,4,7.7,4.3,8
C0440,2025-04-01,133,10,13,3,11.8,4.7,8
C0440,2025-05-01,133,10,13,3,20.0,4.3,8
C0440,2025-06-01,142,10,13,3,11.2,5.0,9
C0440,2025-07-01,121,9,13,0,0.0,,9
C0440,2025-08-01,136,11,13,2,10.5,4.3,9
C0441,2024-09-01,68,5,7,2,18.2,4.6,7
C0441,2024-10-01,65,5,7,2,5.4,4.5,7
C0441,2024-11-01,72,5,7,1,9.6,4.5,7
C0441,2024-12-01,65,5,7,0,0.0,,8
C0441,2025-01-01,77,5,7,2,18.1,4.1,8
C0441,2025-02-01,64,5,7,2,14.8,4.4,8
C0441,2025-03-01,68,5,7,0,0.0,,8
C0441,2025-04-01,78,5,7,1,8.5,4.8,8
C0441,2025-05-01,68,5,7,0,0.0,,8
C0441,2025-06-01,71,5,7,1,10.1,4.1,8
C0441,2025-07-01,69,5,7,3,7.0,4.0,8
C0441,2025-08-01,70,5,7,0,0.0,,9
C0442,2024-09-01,372,33,43,6,8.2,4.5,7
C0442,2024-10-01,372,32,43,10,7.1,4.4,7
C0442,2024-11-01,401,33,43,6,11.4,4.6,7
C0442,2024-12-01,364,32,43,4,10.2,4.3,8
C0442,2025-01-01,357,31,43,5,8.9,4.4,8
C0442,2025-02-01,389,32,43,5,13.2,4.4,8
C0442,2025-03-01,335,31,43,2,18.1,4.5,8
C0442,2025-04-01,348,33,43,6,5.6,4.5,8
C0442,2025-05-01,383,33,43,2,6.1,4.3,8
C0442,2025-06-01,352,34,43,3,10.2,4.2,9
C0442,2025-07-01,361,34,43,2,13.2,4.2,9
C0442,2025-08-01,426,35,43,0,0.0,,9
C0443,2024-09-01,449,43,53,8,7.9,4.2,8
C0443,2024-10-01,449,43,53,5,17.9,,8
C0443,2024-11-01,428,41,53,6,13.4,4.3,8
C0443,2024-12-01,428,41,53,11,10.7,4.3,8
C0443,2025-01-01,439,42,53,6,5.2,4.3,8
C0443,2025-02-01,418,40,53,7,4.7,4.4,8
C0443,2025-03-01,343,41,53,8,16.3,4.1,8
C0443,2025-04-01,317,38,53,19,12.8,3.7,8
C0443,2025-05-01,292,35,53,15,15.8,3.5,8
C0443,2025-06-01,267,32,53,12,13.7,,8
C0443,2025-07-01,242,29,53,11,22.8,2.7,8
C0443,2025-08-01,217,26,53,17,58.3,2.5,8
C0444,2024-09-01,90,11,16,0,0.0,,7
C0444,2024-10-01,90,11,16,1,8.8,4.7,7
C0444,2024-11-01,95,13,16,0,0.0,,8
C0444,2024-12-01,85,11,16,1,9.5,4.8,8
C0444,2025-01-01,91,11,16,0,0.0,,8
C0444,2025-02-01,92,11,16,1,15.5,3.8,8
C0444,2025-03-01,97,12,16,3,10.3,4.7,8
C0444,2025-04-01,78,10,16,2,16.9,3.9,8
C0444,2025-05-01,95,12,16,3,12.3,,8
C0444,2025-06-01,76,10,16,4,10.6,4.9,9
C0444,2025-07-01,95,12,16,1,17.7,4.2,9
C0444,2025-08-01,92,11,16,1,9.0,4.8,9
C0445,2024-09-01,246,26,39,5,11.0,4.7,8
C0445,2024-10-01,270,28,39,3,6.4,4.9,8
C0445,2024-11-01,302,28,39,7,28.2,4.4,7
C0445,2024-12-01,265,29,39,9,10.2,4.1,8
C0445,2025-01-01,267,27,39,4,9.5,4.5,8
C0445,2025-02-01,262,29,39,2,6.6,4.4,8
C0445,2025-03-01,307,30,39,2,10.4,4.7,8
C0445,2025-04-01,300,29,39,5,6.5,4.4,8
C0445,2025-05-01,276,30,39,5,8.4,4.2,8
C0445,2025-06-01,279,30,39,4,12.8,4.5,8
C0445,2025-07-01,272,27,39,4,5.7,4.3,8
C0445,2025-08-01,276,29,39,6,12.5,4.5,9
C0446,2024-09-01,32,4,5,0,0.0,,8
C0446,2024-10-01,32,4,5,1,7.6,4.1,8
C0446,2024-11-01,32,4,5,1,6.0,4.3,8
C0446,2024-12-01,32,4,5,1,16.3,4.3,8
C0446,2025-01-01,32,4,5,0,0.0,,8
C0446,2025-02-01,32,4,5,0,0.0,,8
C0446,2025-03-01,32,4,5,1,27.2,4.1,8
C0446,2025-04-01,32,4,5,0,0.0,,8
C0446,2025-05-01,32,4,5,0,0.0,,8
C0446,2025-06-01,6,2,5,2,21.4,3.1,4
C0446,2025-07-01,1,1,5,4,70.6,2.6,2
C0446,2025-08-01,0,0,5,0,0.0,,1
C0447,2024-09-01,78,11,15,0,0.0,,7
C0447,2024-10-01,81,11,15,3,8.5,,8
C0447,2024-11-01,81,11,15,4,5.5,4.4,8
C0447,2024-12-01,75,10,15,5,14.8,4.1,8
C0447,2025-01-01,75,11,15,3,8.4,,8
C0447,2025-02-01,73,10,15,2,8.9,4.5,8
C0447,2025-03-01,89,11,15,5,2.8,5.2,8
C0447,2025-04-01,86,11,15,0,0.0,,8
C0447,2025-05-01,82,11,15,5,13.1,,8
C0447,2025-06-01,78,11,15,2,18.2,4.2,8
C0447,2025-07-01,84,11,15,3,18.2,4.4,9
C0447,2025-08-01,89,11,15,2,14.2,4.5,9
C0448,2024-09-01,1291,88,127,10,15.9,4.6,7
C0448,2024-10-01,1370,91,127,13,10.0,4.5,8
C0448,2024-11-01,1317,92,127,10,6.7,4.7,7
C0448,2024-12-01,1316,93,127,13,5.8,4.2,8
C0448,2025-01-01,1288,93,127,10,15.5,,8
C0448,2025-02-01,1225,92,127,13,9.5,4.6,8
C0448,2025-03-01,1302,91,127,13,6.1,3.9,8
C0448,2025-04-01,1463,95,127,15,13.3,4.5,8
C0448,2025-05-01,1342,91,127,17,5.8,4.4,8
C0448,2025-06-01,1419,95,127,10,20.9,4.5,8
C0448,2025-07-01,1383,95,127,10,8.9,4.8,9
C0448,2025-08-01,1615,97,127,9,15.8,4.5,9
C0449,2024-09-01,577,40,58,11,15.7,4.5,7
C0449,2024-10-01,731,45,58,13,8.1,4.4,7
C0449,2024-11-01,558,41,58,13,13.6,4.4,7
C0449,2024-12-01,682,44,58,10,10.3,,8
C0449,2025-01-01,656,41,58,11,16.0,,8
C0449,2025-02-01,635,44,58,12,8.5,5.0,8
C0449,2025-03-01,696,44,58,11,11.3,4.6,8
C0449,2025-04-01,674,43,58,10,10.8,4.7,9
C0449,2025-05-01,696,49,58,6,13.3,4.5,8
C0449,2025-06-01,619,44,58,6,11.7,4.4,9
C0449,2025-07-01,665,45,58,14,13.3,4.5,8
C0449,2025-08-01,691,46,58,6,9.0,4.3,9
C0450,2024-09-01,71,10,13,1,11.8,4.6,7
C0450,2024-10-01,73,9,13,4,12.7,,7
C0450,2024-11-01,72,9,13,1,13.8,,8
C0450,2024-12-01,68,9,13,0,0.0,,8
C0450,2025-01-01,67,9,13,0,0.0,,8
C0450,2025-02-01,71,9,13,2,15.9,,8
C0450,2025-03-01,75,10,13,2,14.3,3.9,8
C0450,2025-04-01,60,9,13,1,10.6,4.3,8
C0450,2025-05-01,67,9,13,0,0.0,,8
C0450,2025-06-01,67,9,13,0,0.0,,9
C0450,2025-07-01,73,9,13,1,12.3,4.4,9
C0450,2025-08-01,75,10,13,0,0.0,,9
C0451,2024-09-01,294,35,47,6,10.0,4.8,7
C0451,2024-10-01,306,36,47,7,13.1,4.6,7
C0451,2024-11-01,287,34,47,9,8.2,4.6,7
C0451,2024-12-01,273,33,47,8,10.6,4.0,8
C0451,2025-01-01,281,35,47,8,11.3,4.5,8
C0451,2025-02-01,329,36,47,7,11.1,4.9,8
C0451,2025-03-01,272,32,47,8,12.8,4.6,8
C0451,2025-04-01,269,34,47,10,6.2,4.6,8
C0451,2025-05-01,301,35,47,7,8.0,4.0,8
C0451,2025-06-01,300,35,47,6,10.0,4.2,8
C0451,2025-07-01,313,36,47,8,15.8,4.3,9
C0451,2025-08-01,293,35,47,4,6.4,,8
C0452,2024-09-01,173,12,16,2,6.6,4.3,8
C0452,2024-10-01,173,12,16,4,12.9,4.3,8
C0452,2024-11-01,187,13,16,2,13.6,4.2,8
C0452,2024-12-01,187,13,16,2,14.2,4.1,8
C0452,2025-01-01,187,13,16,4,14.6,4.4,8
C0452,2025-02-01,187,13,16,5,10.5,4.7,8
C0452,2025-03-01,173,12,16,4,32.7,4.2,8
C0452,2025-04-01,173,12,16,1,4.7,4.6,8
C0452,2025-05-01,138,12,16,3,10.9,4.2,8
C0452,2025-06-01,127,11,16,9,9.4,3.6,8
C0452,2025-07-01,104,9,16,11,22.5,2.9,8
C0452,2025-08-01,92,8,16,8,30.1,2.2,8
C0453,2024-09-01,112,9,13,3,10.3,4.2,8
C0453,2024-10-01,111,9,13,3,6.9,4.7,7
C0453,2024-11-01,106,9,13,3,13.0,4.1,7
C0453,2024-12-01,117,10,13,1,11.0,4.2,8
C0453,2025-01-01,113,9,13,3,13.0,4.4,8
C0453,2025-02-01,110,9,13,1,15.4,4.6,8
C0453,2025-03-01,119,9,13,5,6.5,4.3,8
C0453,2025-04-01,108,9,13,1,19.6,4.4,9
C0453,2025-05-01,115,10,13,1,8.0,4.5,9
C0453,2025-06-01,100,9,13,4,12.9,5.2,9
C0453,2025-07-01,116,10,13,6,6.3,4.1,9
C0453,2025-08-01,100,9,13,0,0.0,,9
C0454,2024-09-01,251,30,41,7,18.8,4.3,7
C0454,2024-10-01,205,29,41,9,13.7,4.2,7
C0454,2024-11-01,249,30,41,5,11.8,4.8,7
C0454,2024-12-01,225,29,41,16,7.9,4.6,8
C0454,2025-01-01,211,29,41,9,6.9,4.3,8
C0454,2025-02-01,222,31,41,4,14.8,4.4,8
C0454,2025-03-01,201,29,41,9,8.8,5.1,8
C0454,2025-04-01,231,29,41,6,6.6,4.1,9
C0454,2025-05-01,249,29,41,15,5.5,4.9,9
C0454,2025-06-01,232,31,41,11,7.7,4.2,9
C0454,2025-07-01,227,31,41,7,11.4,4.5,9
C0454,2025-08-01,256,31,41,8,10.3,4.4,9
C0455,2024-09-01,345,36,46,4,17.5,,8
C0455,2024-10-01,294,32,46,6,4.7,4.1,7
C0455,2024-11-01,272,31,46,9,6.7,4.0,7
C0455,2024-12-01,252,30,46,6,8.1,4.1,6
C0455,2025-01-01,216,27,46,6,7.7,3.9,6
C0455,2025-02-01,198,26,46,9,12.6,3.7,5
C0455,2025-03-01,173,24,46,14,7.6,3.8,5
C0455,2025-04-01,143,21,46,8,18.5,3.3,4
C0455,2025-05-01,122,19,46,8,25.2,3.5,4
C0455,2025-06-01,115,19,46,10,10.4,,3
C0455,2025-07-01,85,15,46,7,12.8,3.2,3
C0455,2025-08-01,68,13,46,12,8.7,3.1,2
C0456,2024-09-01,171,13,17,2,13.8,4.3,7
C0456,2024-10-01,192,13,17,8,5.8,4.1,7
C0456,2024-11-01,193,13,17,1,19.8,4.4,8
C0456,2024-12-01,200,14,17,2,21.8,4.4,8
C0456,2025-01-01,201,13,17,3,16.0,4.7,7
C0456,2025-02-01,165,13,17,4,4.8,4.4,8
C0456,2025-03-01,177,13,17,2,7.5,4.5,8
C0456,2025-04-01,188,14,17,1,10.2,4.6,8
C0456,2025-05-01,201,14,17,6,6.6,4.1,8
C0456,2025-06-01,165,13,17,3,9.1,4.7,8
C0456,2025-07-01,186,13,17,2,12.3,4.7,9
C0456,2025-08-01,176,14,17,3,16.7,4.6,9
C0457,2024-09-01,114,9,13,2,13.0,4.0,7
C0457,2024-10-01,112,9,13,2,9.7,4.0,7
C0457,2024-11-01,116,9,13,2,8.4,4.4,8
C0457,2024-12-01,125,10,13,2,19.8,4.2,8
C0457,2025-01-01,127,10,13,1,9.8,4.2,7
C0457,2025-02-01,139,10,13,0,0.0,,8
C0457,2025-03-01,124,10,13,0,0.0,,8
C0457,2025-04-01,127,10,13,3,8.1,4.1,8
C0457,2025-05-01,134,11,13,2,6.5,4.1,8
C0457,2025-06-01,136,10,13,0,0.0,,8
C0457,2025-07-01,103,9,13,3,8.1,4.4,9
C0457,2025-08-01,134,11,13,0,0.0,,9
C0458,2024-09-01,57,5,6,1,9.6,4.9,8
C0458,2024-10-01,47,4,6,0,0.0,,7
C0458,2024-11-01,56,5,6,0,0.0,,7
C0458,2024-12-01,57,5,6,1,6.7,4.6,7
C0458,2025-01-01,42,4,6,5,11.9,4.3,8
C0458,2025-02-01,40,4,6,3,7.3,4.3,8
C0458,2025-03-01,52,4,6,1,9.4,4.4,8
C0458,2025-04-01,56,5,6,3,11.2,4.8,8
C0458,2025-05-01,57,5,6,1,12.6,4.5,8
C0458,2025-06-01,58,5,6,1,18.2,4.4,9
C0458,2025-07-01,60,5,6,0,0.0,,9
C0458,2025-08-01,60,5,6,2,13.1,4.1,9
C0459,2024-09-01,96,9,12,0,0.0,,7
C0459,2024-10-01,91,8,12,2,6.7,4.3,7
C0459,2024-11-01,95,9,12,0,0.0,,7
C0459,2024-12-01,85,8,12,1,14.5,,7
C0459,2025-01-01,89,8,12,1,9.9,4.7,8
C0459,2025-02-01,92,9,12,0,0.0,,8
C0459,2025-03-01,90,8,12,4,12.0,4.2,8
C0459,2025-04-01,95,9,12,0,0.0,,8
C0459,2025-05-01,92,9,12,1,11.3,4.0,9
C0459,2025-06-01,87,9,12,1,6.6,4.4,8
C0459,2025-07-01,81,8,12,2,12.3,,9
C0459,2025-08-01,96,9,12,2,12.8,4.4,9
C0460,2024-09-01,130,9,12,3,11.3,4.1,7
C0460,2024-10-01,98,8,12,2,15.4,,7
C0460,2024-11-01,114,8,12,2,28.4,4.3,7
C0460,2024-12-01,133,9,12,3,12.2,4.0,7
C0460,2025-01-01,107,9,12,2,4.2,4.4,8
C0460,2025-02-01,127,10,12,2,24.4,4.0,8
C0460,2025-03-01,130,9,12,4,9.3,4.3,8
C0460,2025-04-01,121,9,12,2,9.5,4.7,8
C0460,2025-05-01,148,10,12,1,7.9,4.8,9
C0460,2025-06-01,144,10,12,3,14.2,4.8,9
C0460,2025-07-01,143,10,12,4,9.1,4.4,8
C0460,2025-08-01,146,10,12,0,0.0,,9
C0461,2024-09-01,685,55,72,12,4.5,4.2,8
C0461,2024-10-01,645,54,72,17,9.3,4.2,7
C0461,2024-11-01,584,51,72,10,6.4,4.3,7
C0461,2024-12-01,525,48,72,16,19.6,3.9,6
C0461,2025-01-01,459,44,72,16,5.6,3.7,6
C0461,2025-02-01,436,44,72,18,9.8,3.8,5
C0461,2025-03-01,376,40,72,15,19.2,3.9,5
C0461,2025-04-01,285,32,72,21,10.1,3.6,4
C0461,2025-05-01,235,28,72,17,14.1,3.4,4
C0461,2025-06-01,228,29,72,22,14.7,3.4,3
C0461,2025-07-01,184,25,72,16,16.2,3.4,3
C0461,2025-08-01,151,22,72,24,6.8,,2
C0462,2024-09-01,1182,101,146,14,8.3,4.9,7
C0462,2024-10-01,1432,106,146,14,10.6,4.2,8
C0462,2024-11-01,1380,105,146,16,4.0,4.7,8
C0462,2024-12-01,1385,101,146,20,6.2,,8
C0462,2025-01-01,1425,111,146,14,20.2,4.3,8
C0462,2025-02-01,1298,110,146,18,10.1,4.4,8
C0462,2025-03-01,1363,110,146,11,7.3,4.5,8
C0462,2025-04-01,1319,106,146,7,6.1,4.3,8
C0462,2025-05-01,1383,112,146,8,8.2,,8
C0462,2025-06-01,1386,109,146,19,8.8,4.0,8
C0462,2025-07-01,1552,113,146,17,12.8,4.4,9
C0462,2025-08-01,1425,118,146,20,4.4,4.2,9
C0463,2024-09-01,71,7,10,0,0.0,,7
C0463,2024-10-01,77,8,10,1,16.2,4.6,7
C0463,2024-11-01,78,7,10,2,18.2,,8
C0463,2024-12-01,79,8,10,0,0.0,,7
C0463,2025-01-01,83,8,10,3,21.3,4.1,8
C0463,2025-02-01,74,7,10,4,5.5,,8
C0463,2025-03-01,69,7,10,1,14.3,4.5,8
C0463,2025-04-01,77,8,10,1,9.8,4.2,8
C0463,2025-05-01,84,8,10,1,4.1,4.7,9
C0463,2025-06-01,73,8,10,0,0.0,,8
C0463,2025-07-01,90,8,10,1,9.1,4.8,9
C0463,2025-08-01,82,8,10,1,7.8,4.6,8
C0464,2024-09-01,79,7,10,0,0.0,,7
C0464,2024-10-01,79,7,10,0,0.0,,7
C0464,2024-11-01,86,8,10,1,9.3,4.3,8
C0464,2024-12-01,86,8,10,1,5.8,4.5,8
C0464,2025-01-01,86,8,10,3,9.4,4.6,8
C0464,2025-02-01,85,8,10,0,0.0,,8
C0464,2025-03-01,93,8,10,2,9.2,4.4,8
C0464,2025-04-01,78,7,10,0,0.0,,8
C0464,2025-05-01,93,8,10,1,12.5,4.3,8
C0464,2025-06-01,82,8,10,2,22.6,3.8,8
C0464,2025-07-01,93,8,10,2,9.2,,9
C0464,2025-08-01,98,9,10,1,17.9,4.0,9
C0465,2024-09-01,196,17,25,1,10.9,4.6,7
C0465,2024-10-01,229,19,25,2,6.9,4.2,7
C0465,2024-11-01,211,18,25,3,15.8,,8
C0465,2024-12-01,214,20,25,8,8.7,4.5,8
C0465,2025-01-01,190,18,25,2,9.2,4.4,8
C0465,2025-02-01,231,19,25,1,18.1,4.8,8
C0465,2025-03-01,216,19,25,3,10.0,3.9,8
C0465,2025-04-01,214,19,25,3,8.5,4.3,9
C0465,2025-05-01,200,18,25,1,7.8,4.8,9
C0465,2025-06-01,218,18,25,3,14.4,4.6,9
C0465,2025-07-01,223,19,25,3,23.9,4.5,9
C0465,2025-08-01,219,20,25,2,17.0,4.4,9
C0466,2024-09-01,104,13,16,3,7.8,4.4,8
C0466,2024-10-01,92,12,16,3,5.4,4.4,7
C0466,2024-11-01,80,11,16,4,5.9,4.2,7
C0466,2024-12-01,70,10,16,3,11.5,4.0,6
C0466,2025-01-01,67,10,16,6,7.7,4.2,6
C0466,2025-02-01,57,9,16,2,5.3,3.9,5
C0466,2025-03-01,54,9,16,3,19.1,3.3,5
C0466,2025-04-01,45,8,16,5,7.5,3.5,4
C0466,2025-05-01,32,6,16,3,7.4,3.5,4
C0466,2025-06-01,30,6,16,4,18.9,3.3,3
C0466,2025-07-01,24,5,16,2,18.3,3.3,3
C0466,2025-08-01,22,5,16,8,7.0,3.2,2
C0467,2024-09-01,42,5,7,0,0.0,,7
C0467,2024-10-01,44,5,7,2,7.8,4.0,8
C0467,2024-11-01,41,5,7,1,16.5,4.6,7
C0467,2024-12-01,47,5,7,1,11.9,4.2,8
C0467,2025-01-01,41,5,7,1,9.5,,8
C0467,2025-02-01,38,5,7,0,0.0,,8
C0467,2025-03-01,42,5,7,1,15.9,4.4,8
C0467,2025-04-01,41,5,7,1,13.1,4.7,8
C0467,2025-05-01,51,5,7,1,14.2,4.5,8
C0467,2025-06-01,41,5,7,0,0.0,,8
C0467,2025-07-01,38,5,7,2,8.1,3.9,9
C0467,2025-08-01,42,5,7,2,16.5,3.9,9
C0468,2024-09-01,423,33,43,7,13.1,4.2,7
C0468,2024-10-01,361,32,43,6,7.7,4.6,7
C0468,2024-11-01,384,32,43,9,6.9,4.1,7
C0468,2024-12-01,367,32,43,3,12.3,4.1,8
C0468,2025-01-01,333,31,43,4,13.3,4.7,8
C0468,2025-02-01,356,30,43,5,11.9,,8
C0468,2025-03-01,344,32,43,4,18.7,4.4,8
C0468,2025-04-01,391,32,43,6,21.2,3.8,8
C0468,2025-05-01,445,36,43,4,7.7,,8
C0468,2025-06-01,419,33,43,6,12.4,4.6,8
C0468,2025-07-01,389,32,43,4,5.2,,9
C0468,2025-08-01,379,33,43,5,16.7,3.9,9
C0469,2024-09-01,576,42,55,7,10.3,4.7,7
C0469,2024-10-01,527,42,55,5,25.9,4.4,8
C0469,2024-11-01,498,39,55,9,6.0,4.4,7
C0469,2024-12-01,561,41,55,3,10.9,,8
C0469,2025-01-01,572,41,55,6,15.2,4.0,8
C0469,2025-02-01,541,38,55,4,8.1,,8
C0469,2025-03-01,559,41,55,5,12.1,,8
C0469,2025-04-01,465,39,55,5,18.7,4.6,8
C0469,2025-05-01,552,44,55,11,10.9,4.0,8
C0469,2025-06-01,570,40,55,13,13.2,4.3,8
C0469,2025-07-01,601,41,55,5,8.8,,9
C0469,2025-08-01,487,37,55,14,11.9,,9
C0470,2024-09-01,591,52,73,14,5.8,4.3,7
C0470,2024-10-01,648,54,73,8,5.0,,7
C0470,2024-11-01,587,51,73,6,11.5,,7
C0470,2024-12-01,606,54,73,16,13.9,4.4,8
C0470,2025-01-01,672,56,73,10,16.7,4.7,8
C0470,2025-02-01,608,55,73,6,4.9,4.5,8
C0470,2025-03-01,675,55,73,12,11.9,,8
C0470,2025-04-01,657,55,73,9,9.6,4.7,8
C0470,2025-05-01,653,56,73,10,7.1,4.2,8
C0470,2025-06-01,632,54,73,5,10.4,4.3,9
C0470,2025-07-01,604,55,73,11,14.0,3.8,9
C0470,2025-08-01,595,54,73,5,3.4,4.4,9
C0471,2024-09-01,99,7,9,0,0.0,,8
C0471,2024-10-01,95,7,9,1,7.2,4.2,7
C0471,2024-11-01,78,6,9,1,11.2,4.1,7
C0471,2024-12-01,74,6,9,0,0.0,,6
C0471,2025-01-01,71,6,9,0,0.0,,6
C0471,2025-02-01,56,5,9,0,0.0,,5
C0471,2025-03-01,53,5,9,1,6.4,,5
C0471,2025-04-01,40,4,9,1,13.8,3.6,4
C0471,2025-05-01,38,4,9,2,9.3,3.5,4
C0471,2025-06-01,27,3,9,1,9.3,3.4,3
C0471,2025-07-01,25,3,9,2,7.9,,3
C0471,2025-08-01,23,3,9,1,6.2,3.0,2
C0472,2024-09-01,351,28,38,8,31.5,4.7,7
C0472,2024-10-01,355,27,38,6,17.9,4.4,7
C0472,2024-11-01,371,28,38,11,7.6,4.2,8
C0472,2024-12-01,395,30,38,6,17.8,4.6,8
C0472,2025-01-01,346,29,38,6,14.0,3.9,8
C0472,2025-02-01,332,28,38,3,9.4,,8
C0472,2025-03-01,350,30,38,4,10.3,4.2,8
C0472,2025-04-01,359,29,38,7,11.1,4.2,8
C0472,2025-05-01,376,29,38,8,6.9,4.4,9
C0472,2025-06-01,356,30,38,7,4.8,4.6,9
C0472,2025-07-01,388,32,38,4,4.1,4.2,9
C0472,2025-08-01,408,32,38,7,4.6,,9
C0473,2024-09-01,84,7,10,3,7.8,4.4,7
C0473,2024-10-01,80,7,10,3,9.4,,7
C0473,2024-11-01,80,7,10,4,15.0,4.2,8
C0473,2024-12-01,84,7,10,1,8.9,4.5,8
C0473,2025-01-01,77,7,10,2,11.9,4.3,7
C0473,2025-02-01,85,8,10,2,10.2,4.7,8
C0473,2025-03-01,93,8,10,2,4.7,4.1,8
C0473,2025-04-01,87,7,10,2,5.9,4.0,8
C0473,2025-05-01,79,8,10,1,7.3,4.5,8
C0473,2025-06-01,95,8,10,1,29.1,4.4,9
C0473,2025-07-01,91,8,10,3,7.9,4.3,9
C0473,2025-08-01,88,8,10,2,20.8,4.3,9
C0474,2024-09-01,61,4,6,1,4.1,4.0,8
C0474,2024-10-01,61,4,6,0,0.0,,7
C0474,2024-11-01,68,4,6,1,9.8,4.5,7
C0474,2024-12-01,62,4,6,1,9.0,4.6,7
C0474,2025-01-01,57,4,6,0,0.0,,8
C0474,2025-02-01,71,5,6,0,0.0,,8
C0474,2025-03-01,78,5,6,1,6.2,4.2,8
C0474,2025-04-01,78,5,6,4,18.4,4.4,8
C0474,2025-05-01,79,5,6,2,8.5,4.2,9
C0474,2025-06-01,77,5,6,1,15.7,4.6,8
C0474,2025-07-01,70,5,6,0,0.0,,9
C0474,2025-08-01,81,5,6,0,0.0,,9
C0475,2024-09-01,316,22,32,6,15.9,4.1,7
C0475,2024-10-01,328,23,32,7,5.2,4.7,7
C0475,2024-11-01,374,24,32,12,5.7,4.6,8
C0475,2024-12-01,312,23,32,5,20.7,4.5,8
C0475,2025-01-01,302,23,32,5,4.5,4.3,8
C0475,2025-02-01,318,22,32,5,5.2,,8
C0475,2025-03-01,358,24,32,8,6.7,4.1,8
C0475,2025-04-01,370,24,32,9,7.2,4.5,8
C0475,2025-05-01,340,23,32,9,11.2,4.5,9
C0475,2025-06-01,279,22,32,9,11.4,4.0,9
C0475,2025-07-01,318,23,32,6,11.5,4.8,8
C0475,2025-08-01,312,23,32,7,11.8,4.8,9
C0476,2024-09-01,484,68,100,14,13.1,4.0,7
C0476,2024-10-01,561,68,100,17,12.6,4.3,8
C0476,2024-11-01,599,76,100,23,9.8,4.1,8
C0476,2024-12-01,645,77,100,22,12.5,4.5,8
C0476,2025-01-01,539,68,100,16,20.6,4.8,8
C0476,2025-02-01,635,74,100,13,28.3,4.4,8
C0476,2025-03-01,548,67,100,24,7.3,4.3,9
C0476,2025-04-01,649,77,100,13,10.3,4.2,8
C0476,2025-05-01,556,72,100,8,8.7,,8
C0476,2025-06-01,616,80,100,14,5.4,4.5,9
C0476,2025-07-01,507,70,100,13,7.5,4.4,8
C0476,2025-08-01,516,70,100,19,10.5,4.4,9
C0477,2024-09-01,701,90,131,10,8.0,3.7,7
C0477,2024-10-01,759,92,131,11,22.5,3.9,7
C0477,2024-11-01,804,96,131,4,6.3,4.6,8
C0477,2024-12-01,768,98,131,10,9.2,4.4,8
C0477,2025-01-01,802,96,131,15,10.2,4.2,8
C0477,2025-02-01,844,98,131,9,12.4,4.3,8
C0477,2025-03-01,818,90,131,11,16.7,4.9,8
C0477,2025-04-01,747,90,131,7,5.7,4.3,8
C0477,2025-05-01,835,97,131,8,8.1,4.9,8
C0477,2025-06-01,717,92,131,12,12.4,,8
C0477,2025-07-01,714,90,131,14,20.1,4.7,8
C0477,2025-08-01,720,95,131,10,4.9,4.3,9
C0478,2024-09-01,106,9,12,1,4.8,4.6,7
C0478,2024-10-01,113,9,12,0,0.0,,7
C0478,2024-11-01,120,9,12,1,9.4,4.4,7
C0478,2024-12-01,111,9,12,2,19.5,4.2,8
C0478,2025-01-01,89,8,12,0,0.0,,7
C0478,2025-02-01,111,9,12,0,0.0,,8
C0478,2025-03-01,103,8,12,1,7.8,4.4,8
C0478,2025-04-01,113,9,12,0,0.0,,8
C0478,2025-05-01,114,9,12,2,11.2,4.3,8
C0478,2025-06-01,87,8,12,1,14.0,4.2,9
C0478,2025-07-01,102,9,12,3,4.7,4.6,8
C0478,2025-08-01,110,9,12,1,11.5,,8
C0479,2024-09-01,231,18,26,5,8.6,4.0,7
C0479,2024-10-01,220,19,26,4,5.6,4.7,7
C0479,2024-11-01,250,18,26,4,17.1,4.3,7
C0479,2024-12-01,252,19,26,7,8.9,4.7,8
C0479,2025-01-01,243,19,26,5,5.7,4.5,8
C0479,2025-02-01,234,18,26,4,11.1,,8
C0479,2025-03-01,268,19,26,5,9.6,4.3,8
C0479,2025-04-01,221,17,26,6,6.0,4.1,8
C0479,2025-05-01,282,20,26,6,3.8,4.4,8
C0479,2025-06-01,239,18,26,5,15.0,,9
C0479,2025-07-01,253,20,26,6,7.9,,9
C0479,2025-08-01,226,19,26,0,0.0,,9
C0480,2024-09-01,189,20,25,1,14.0,4.3,8
C0480,2024-10-01,189,20,25,2,10.9,4.3,8
C0480,2024-11-01,198,21,25,1,9.9,4.2,8
C0480,2024-12-01,180,19,25,2,13.8,4.4,8
C0480,2025-01-01,189,20,25,3,12.2,4.3,8
C0480,2025-02-01,198,21,25,2,4.9,4.4,8
C0480,2025-03-01,180,19,25,2,9.5,4.3,8
C0480,2025-04-01,189,20,25,4,10.5,4.5,8
C0480,2025-05-01,189,20,25,2,14.2,4.2,8
C0480,2025-06-01,30,8,25,6,9.8,3.0,4
C0480,2025-07-01,4,3,25,8,21.8,2.2,2
C0480,2025-08-01,0,0,25,2,31.5,2.3,1
C0481,2024-09-01,215,16,23,3,10.1,3.5,7
C0481,2024-10-01,221,17,23,2,9.9,4.2,7
C0481,2024-11-01,221,16,23,2,8.4,4.7,8
C0481,2024-12-01,234,18,23,7,24.0,4.4,7
C0481,2025-01-01,235,17,23,4,9.1,4.5,8
C0481,2025-02-01,204,17,23,6,11.4,4.3,8
C0481,2025-03-01,208,16,23,4,14.3,4.5,9
C0481,2025-04-01,227,17,23,6,8.6,4.4,8
C0481,2025-05-01,247,17,23,6,6.9,3.8,8
C0481,2025-06-01,207,17,23,6,3.8,4.8,9
C0481,2025-07-01,247,17,23,4,7.9,4.4,8
C0481,2025-08-01,242,17,23,0,0.0,,9
C0482,2024-09-01,225,25,33,1,8.0,4.4,7
C0482,2024-10-01,216,24,33,8,7.8,4.4,7
C0482,2024-11-01,216,24,33,8,11.6,4.2,7
C0482,2024-12-01,216,24,33,6,17.9,4.3,7
C0482,2025-01-01,216,24,33,5,10.7,4.3,7
C0482,2025-02-01,225,25,33,2,12.0,4.2,7
C0482,2025-03-01,225,25,33,6,8.3,4.4,7
C0482,2025-04-01,234,26,33,8,13.3,4.2,7
C0482,2025-05-01,225,25,33,8,11.8,4.1,7
C0482,2025-06-01,128,23,33,6,20.2,3.9,6
C0482,2025-07-01,54,11,33,11,14.1,3.0,5
C0482,2025-08-01,25,5,33,17,9.4,2.7,4
C0483,2024-09-01,248,24,31,2,12.4,,7
C0483,2024-10-01,242,22,31,4,5.7,4.1,7
C0483,2024-11-01,262,23,31,3,11.1,,7
C0483,2024-12-01,292,24,31,2,7.0,3.9,7
C0483,2025-01-01,264,23,31,3,19.2,4.6,8
C0483,2025-02-01,278,24,31,8,8.2,4.1,8
C0483,2025-03-01,253,24,31,6,4.9,,8
C0483,2025-04-01,284,25,31,8,6.1,4.6,8
C0483,2025-05-01,251,24,31,4,10.8,3.9,8
C0483,2025-06-01,273,23,31,2,8.2,4.4,8
C0483,2025-07-01,271,24,31,4,6.9,4.1,9
C0483,2025-08-01,280,25,31,7,18.7,4.3,9
C0484,2024-09-01,103,8,11,0,0.0,,7
C0484,2024-10-01,107,8,11,2,14.5,4.6,7
C0484,2024-11-01,93,8,11,0,0.0,,8
C0484,2024-12-01,83,8,11,2,10.0,4.6,8
C0484,2025-01-01,91,8,11,1,7.1,4.4,8
C0484,2025-02-01,92,8,11,0,0.0,,8
C0484,2025-03-01,110,9,11,0,0.0,,8
C0484,2025-04-01,86,8,11,3,7.7,4.6,8
C0484,2025-05-01,85,8,11,0,0.0,,8
C0484,2025-06-01,83,7,11,0,0.0,,8
C0484,2025-07-01,91,8,11,2,10.9,4.8,9
C0484,2025-08-01,91,8,11,0,0.0,,9
C0485,2024-09-01,342,35,49,8,8.0,4.8,7
C0485,2024-10-01,280,33,49,9,13.4,4.2,7
C0485,2024-11-01,285,35,49,10,12.7,4.6,8
C0485,2024-12-01,271,35,49,8,13.9,4.8,8
C0485,2025-01-01,273,37,49,9,9.1,4.1,8
C0485,2025-02-01,324,37,49,10,30.5,4.7,8
C0485,2025-03-01,311,39,49,4,14.8,4.1,9
C0485,2025-04-01,298,36,49,12,4.8,,8
C0485,2025-05-01,300,37,49,11,9.7,4.6,9
C0485,2025-06-01,330,38,49,16,11.2,4.1,9
C0485,2025-07-01,353,41,49,10,10.2,,9
C0485,2025-08-01,334,38,49,8,11.1,4.6,8
C0486,2024-09-01,364,29,38,5,8.6,4.4,7
C0486,2024-10-01,300,25,38,10,6.5,4.4,8
C0486,2024-11-01,339,26,38,5,24.4,4.7,8
C0486,2024-12-01,335,29,38,8,5.0,4.2,8
C0486,2025-01-01,362,29,38,3,6.8,,8
C0486,2025-02-01,341,29,38,4,23.8,,8
C0486,2025-03-01,369,28,38,4,12.9,4.5,8
C0486,2025-04-01,359,28,38,5,5.7,4.7,8
C0486,2025-05-01,307,25,38,4,23.9,4.6,8
C0486,2025-06-01,332,27,38,6,21.0,4.4,9
C0486,2025-07-01,379,28,38,6,9.8,4.8,9
C0486,2025-08-01,347,27,38,2,3.6,4.3,9
C0487,2024-09-01,865,63,85,9,7.5,4.3,7
C0487,2024-10-01,893,66,85,12,10.4,4.3,7
C0487,2024-11-01,802,67,85,15,8.1,4.9,8
C0487,2024-12-01,811,64,85,11,9.5,4.5,7
C0487,2025-01-01,897,65,85,7,6.8,4.5,8
C0487,2025-02-01,944,65,85,6,10.5,4.5,8
C0487,2025-03-01,890,69,85,10,12.7,4.5,8
C0487,2025-04-01,806,63,85,4,6.1,3.8,8
C0487,2025-05-01,912,65,85,9,16.8,4.9,8
C0487,2025-06-01,992,70,85,4,14.7,4.2,8
C0487,2025-07-01,1014,71,85,5,7.4,,9
C0487,2025-08-01,986,72,85,6,6.5,,9
C0488,2024-09-01,205,20,29,0,0.0,,8
C0488,2024-10-01,204,20,29,2,7.4,4.4,7
C0488,2024-11-01,213,22,29,1,28.2,4.4,7
C0488,2024-12-01,220,21,29,2,14.9,4.3,8
C0488,2025-01-01,216,22,29,1,33.1,,8
C0488,2025-02-01,216,21,29,2,10.0,4.6,8
C0488,2025-03-01,201,22,29,4,15.5,4.4,8
C0488,2025-04-01,220,21,29,3,26.2,4.5,8
C0488,2025-05-01,190,20,29,5,7.5,,9
C0488,2025-06-01,207,20,29,2,13.3,4.6,9
C0488,2025-07-01,235,22,29,2,11.4,4.4,9
C0488,2025-08-01,214,21,29,3,7.2,4.0,9
C0489,2024-09-01,1201,79,104,5,4.7,4.5,7
C0489,2024-10-01,1149,78,104,13,14.9,,8
C0489,2024-11-01,1098,72,104,16,13.1,4.5,7
C0489,2024-12-01,1067,77,104,6,18.7,4.5,8
C0489,2025-01-01,1122,77,104,10,6.1,4.4,8
C0489,2025-02-01,1008,75,104,11,5.9,3.5,8
C0489,2025-03-01,1039,76,104,3,9.2,4.7,8
C0489,2025-04-01,1224,77,104,9,12.5,4.1,8
C0489,2025-05-01,1052,76,104,7,12.0,4.7,8
C0489,2025-06-01,1122,75,104,6,16.1,,8
C0489,2025-07-01,1078,75,104,6,8.5,,8
C0489,2025-08-01,947,73,104,4,8.6,4.6,8
C0490,2024-09-01,1190,106,142,22,7.7,4.5,8
C0490,2024-10-01,1235,110,142,34,8.0,4.2,8
C0490,2024-11-01,1213,108,142,35,7.3,4.4,8
C0490,2024-12-01,1202,107,142,25,3.9,4.3,8
C0490,2025-01-01,1280,114,142,27,6.0,,8
C0490,2025-02-01,1303,116,142,31,8.0,4.6,8
C0490,2025-03-01,1247,111,142,48,4.2,4.3,8
C0490,2025-04-01,997,111,142,70,9.5,4.2,8
C0490,2025-05-01,907,101,142,62,20.6,3.8,8
C0490,2025-06-01,818,91,142,54,15.6,3.4,8
C0490,2025-07-01,728,81,142,75,13.0,2.9,8
C0490,2025-08-01,638,71,142,88,23.5,2.2,8
C0491,2024-09-01,252,34,44,1,6.5,4.3,8
C0491,2024-10-01,235,33,44,5,5.8,4.1,7
C0491,2024-11-01,211,31,44,1,10.6,4.1,7
C0491,2024-12-01,195,30,44,3,12.3,4.0,6
C0491,2025-01-01,174,28,44,3,13.2,3.9,6
C0491,2025-02-01,154,26,44,3,8.8,,5
C0491,2025-03-01,134,24,44,4,9.7,3.5,5
C0491,2025-04-01,117,22,44,6,9.4,3.5,4
C0491,2025-05-01,90,18,44,4,12.1,3.4,4
C0491,2025-06-01,89,19,44,3,28.8,3.2,3
C0491,2025-07-01,75,17,44,6,13.2,,3
C0491,2025-08-01,45,11,44,4,10.4,3.2,2
C0492,2024-09-01,56,5,7,2,17.2,4.7,8
C0492,2024-10-01,67,6,7,1,15.3,4.4,8
C0492,2024-11-01,67,6,7,4,14.5,4.1,7
C0492,2024-12-01,67,6,7,4,11.1,4.8,8
C0492,2025-01-01,67,6,7,2,4.1,4.2,8
C0492,2025-02-01,20,3,7,1,16.6,,5
C0492,2025-03-01,11,2,7,7,13.6,2.7,4
C0492,2025-04-01,20,3,7,0,0.0,,4
C0492,2025-05-01,45,4,7,2,10.9,4.1,8
C0492,2025-06-01,56,5,7,1,11.8,4.5,7
C0492,2025-07-01,56,5,7,1,4.3,4.8,7
C0492,2025-08-01,67,6,7,2,13.5,4.7,7
C0493,2024-09-01,78,8,11,1,5.8,4.6,8
C0493,2024-10-01,81,8,11,1,6.3,4.5,8
C0493,2024-11-01,91,9,11,2,18.0,4.3,7
C0493,2024-12-01,86,8,11,1,9.5,4.1,8
C0493,2025-01-01,86,9,11,0,0.0,,8
C0493,2025-02-01,88,8,11,1,13.0,4.9,8
C0493,2025-03-01,80,8,11,1,17.7,4.4,8
C0493,2025-04-01,87,8,11,1,9.3,4.5,8
C0493,2025-05-01,106,9,11,2,9.3,4.5,8
C0493,2025-06-01,87,8,11,0,0.0,,9
C0493,2025-07-01,85,8,11,0,0.0,,9
C0493,2025-08-01,98,9,11,2,9.9,4.6,9
C0494,2024-09-01,157,16,23,1,17.7,4.3,7
C0494,2024-10-01,147,15,23,4,7.8,4.7,7
C0494,2024-11-01,166,16,23,3,13.1,4.5,7
C0494,2024-12-01,176,17,23,2,6.8,4.4,8
C0494,2025-01-01,183,17,23,6,39.9,4.5,8
C0494,2025-02-01,178,17,23,3,9.3,4.7,8
C0494,2025-03-01,192,17,23,5,19.9,4.3,8
C0494,2025-04-01,184,17,23,0,0.0,,8
C0494,2025-05-01,162,16,23,3,11.0,4.7,8
C0494,2025-06-01,180,17,23,6,7.6,4.2,8
C0494,2025-07-01,180,17,23,2,5.7,4.3,9
C0494,2025-08-01,184,16,23,0,0.0,,9
C0495,2024-09-01,272,23,33,4,9.6,4.7,7
C0495,2024-10-01,242,23,33,11,8.6,4.4,7
C0495,2024-11-01,292,25,33,6,9.8,4.4,7
C0495,2024-12-01,267,25,33,8,10.0,4.1,8
C0495,2025-01-01,285,25,33,7,13.5,,8
C0495,2025-02-01,337,26,33,9,4.9,,8
C0495,2025-03-01,313,27,33,6,13.2,4.4,8
C0495,2025-04-01,306,27,33,5,8.4,4.5,9
C0495,2025-05-01,260,25,33,5,7.8,4.5,9
C0495,2025-06-01,313,27,33,7,3.5,3.8,9
C0495,2025-07-01,316,28,33,4,14.2,4.5,8
C0495,2025-08-01,261,26,33,6,6.3,4.3,9
C0496,2024-09-01,278,29,41,7,17.3,4.5,7
C0496,2024-10-01,275,30,41,3,5.6,4.5,8
C0496,2024-11-01,260,29,41,5,7.3,3.7,7
C0496,2024-12-01,266,31,41,8,7.9,4.0,7
C0496,2025-01-01,256,28,41,4,9.2,4.7,7
C0496,2025-02-01,278,31,41,5,8.6,4.7,8
C0496,2025-03-01,277,31,41,8,6.8,4.5,8
C0496,2025-04-01,275,30,41,4,16.5,5.1,8
C0496,2025-05-01,277,31,41,2,14.0,4.1,8
C0496,2025-06-01,247,31,41,6,9.8,4.5,9
C0496,2025-07-01,264,30,41,4,8.8,4.2,9
C0496,2025-08-01,246,30,41,8,5.0,4.2,9
C0497,2024-09-01,879,75,105,8,8.8,4.4,7
C0497,2024-10-01,858,72,105,21,16.1,5.0,8
C0497,2024-11-01,891,77,105,23,12.9,5.0,7
C0497,2024-12-01,901,72,105,17,5.3,4.3,7
C0497,2025-01-01,1001,80,105,21,5.6,4.5,8
C0497,2025-02-01,1091,82,105,14,15.0,4.4,8
C0497,2025-03-01,1048,80,105,18,8.8,4.3,8
C0497,2025-04-01,1044,86,105,21,4.4,4.9,8
C0497,2025-05-01,984,80,105,11,10.5,4.5,9
C0497,2025-06-01,969,81,105,21,14.4,4.2,8
C0497,2025-07-01,1040,83,105,15,9.8,4.5,9
C0497,2025-08-01,1130,92,105,10,5.0,4.4,9
C0498,2024-09-01,314,24,30,3,5.6,4.3,8
C0498,2024-10-01,263,21,30,1,6.2,4.3,7
C0498,2024-11-01,240,20,30,4,9.1,,7
C0498,2024-12-01,229,20,30,1,13.4,4.0,6
C0498,2025-01-01,186,17,30,5,9.5,3.7,6
C0498,2025-02-01,177,17,30,2,8.3,3.7,5
C0498,2025-03-01,158,16,30,6,6.5,3.6,5
C0498,2025-04-01,121,13,30,4,10.9,3.7,4
C0498,2025-05-01,114,13,30,8,7.4,3.5,4
C0498,2025-06-01,91,11,30,9,5.2,3.5,3
C0498,2025-07-01,77,10,30,8,14.0,3.2,3
C0498,2025-08-01,72,10,30,5,10.1,2.9,2
C0499,2024-09-01,861,69,85,21,14.0,4.3,8
C0499,2024-10-01,754,63,85,22,9.1,,7
C0499,2024-11-01,688,60,85,23,3.3,4.1,7
C0499,2024-12-01,591,54,85,24,10.1,3.9,6
C0499,2025-01-01,564,54,85,18,15.4,3.6,6
C0499,2025-02-01,487,49,85,21,4.7,,5
C0499,2025-03-01,405,43,85,23,5.8,3.6,5
C0499,2025-04-01,356,40,85,19,7.4,3.5,4
C0499,2025-05-01,328,39,85,17,13.6,3.5,4
C0499,2025-06-01,268,34,85,19,10.5,,3
C0499,2025-07-01,221,30,85,33,12.8,2.9,3
C0499,2025-08-01,172,25,85,23,16.5,3.3,2
C0500,2024-09-01,351,35,48,12,7.0,4.0,7
C0500,2024-10-01,359,34,48,17,12.8,4.0,7
C0500,2024-11-01,328,35,48,8,11.6,4.6,8
C0500,2024-12-01,336,37,48,5,8.9,4.3,8
C0500,2025-01-01,314,35,48,8,9.7,4.1,8
C0500,2025-02-01,374,36,48,16,14.4,,8
C0500,2025-03-01,397,37,48,9,22.5,4.4,8
C0500,2025-04-01,363,34,48,8,17.8,,9
C0500,2025-05-01,343,35,48,6,8.1,4.4,8
C0500,2025-06-01,377,37,48,12,11.6,4.3,8
C0500,2025-07-01,306,35,48,10,13.3,4.7,8
C0500,2025-08-01,377,34,48,11,21.5,,9
